{"type":"FeatureCollection","attribution":"\u00a9 OpenStreetMap contributors (ODbL)","features":[{"type":"Feature","id":"tol-dalam-kota","geometry":{"type":"MultiLineString","coordinates":[[[106.82597,-6.23605],[106.82301,-6.23408],[106.82258,-6.23376],[106.8216,-6.2329],[106.82155,-6.23284],[106.82101,-6.23219],[106.82001,-6.23077],[106.81892,-6.2291],[106.81749,-6.22701],[106.81711,-6.22644]],[[106.82958,-6.23835],[106.82597,-6.23605]],[[106.81206,-6.21883],[106.81231,-6.2192],[106.81265,-6.21969],[106.81282,-6.21995]],[[106.81274,-6.22001],[106.81198,-6.2189]],[[106.82074,-6.23153],[106.82116,-6.23211],[106.82167,-6.23278],[106.82208,-6.23318],[106.82266,-6.23366],[106.82308,-6.23397],[106.82489,-6.23518],[106.82605,-6.23595]],[[106.82605,-6.23595],[106.82705,-6.23658],[106.82874,-6.23765],[106.82965,-6.23823]],[[106.86792,-6.24436],[106.86777,-6.2443],[106.86724,-6.24411],[106.86654,-6.24386],[106.86583,-6.24362],[106.86515,-6.24342],[106.86469,-6.24331],[106.86419,-6.24323],[106.86373,-6.24319],[106.86326,-6.24317],[106.86274,-6.24316]],[[106.84025,-6.24215],[106.84072,-6.24226],[106.84086,-6.24231],[106.84104,-6.24237],[106.84144,-6.24251],[106.84162,-6.24259],[106.84204,-6.24281],[106.84243,-6.24299]],[[106.79678,-6.18229],[106.79674,-6.18181],[106.79669,-6.18154],[106.79659,-6.18097]],[[106.86796,-6.24424],[106.86852,-6.24445],[106.86886,-6.24458]],[[106.79646,-6.18006],[106.79655,-6.18032],[106.79662,-6.18056],[106.79666,-6.1807],[106.79672,-6.18096]],[[106.79622,-6.17977],[106.79608,-6.17947],[106.79598,-6.17928],[106.79587,-6.17909],[106.79573,-6.17887],[106.79557,-6.17865]],[[106.793,-6.17612],[106.79287,-6.176],[106.79232,-6.17549],[106.7921,-6.1753],[106.79115,-6.17442],[106.7905,-6.17382],[106.79027,-6.17359],[106.79005,-6.17335],[106.78987,-6.17317],[106.78972,-6.17298],[106.78955,-6.17279],[106.78942,-6.17261],[106.7893,-6.17245],[106.78916,-6.17226],[106.78902,-6.17205],[106.78892,-6.17186],[106.78878,-6.17162],[106.78869,-6.17143],[106.78855,-6.17112],[106.78843,-6.17079],[106.78833,-6.17048],[106.78828,-6.17029],[106.78822,-6.17006],[106.78818,-6.16985],[106.78814,-6.16949]],[[106.7957,-6.17859],[106.79578,-6.17875],[106.79586,-6.17887],[106.79601,-6.1791],[106.79611,-6.17927],[106.79623,-6.17951],[106.79633,-6.17972]],[[106.87182,-6.24572],[106.87177,-6.24571],[106.87066,-6.24537]],[[106.87066,-6.24537],[106.86883,-6.2447]],[[106.78826,-6.16717],[106.78831,-6.16695],[106.78836,-6.16676],[106.7884,-6.1666],[106.78848,-6.16637],[106.78853,-6.16623],[106.78861,-6.16604],[106.7887,-6.16579],[106.78929,-6.16444]],[[106.78826,-6.16948],[106.78828,-6.16962],[106.78831,-6.16983],[106.78835,-6.17006],[106.78841,-6.17035],[106.78845,-6.17047],[106.7885,-6.1706],[106.78872,-6.17114],[106.78884,-6.17141],[106.78891,-6.17156],[106.78898,-6.17168],[106.78907,-6.17183],[106.78917,-6.17201],[106.78935,-6.17227],[106.78949,-6.17247],[106.78989,-6.17293],[106.79013,-6.17321],[106.79037,-6.17346],[106.79058,-6.17368],[106.79088,-6.17396],[106.79128,-6.1743]],[[106.78929,-6.16444],[106.7897,-6.16335]],[[106.78829,-6.16755],[106.78827,-6.1677],[106.78823,-6.16802],[106.78822,-6.1682],[106.78821,-6.1684],[106.7882,-6.16861],[106.78821,-6.16883],[106.78823,-6.16915],[106.78826,-6.16948]],[[106.79201,-6.14889],[106.79206,-6.14898],[106.79213,-6.14912],[106.7923,-6.14945],[106.79246,-6.14976],[106.79262,-6.15008],[106.7928,-6.15044],[106.79297,-6.15079],[106.79319,-6.1512],[106.79338,-6.15154],[106.79351,-6.15178],[106.79357,-6.1519],[106.79366,-6.15209],[106.79372,-6.15222],[106.7938,-6.15241],[106.79385,-6.15254],[106.79389,-6.15268],[106.79393,-6.15284],[106.79397,-6.15304],[106.79399,-6.15325],[106.794,-6.15348],[106.79401,-6.15362],[106.79399,-6.15384],[106.79397,-6.15401],[106.79393,-6.15425],[106.79383,-6.15456],[106.79376,-6.15477],[106.79364,-6.15508],[106.79348,-6.15546],[106.79332,-6.15584],[106.79318,-6.1562],[106.79303,-6.15656],[106.79276,-6.15719],[106.79255,-6.15766],[106.79235,-6.15813],[106.79227,-6.15832],[106.79218,-6.15853],[106.79206,-6.15877],[106.79195,-6.15899],[106.79178,-6.15935],[106.79162,-6.15964],[106.79152,-6.15984],[106.79138,-6.16008],[106.79126,-6.16031],[106.7911,-6.16058],[106.79098,-6.16079],[106.79081,-6.16119],[106.79068,-6.16147],[106.79056,-6.16172],[106.79042,-6.16204],[106.79029,-6.16237],[106.7901,-6.16278],[106.78996,-6.16309],[106.78983,-6.1634]],[[106.78983,-6.1634],[106.7894,-6.16447]],[[106.7897,-6.16335],[106.79041,-6.16169],[106.79082,-6.16078],[106.79098,-6.16042],[106.79107,-6.16021],[106.79146,-6.1593],[106.79189,-6.15832],[106.79257,-6.15675],[106.79303,-6.15567],[106.79331,-6.15499],[106.79348,-6.15458],[106.79353,-6.15446],[106.79358,-6.15434],[106.79368,-6.15401],[106.79373,-6.15381],[106.79376,-6.15366],[106.79377,-6.15354],[106.79378,-6.15342],[106.79378,-6.15325],[106.79378,-6.1531],[106.79377,-6.15298],[106.79375,-6.15284],[106.79373,-6.15271],[106.7937,-6.15256],[106.79364,-6.15237],[106.79354,-6.15212],[106.79348,-6.15197],[106.79339,-6.15177],[106.79276,-6.15059],[106.79199,-6.14912],[106.79084,-6.14693],[106.78886,-6.14322],[106.7879,-6.14142],[106.78672,-6.13915],[106.78657,-6.13874],[106.78643,-6.1383],[106.78634,-6.13803],[106.78627,-6.13778],[106.78621,-6.13754],[106.78618,-6.13736],[106.78612,-6.13704],[106.78606,-6.13677]],[[106.84243,-6.24299],[106.84281,-6.24313],[106.84319,-6.24323],[106.84349,-6.24326],[106.84399,-6.24329],[106.84447,-6.24333]],[[106.84242,-6.2431],[106.84164,-6.24272],[106.84114,-6.24253],[106.84084,-6.24242],[106.84054,-6.24235],[106.83928,-6.24207],[106.83769,-6.24169],[106.83535,-6.24113],[106.83452,-6.24094],[106.83337,-6.24061]],[[106.84447,-6.24333],[106.8459,-6.24338],[106.84671,-6.2434],[106.84752,-6.24334]],[[106.84516,-6.24348],[106.84434,-6.24342],[106.844,-6.2434],[106.84348,-6.24336],[106.8431,-6.24331],[106.84276,-6.24322],[106.84242,-6.2431]],[[106.85887,-6.2431],[106.85897,-6.2431]],[[106.8584,-6.24311],[106.85887,-6.2431]],[[106.85123,-6.24327],[106.84807,-6.24344],[106.84748,-6.24348],[106.8474,-6.24348]],[[106.85889,-6.24322],[106.85842,-6.24322]],[[106.86242,-6.24317],[106.85889,-6.24322]],[[106.86274,-6.24316],[106.86242,-6.24317]],[[106.86242,-6.24305],[106.86273,-6.24305]],[[106.86273,-6.24305],[106.86311,-6.24305],[106.86356,-6.24306],[106.86401,-6.2431],[106.86438,-6.24314],[106.86485,-6.24322],[106.86523,-6.24331],[106.86569,-6.24343],[106.8665,-6.2437],[106.86725,-6.24397],[106.86796,-6.24424]],[[106.86883,-6.2447],[106.86841,-6.24454],[106.86792,-6.24436]],[[106.86886,-6.24458],[106.86944,-6.24479],[106.87016,-6.24504],[106.87069,-6.24523]],[[106.85403,-6.24325],[106.8538,-6.24325]],[[106.85842,-6.24322],[106.85755,-6.24324],[106.85491,-6.24324],[106.85403,-6.24325]],[[106.85403,-6.24313],[106.85499,-6.24313],[106.85621,-6.24312],[106.85712,-6.24311],[106.8584,-6.24311]],[[106.8538,-6.24313],[106.85403,-6.24313]],[[106.84752,-6.24334],[106.84841,-6.24329],[106.84983,-6.24322],[106.85118,-6.24315]],[[106.8474,-6.24348],[106.84726,-6.24349],[106.84668,-6.24351],[106.84602,-6.2435],[106.84516,-6.24348]],[[106.7978,-6.19724],[106.79747,-6.19595],[106.79737,-6.19545],[106.79729,-6.19497],[106.79726,-6.19472],[106.7972,-6.19379],[106.79718,-6.19309]],[[106.79703,-6.18569],[106.79707,-6.18663],[106.7971,-6.18748],[106.79713,-6.18845],[106.79717,-6.18942],[106.7972,-6.19012],[106.79723,-6.19086],[106.79725,-6.1916],[106.79728,-6.19253],[106.79732,-6.19368],[106.79734,-6.19417],[106.79736,-6.19467],[106.79748,-6.19542],[106.7977,-6.19644]],[[106.81705,-6.2261],[106.81723,-6.22638]],[[106.81282,-6.21995],[106.81302,-6.22023],[106.81335,-6.2207],[106.81357,-6.22103],[106.81391,-6.22152],[106.81427,-6.22205],[106.81457,-6.22247],[106.81486,-6.2229],[106.81517,-6.22336],[106.81542,-6.22372],[106.81581,-6.22429],[106.81599,-6.22454],[106.8162,-6.22486]],[[106.81693,-6.22618],[106.81587,-6.22462]],[[106.81711,-6.22644],[106.81693,-6.22618]],[[106.87155,-6.24549],[106.87181,-6.24556],[106.87194,-6.24559],[106.87223,-6.24567]],[[106.87803,-6.2391],[106.87801,-6.23869],[106.87793,-6.23816],[106.87789,-6.23794],[106.87781,-6.23759],[106.87766,-6.23702],[106.8774,-6.23597],[106.87716,-6.23506],[106.87695,-6.23422],[106.87675,-6.2334],[106.8764,-6.232]],[[106.79672,-6.18096],[106.79677,-6.18128],[106.79683,-6.18159],[106.79687,-6.18187],[106.7969,-6.18227],[106.79691,-6.18261],[106.79693,-6.18301],[106.79695,-6.18347],[106.79697,-6.18384],[106.79698,-6.18421]],[[106.79659,-6.18097],[106.79656,-6.18077],[106.7965,-6.18054],[106.79643,-6.18032],[106.79636,-6.18012],[106.79622,-6.17977]],[[106.79633,-6.17972],[106.79639,-6.17989],[106.79646,-6.18006]],[[106.7977,-6.19644],[106.79784,-6.19695],[106.79803,-6.19759]],[[106.79803,-6.19759],[106.79832,-6.19858]],[[106.797,-6.18468],[106.79701,-6.18482],[106.79702,-6.18519],[106.79703,-6.18569]],[[106.8391,-6.24189],[106.83957,-6.242]],[[106.83747,-6.24148],[106.8391,-6.24189]],[[106.82965,-6.23823],[106.83098,-6.23907],[106.83209,-6.23978],[106.83264,-6.24012],[106.83317,-6.24037],[106.83352,-6.24051],[106.8337,-6.24057],[106.83509,-6.24095],[106.83639,-6.24124],[106.83747,-6.24148]],[[106.82043,-6.23108],[106.82074,-6.23153]],[[106.81723,-6.22638],[106.81759,-6.22691],[106.81808,-6.22761],[106.81836,-6.22801],[106.81899,-6.22897],[106.81958,-6.22984],[106.82043,-6.23108]],[[106.87673,-6.23293],[106.87679,-6.23312],[106.87775,-6.23699]],[[106.8781,-6.23891],[106.87809,-6.23933],[106.87807,-6.23956],[106.87805,-6.23974],[106.87796,-6.24014],[106.87789,-6.2404],[106.87749,-6.2416],[106.87738,-6.24212],[106.87733,-6.24245]],[[106.79691,-6.18569],[106.7969,-6.18538],[106.79689,-6.18497]],[[106.7981,-6.19824],[106.7978,-6.19724]],[[106.79822,-6.1986],[106.7981,-6.19824]],[[106.79714,-6.19223],[106.79713,-6.1916],[106.79712,-6.19143],[106.7971,-6.19082],[106.79708,-6.19023]],[[106.79708,-6.19023],[106.79705,-6.18965],[106.79697,-6.18749],[106.79694,-6.18664],[106.79691,-6.18569]],[[106.79687,-6.18425],[106.79686,-6.18347],[106.79682,-6.18271],[106.79678,-6.18229]],[[106.78818,-6.16749],[106.78824,-6.16722]],[[106.78814,-6.16949],[106.78809,-6.16908],[106.78807,-6.16873],[106.78809,-6.16822],[106.78811,-6.16797],[106.78813,-6.16774],[106.78818,-6.16749]],[[106.78835,-6.16728],[106.78829,-6.16755]],[[106.7894,-6.16447],[106.78909,-6.16518],[106.78883,-6.16575],[106.78867,-6.16617],[106.78858,-6.1664],[106.78851,-6.16663],[106.78839,-6.16705],[106.78837,-6.16719]],[[106.85118,-6.24315],[106.85171,-6.24314],[106.85208,-6.24313]],[[106.85208,-6.24313],[106.85223,-6.24313],[106.8531,-6.24313],[106.8538,-6.24313]],[[106.79422,-6.17702],[106.79442,-6.17721],[106.79456,-6.17735],[106.79473,-6.17751],[106.79485,-6.17763],[106.79494,-6.17772],[106.795,-6.17778],[106.79514,-6.17793],[106.79536,-6.17817],[106.79555,-6.1784],[106.7957,-6.17859]],[[106.79698,-6.18421],[106.797,-6.18468]],[[106.79557,-6.17865],[106.79532,-6.17831],[106.79501,-6.17797],[106.79476,-6.17772],[106.79332,-6.17639],[106.793,-6.17612]],[[106.79689,-6.18473],[106.79688,-6.18459]],[[106.87754,-6.24111],[106.87769,-6.24065],[106.87778,-6.2404],[106.87787,-6.24013],[106.87794,-6.23984],[106.87799,-6.23959],[106.87802,-6.23932],[106.87803,-6.2391]],[[106.87775,-6.23699],[106.87795,-6.23781],[106.87798,-6.23797],[106.87807,-6.23852],[106.8781,-6.23891]],[[106.81557,-6.22416],[106.81384,-6.22161],[106.81324,-6.22076],[106.81274,-6.22001]],[[106.79688,-6.18459],[106.79687,-6.18425]],[[106.81587,-6.22462],[106.81557,-6.22416]],[[106.79718,-6.19309],[106.79714,-6.19223]],[[106.79689,-6.18497],[106.79689,-6.18473]],[[106.87069,-6.24523],[106.87108,-6.24535],[106.87155,-6.24549]],[[106.85192,-6.24325],[106.85123,-6.24327]],[[106.8538,-6.24325],[106.85226,-6.24324],[106.85192,-6.24325]],[[106.85897,-6.2431],[106.85969,-6.24309],[106.86062,-6.24308],[106.8618,-6.24306],[106.86242,-6.24305]],[[106.78709,-6.1396],[106.78717,-6.13975]],[[106.78576,-6.13531],[106.78593,-6.13586],[106.78604,-6.13629],[106.78611,-6.13658],[106.78618,-6.13691],[106.78627,-6.13734],[106.78636,-6.13769],[106.78646,-6.13801],[106.78654,-6.13827],[106.7866,-6.13842],[106.78671,-6.13873],[106.78681,-6.139],[106.78704,-6.13951],[106.78709,-6.1396]],[[106.78606,-6.13677],[106.78597,-6.13641],[106.78592,-6.13621],[106.78584,-6.13588],[106.78582,-6.13582]],[[106.78582,-6.13582],[106.78573,-6.13552]],[[106.78573,-6.13552],[106.78554,-6.1349]],[[106.87733,-6.24245],[106.87728,-6.24276],[106.87727,-6.24326],[106.87727,-6.24339]],[[106.83957,-6.242],[106.84025,-6.24215]],[[106.87727,-6.24339],[106.87727,-6.24346]],[[106.83337,-6.24061],[106.83315,-6.24052],[106.83302,-6.24045],[106.83256,-6.24021],[106.83204,-6.23988],[106.83134,-6.23944],[106.82958,-6.23835]],[[106.8162,-6.22486],[106.81653,-6.22534],[106.81705,-6.2261]],[[106.79128,-6.1743],[106.79136,-6.17438],[106.7916,-6.17462],[106.79189,-6.17489]],[[106.79189,-6.17489],[106.79203,-6.17502],[106.79221,-6.1752],[106.79237,-6.17534],[106.79268,-6.17563],[106.79294,-6.17586],[106.79322,-6.17611],[106.79355,-6.17641],[106.79374,-6.17659],[106.79394,-6.17677],[106.79422,-6.17702]],[[106.78837,-6.16719],[106.78835,-6.16728]],[[106.78824,-6.16722],[106.78826,-6.16717]],[[106.79126,-6.14748],[106.79143,-6.14778],[106.79165,-6.1482],[106.79189,-6.14865],[106.79198,-6.14882],[106.79201,-6.14889]],[[106.78717,-6.13975],[106.78724,-6.1399],[106.78737,-6.14016],[106.7875,-6.14042],[106.78771,-6.14082],[106.78794,-6.14125],[106.78817,-6.14167],[106.78836,-6.14202],[106.78855,-6.14237],[106.78878,-6.14281],[106.78906,-6.14334],[106.78931,-6.14379],[106.78952,-6.1442],[106.78978,-6.14469],[106.78996,-6.14502],[106.79013,-6.14535],[106.79032,-6.1457],[106.79054,-6.14612],[106.7908,-6.1466],[106.79098,-6.14695],[106.79115,-6.14726],[106.79126,-6.14748]]]},"properties":{"length_km":16.7,"focus":[106.79832,-6.19858],"osm_ways":107}},{"type":"Feature","id":"tol-jorr","geometry":{"type":"MultiLineString","coordinates":[[[106.88367,-6.3058],[106.88489,-6.30577]],[[106.88491,-6.30594],[106.88366,-6.30596]],[[106.87356,-6.30803],[106.87429,-6.30785]],[[106.87432,-6.30798],[106.87359,-6.30816]],[[106.87102,-6.30868],[106.87074,-6.3087],[106.87064,-6.3087],[106.87031,-6.3087],[106.86996,-6.30867],[106.86961,-6.30861],[106.86916,-6.30849],[106.86882,-6.30836],[106.86785,-6.30789],[106.86615,-6.30707]],[[106.85799,-6.30557],[106.85883,-6.30552]],[[106.85883,-6.30552],[106.85892,-6.30552]],[[106.86221,-6.30557],[106.86157,-6.30556],[106.86045,-6.3056]],[[106.86615,-6.30707],[106.86401,-6.306]],[[106.86405,-6.3059],[106.86619,-6.30695]],[[106.8566,-6.30567],[106.85628,-6.30562],[106.85598,-6.30557],[106.8558,-6.30553],[106.8557,-6.3055],[106.85546,-6.30543],[106.85384,-6.30483],[106.85376,-6.3048],[106.85345,-6.3047],[106.85322,-6.30464],[106.85302,-6.30459],[106.85276,-6.30454],[106.85236,-6.30448],[106.85205,-6.30446],[106.85194,-6.30446]],[[106.95799,-6.25516],[106.95796,-6.25473],[106.95792,-6.2543],[106.95789,-6.25414]],[[106.85032,-6.30426],[106.85122,-6.30429]],[[106.85122,-6.30443],[106.8503,-6.30438]],[[106.85122,-6.30429],[106.85207,-6.30433],[106.85246,-6.30437],[106.85275,-6.30442],[106.853,-6.30447],[106.85323,-6.30452],[106.85349,-6.30459],[106.8538,-6.30469],[106.85557,-6.30532],[106.85583,-6.3054],[106.85614,-6.30546],[106.85635,-6.30549]],[[106.82269,-6.29404],[106.8224,-6.29392],[106.82213,-6.29381],[106.82211,-6.2938]],[[106.82527,-6.295],[106.82538,-6.29505],[106.82571,-6.29523],[106.82578,-6.29526],[106.82647,-6.29562],[106.82712,-6.29595],[106.82796,-6.29639],[106.82866,-6.29677],[106.82917,-6.29704],[106.82933,-6.29712],[106.82993,-6.29744],[106.83055,-6.29778],[106.83087,-6.29797],[106.83119,-6.29816],[106.83144,-6.2983],[106.83156,-6.29837]],[[106.82217,-6.29366],[106.82246,-6.29377],[106.82273,-6.29389],[106.82275,-6.29389]],[[106.82211,-6.2938],[106.82179,-6.29367]],[[106.83797,-6.30231],[106.83818,-6.3024],[106.83844,-6.3025],[106.83868,-6.30258],[106.83892,-6.30265],[106.83907,-6.30269],[106.83922,-6.30274],[106.83961,-6.30284],[106.84003,-6.30294],[106.84051,-6.30304],[106.84193,-6.3033]],[[106.83343,-6.29977],[106.83297,-6.29947],[106.83252,-6.29917],[106.83162,-6.29859],[106.83128,-6.29839],[106.8309,-6.29817],[106.83055,-6.29796],[106.82989,-6.2976],[106.82903,-6.29714],[106.82858,-6.2969],[106.82766,-6.29642],[106.82681,-6.29597],[106.82521,-6.29515]],[[106.94238,-6.16942],[106.94133,-6.16328],[106.941,-6.16158],[106.94084,-6.16013],[106.94078,-6.1596]],[[106.94251,-6.16938],[106.94289,-6.17234]],[[106.94278,-6.17238],[106.94238,-6.16942]],[[106.94289,-6.17234],[106.94308,-6.17459],[106.94312,-6.17668],[106.94313,-6.17784],[106.94311,-6.17919],[106.94307,-6.18027]],[[106.93956,-6.14186],[106.93984,-6.14289],[106.93994,-6.14329],[106.94,-6.14374],[106.94009,-6.14515],[106.94014,-6.14609],[106.94018,-6.14656],[106.94025,-6.14779],[106.94032,-6.14962],[106.94035,-6.15014]],[[106.94302,-6.18391],[106.94304,-6.18477]],[[106.9429,-6.18477],[106.94289,-6.18391]],[[106.94298,-6.17817],[106.94299,-6.17782],[106.94298,-6.17671],[106.94296,-6.17519],[106.94294,-6.1746],[106.94278,-6.17238]],[[106.89903,-6.30902],[106.90114,-6.31059],[106.90148,-6.3108],[106.90175,-6.31094],[106.90208,-6.31107],[106.90237,-6.31117],[106.90254,-6.31122],[106.90263,-6.31123]],[[106.9581,-6.25683],[106.9581,-6.2569],[106.9581,-6.25711],[106.9581,-6.25717],[106.9581,-6.25765],[106.95809,-6.258],[106.95808,-6.25879],[106.95807,-6.25897]],[[106.95796,-6.25682],[106.95798,-6.25589]],[[106.95785,-6.25389],[106.95778,-6.25355],[106.95767,-6.25314],[106.95758,-6.25283],[106.95734,-6.25218],[106.95671,-6.25046]],[[106.95798,-6.25389],[106.95801,-6.25411]],[[106.95801,-6.25411],[106.95804,-6.25428],[106.95808,-6.25458],[106.9581,-6.25481],[106.95811,-6.25522],[106.95811,-6.2559]],[[106.95811,-6.25597],[106.9581,-6.25683]],[[106.95789,-6.25414],[106.95785,-6.25389]],[[106.95792,-6.25955],[106.95792,-6.25954],[106.95793,-6.25925],[106.95793,-6.25913],[106.95793,-6.25912],[106.95793,-6.25896]],[[106.95793,-6.25896],[106.95794,-6.25845],[106.95794,-6.25788],[106.95794,-6.25768],[106.95794,-6.25748],[106.95794,-6.2573],[106.95794,-6.25717],[106.95793,-6.25696],[106.95796,-6.25682]],[[106.95807,-6.25897],[106.95807,-6.25914],[106.95807,-6.25916],[106.95806,-6.25956]],[[106.95905,-6.27155],[106.95932,-6.27484],[106.95942,-6.27652],[106.95943,-6.27851],[106.95937,-6.28116],[106.9593,-6.28398],[106.95929,-6.2844],[106.95928,-6.28448],[106.95916,-6.28705],[106.95906,-6.28793],[106.95898,-6.28846],[106.95862,-6.29001],[106.95854,-6.29031],[106.9584,-6.29075],[106.95807,-6.2917]],[[106.73008,-6.18477],[106.73047,-6.18626],[106.73076,-6.18735]],[[106.76435,-6.25298],[106.76436,-6.253],[106.76442,-6.25324],[106.76444,-6.25334],[106.76453,-6.25364]],[[106.76675,-6.2613],[106.7661,-6.2598],[106.76577,-6.25887],[106.76555,-6.25805]],[[106.76591,-6.25884],[106.76608,-6.25934],[106.76629,-6.25989],[106.76684,-6.26123]],[[106.95278,-6.21836],[106.95267,-6.21714],[106.95261,-6.21677],[106.95242,-6.21559]],[[106.95293,-6.21837],[106.95299,-6.21935],[106.953,-6.21947],[106.95301,-6.21998]],[[106.95288,-6.21996],[106.95288,-6.21955],[106.95287,-6.21943],[106.95284,-6.21892],[106.95278,-6.21836]],[[106.9523,-6.22737],[106.95216,-6.22798],[106.95215,-6.22803],[106.95138,-6.23187],[106.95127,-6.23252],[106.95125,-6.23289],[106.95122,-6.23364],[106.95122,-6.23432],[106.95127,-6.23503],[106.95135,-6.23568],[106.9514,-6.23599],[106.95148,-6.23642],[106.95158,-6.23684],[106.95168,-6.23722],[106.95175,-6.2375],[106.95186,-6.23784],[106.95197,-6.23815],[106.95214,-6.23862],[106.95225,-6.23887],[106.95238,-6.23917],[106.95252,-6.23949],[106.95266,-6.23979],[106.953,-6.24044],[106.95319,-6.24081],[106.95335,-6.24112],[106.95351,-6.24143],[106.95371,-6.2418],[106.95394,-6.24221],[106.9541,-6.2425],[106.95428,-6.24285],[106.95445,-6.24316]],[[106.73231,-6.12047],[106.73154,-6.12164],[106.73121,-6.12219],[106.73088,-6.12284],[106.73072,-6.12318],[106.73057,-6.12357]],[[106.73118,-6.12197],[106.73146,-6.12146]],[[106.81707,-6.29243],[106.81664,-6.2924],[106.81629,-6.29238],[106.81626,-6.29238]],[[106.81627,-6.29222],[106.81667,-6.29224],[106.81705,-6.29226],[106.81708,-6.29226]],[[106.81708,-6.29226],[106.81793,-6.29232],[106.81838,-6.29237],[106.81859,-6.2924],[106.8186,-6.29241],[106.81898,-6.29249],[106.81912,-6.29252],[106.81922,-6.29255],[106.81968,-6.29269],[106.82035,-6.29294],[106.82043,-6.29297]],[[106.78355,-6.29146],[106.78325,-6.29135],[106.78296,-6.29125],[106.78271,-6.29116],[106.78146,-6.29076],[106.78115,-6.29066],[106.78096,-6.29059],[106.78083,-6.29054],[106.78059,-6.29044],[106.78037,-6.29035],[106.78024,-6.29029],[106.78023,-6.29029]],[[106.95794,-6.29169],[106.95829,-6.29066],[106.95844,-6.29021],[106.95882,-6.28858],[106.9589,-6.28796],[106.95899,-6.28702],[106.95906,-6.2858],[106.95912,-6.28393],[106.95921,-6.28116],[106.95932,-6.27808],[106.95931,-6.27679],[106.95921,-6.27491],[106.95901,-6.27274],[106.95891,-6.27156]],[[106.95807,-6.2917],[106.95767,-6.29267]],[[106.95758,-6.29259],[106.95794,-6.29169]],[[106.91365,-6.31214],[106.9132,-6.31214]],[[106.9132,-6.31202],[106.91374,-6.31201]],[[106.90327,-6.31148],[106.90289,-6.31142],[106.90261,-6.31136],[106.90232,-6.31129],[106.90198,-6.31117],[106.90164,-6.31102]],[[106.91617,-6.3119],[106.91679,-6.31186],[106.91752,-6.31178],[106.91843,-6.31165]],[[106.93647,-6.30761],[106.93532,-6.30819],[106.93421,-6.30867],[106.93345,-6.30896],[106.93227,-6.30935],[106.93133,-6.30958],[106.93043,-6.30977],[106.92636,-6.31044]],[[106.92054,-6.31127],[106.92103,-6.31119]],[[106.92104,-6.31133],[106.9205,-6.31142]],[[106.9205,-6.31142],[106.91935,-6.31163],[106.91858,-6.31175]],[[106.95229,-6.21462],[106.95254,-6.2155]],[[106.95254,-6.2155],[106.95255,-6.21571],[106.95268,-6.21627],[106.9528,-6.21703],[106.95293,-6.21837]],[[106.95242,-6.21559],[106.95217,-6.21469]],[[106.95217,-6.21469],[106.95204,-6.21429],[106.95178,-6.21363],[106.95147,-6.21298],[106.94893,-6.20826],[106.9488,-6.20803],[106.94606,-6.20294],[106.94555,-6.202],[106.94521,-6.20136],[106.94491,-6.20075],[106.94465,-6.20022],[106.94445,-6.19976],[106.94434,-6.19949],[106.94425,-6.19925],[106.94411,-6.19878],[106.94392,-6.19809],[106.94388,-6.19792],[106.94381,-6.19758],[106.94378,-6.19743],[106.9437,-6.19673],[106.94367,-6.19642],[106.94365,-6.1962],[106.94359,-6.19564],[106.94354,-6.19506],[106.94349,-6.19453],[106.94345,-6.19427],[106.94343,-6.19398],[106.9434,-6.1934],[106.94335,-6.19278],[106.94333,-6.19247],[106.94331,-6.19217],[106.94329,-6.19181]],[[106.87825,-6.30682],[106.88037,-6.30629],[106.88127,-6.30606],[106.88195,-6.30594],[106.88248,-6.30588],[106.88283,-6.30583],[106.88367,-6.3058]],[[106.88263,-6.306],[106.88234,-6.30603],[106.88206,-6.30606],[106.88176,-6.3061],[106.8815,-6.30615],[106.88094,-6.30628],[106.88029,-6.30644]],[[106.86919,-6.30835],[106.86945,-6.30842],[106.86968,-6.30848],[106.86992,-6.30852],[106.87012,-6.30854],[106.87029,-6.30855],[106.87047,-6.30855],[106.87076,-6.30854],[106.87091,-6.30853],[106.87106,-6.30851]],[[106.76425,-6.25321],[106.76405,-6.25259],[106.76388,-6.25225],[106.76373,-6.25195],[106.76355,-6.25169],[106.76349,-6.2516],[106.76342,-6.25151],[106.76307,-6.25108],[106.76287,-6.25082],[106.76273,-6.25066],[106.76264,-6.25054]],[[106.73124,-6.18925],[106.73159,-6.19066],[106.73165,-6.19087],[106.73217,-6.19258]],[[106.76264,-6.25054],[106.76219,-6.24999]],[[106.76219,-6.24999],[106.76174,-6.24946],[106.76093,-6.24857]],[[106.75535,-6.23413],[106.75531,-6.23406],[106.75527,-6.234],[106.7542,-6.23239],[106.75389,-6.23191]],[[106.76285,-6.25062],[106.76318,-6.25102],[106.76352,-6.25146],[106.76381,-6.2519],[106.76414,-6.25249],[106.76435,-6.25298]],[[106.76093,-6.24857],[106.76064,-6.24816],[106.76041,-6.24787],[106.76033,-6.24776]],[[106.73217,-6.19258],[106.73245,-6.19329],[106.73268,-6.19393],[106.73302,-6.19484]],[[106.73107,-6.18928],[106.73062,-6.18739]],[[106.74544,-6.21867],[106.74484,-6.21761]],[[106.74497,-6.21753],[106.74556,-6.21856]],[[106.7491,-6.22439],[106.74971,-6.2253],[106.7507,-6.22678],[106.75115,-6.2275],[106.75213,-6.22898],[106.75318,-6.23059]],[[106.74112,-6.21089],[106.74054,-6.20986]],[[106.84188,-6.30344],[106.84046,-6.30318],[106.83968,-6.30302],[106.8395,-6.30297],[106.83929,-6.30292],[106.83915,-6.30288],[106.83896,-6.30283],[106.83883,-6.30279],[106.83871,-6.30275],[106.83857,-6.30271],[106.83844,-6.30266],[106.83831,-6.30262],[106.83816,-6.30256],[106.83795,-6.30248],[106.8378,-6.30242]],[[106.84193,-6.3033],[106.84361,-6.3036],[106.84538,-6.30384],[106.84642,-6.30394]],[[106.76738,-6.26269],[106.76712,-6.26213],[106.76703,-6.26194],[106.76696,-6.26178],[106.76675,-6.2613]],[[106.76684,-6.26123],[106.76707,-6.26173],[106.76722,-6.26207],[106.76749,-6.26266]],[[106.76555,-6.25805],[106.76527,-6.25704],[106.76517,-6.2567],[106.76501,-6.25612],[106.76473,-6.25502]],[[106.76568,-6.25802],[106.76591,-6.25884]],[[106.95671,-6.25046],[106.95628,-6.24931]],[[106.95643,-6.24927],[106.95686,-6.25047]],[[106.95222,-6.22653],[106.95243,-6.22581],[106.95253,-6.22518],[106.95259,-6.22471],[106.95264,-6.22431],[106.95269,-6.22391],[106.95283,-6.22217],[106.95287,-6.22137],[106.95288,-6.21996]],[[106.95686,-6.25047],[106.9569,-6.25059],[106.95754,-6.25234],[106.95773,-6.25289],[106.95789,-6.25347],[106.95798,-6.25389]],[[106.77184,-6.28107],[106.77244,-6.2817]],[[106.77232,-6.28182],[106.77169,-6.28112]],[[106.77244,-6.2817],[106.77392,-6.2834],[106.77399,-6.28348],[106.77426,-6.2838],[106.77558,-6.28535]],[[106.72989,-6.12647],[106.72992,-6.12603],[106.73,-6.12539],[106.73015,-6.12447],[106.73045,-6.12353]],[[106.73018,-6.13412],[106.73015,-6.13292]],[[106.73026,-6.1329],[106.73028,-6.13407]],[[106.73045,-6.12394],[106.73032,-6.12443],[106.73013,-6.12538],[106.73006,-6.12593],[106.73004,-6.12645],[106.73003,-6.1269],[106.72999,-6.12766],[106.73002,-6.12855],[106.73006,-6.12935],[106.73011,-6.13019],[106.73017,-6.13081],[106.7302,-6.13128]],[[106.72717,-6.16021],[106.72717,-6.16014],[106.72717,-6.16008],[106.72719,-6.15971],[106.7272,-6.15941],[106.72722,-6.15921],[106.72725,-6.15862],[106.7273,-6.15796],[106.72732,-6.1576],[106.72732,-6.15729],[106.72735,-6.15695],[106.72742,-6.15598],[106.72747,-6.15477],[106.72747,-6.15323],[106.72745,-6.1518]],[[106.72806,-6.14769],[106.72925,-6.14289],[106.72943,-6.1421],[106.72963,-6.14118],[106.72979,-6.1403],[106.72992,-6.13955],[106.73002,-6.13869],[106.7301,-6.13772],[106.73013,-6.13628],[106.73018,-6.13412]],[[106.72759,-6.15179],[106.7276,-6.15321],[106.7276,-6.15379],[106.72759,-6.15437],[106.72757,-6.15535],[106.72747,-6.157],[106.72741,-6.15778],[106.72737,-6.15851],[106.72734,-6.15913],[106.72734,-6.15917],[106.7273,-6.16017],[106.72729,-6.16037]],[[106.73028,-6.13407],[106.73025,-6.13626],[106.73022,-6.13773],[106.73014,-6.13869],[106.73005,-6.13957],[106.72992,-6.14033],[106.72977,-6.14119],[106.72957,-6.14217],[106.72938,-6.14293],[106.72826,-6.14751]],[[106.72729,-6.16037],[106.72725,-6.16235],[106.72727,-6.16341]],[[106.73062,-6.18739],[106.73043,-6.18663],[106.72997,-6.18479]],[[106.72872,-6.17896],[106.72874,-6.17909],[106.72881,-6.17953],[106.72889,-6.18001],[106.72913,-6.18097],[106.72943,-6.18217]],[[106.7281,-6.17343],[106.72798,-6.17139],[106.72795,-6.17094],[106.72788,-6.17013],[106.72765,-6.16845],[106.72741,-6.16693],[106.72723,-6.16556],[106.72714,-6.16375],[106.72712,-6.1634]],[[106.72812,-6.17367],[106.7281,-6.17343]],[[106.72727,-6.16341],[106.72728,-6.16378],[106.72737,-6.16556],[106.72754,-6.16694],[106.72778,-6.16841],[106.728,-6.17011],[106.72809,-6.17093],[106.72811,-6.17142],[106.72825,-6.17342]],[[106.72825,-6.17342],[106.72827,-6.17365]],[[106.7771,-6.28718],[106.77736,-6.28751],[106.77773,-6.28795],[106.77826,-6.28856],[106.77842,-6.28875],[106.77868,-6.28901],[106.77879,-6.28912],[106.77886,-6.28919],[106.77894,-6.28927],[106.77909,-6.28939],[106.77914,-6.28944],[106.77923,-6.28951],[106.77939,-6.28963]],[[106.77939,-6.28963],[106.77949,-6.2897],[106.77958,-6.28976],[106.7797,-6.28984],[106.77991,-6.28996],[106.7801,-6.29006],[106.78022,-6.29014],[106.78037,-6.29021],[106.78057,-6.2903],[106.7809,-6.29044],[106.78118,-6.29054],[106.78151,-6.29065],[106.7821,-6.29083],[106.78271,-6.29103],[106.78283,-6.29107],[106.78299,-6.29113],[106.78328,-6.29122],[106.78337,-6.29125],[106.78384,-6.2914],[106.78387,-6.29141],[106.78402,-6.29146]],[[106.77933,-6.28973],[106.77921,-6.28964],[106.77908,-6.28954],[106.77902,-6.28949],[106.77896,-6.28943],[106.77885,-6.28934],[106.77878,-6.28927],[106.77872,-6.28922],[106.77867,-6.28917],[106.77856,-6.28906],[106.77836,-6.28885],[106.7783,-6.28878],[106.7782,-6.28867],[106.77796,-6.28839],[106.777,-6.28727]],[[106.77549,-6.28549],[106.77413,-6.28389],[106.77378,-6.28348],[106.77378,-6.28348],[106.77371,-6.2834],[106.77232,-6.28182]],[[106.76783,-6.27258],[106.76794,-6.27206],[106.76815,-6.27099],[106.76828,-6.27028],[106.76833,-6.26998],[106.76836,-6.26964],[106.76836,-6.26947],[106.76833,-6.26915],[106.76829,-6.26889],[106.76822,-6.26853],[106.76808,-6.26799],[106.76798,-6.26757],[106.76789,-6.2672],[106.76783,-6.26673],[106.76777,-6.26619],[106.76776,-6.26561],[106.76778,-6.26497],[106.76778,-6.26459],[106.76775,-6.2641],[106.76772,-6.26381],[106.76766,-6.26348],[106.76758,-6.26322],[106.76749,-6.26296],[106.76738,-6.26269]],[[106.76826,-6.26819],[106.76834,-6.2685],[106.76837,-6.26867],[106.76841,-6.26888],[106.76845,-6.26915],[106.76846,-6.26951],[106.76843,-6.27007],[106.76835,-6.27056],[106.76824,-6.27121],[106.76796,-6.27259]],[[106.86252,-6.30546],[106.86299,-6.30555],[106.86352,-6.3057],[106.86387,-6.30582],[106.86405,-6.3059]],[[106.8503,-6.30438],[106.84843,-6.30426],[106.84709,-6.30416]],[[106.82002,-6.29298],[106.81963,-6.29284],[106.81928,-6.29273],[106.81926,-6.29272],[106.81922,-6.29271],[106.81896,-6.29265],[106.81879,-6.29261],[106.81875,-6.2926],[106.8184,-6.29254],[106.81793,-6.29249],[106.8177,-6.29247],[106.81707,-6.29243]],[[106.73076,-6.18735],[106.73124,-6.18925]],[[106.76473,-6.25502],[106.76444,-6.25395]],[[106.76515,-6.25605],[106.76529,-6.2566],[106.7653,-6.25665],[106.76531,-6.2567],[106.7654,-6.25702],[106.76568,-6.25802]],[[106.72829,-6.17603],[106.72812,-6.17367]],[[106.73156,-6.1911],[106.73137,-6.19042]],[[106.94012,-6.14901],[106.94013,-6.14856],[106.94011,-6.14818],[106.94006,-6.14701],[106.94003,-6.14607],[106.93996,-6.14515],[106.93987,-6.14375],[106.93981,-6.14331],[106.93973,-6.14291],[106.93947,-6.14195]],[[106.94035,-6.15014],[106.94044,-6.15165]],[[106.94031,-6.15167],[106.9402,-6.15014]],[[106.94092,-6.15959],[106.94095,-6.15989],[106.94117,-6.16158],[106.94144,-6.16327],[106.94251,-6.16938]],[[106.79112,-6.29212],[106.79218,-6.29211],[106.79319,-6.29213],[106.79383,-6.29213],[106.79403,-6.29213],[106.79416,-6.29214],[106.79556,-6.29216],[106.79636,-6.29218],[106.79721,-6.29219],[106.79803,-6.2922],[106.79863,-6.29222],[106.79922,-6.29223],[106.79938,-6.29223],[106.79974,-6.29224]],[[106.79974,-6.29239],[106.79915,-6.29238],[106.79862,-6.29238],[106.79765,-6.29236],[106.79597,-6.29234],[106.79555,-6.29233],[106.79466,-6.29231],[106.79376,-6.2923],[106.79318,-6.29229],[106.79216,-6.29228],[106.79113,-6.29229]],[[106.81203,-6.29206],[106.81212,-6.29206],[106.81217,-6.29206],[106.81233,-6.29206],[106.81324,-6.29207],[106.81407,-6.29211],[106.81461,-6.29214],[106.81515,-6.29217],[106.81559,-6.29219],[106.8161,-6.29221],[106.8161,-6.29221],[106.81627,-6.29222]],[[106.81626,-6.29238],[106.8161,-6.29237],[106.81558,-6.29234],[106.81451,-6.29228],[106.81365,-6.29224],[106.81277,-6.29221],[106.81218,-6.29222],[106.81185,-6.29222],[106.81164,-6.29223],[106.81121,-6.29224]],[[106.73423,-6.1974],[106.73437,-6.19768]],[[106.73378,-6.19676],[106.73317,-6.19551],[106.73251,-6.19398],[106.7323,-6.19333],[106.73222,-6.19309]],[[106.73425,-6.19773],[106.73417,-6.19758]],[[106.73695,-6.20283],[106.73734,-6.20363],[106.73804,-6.205],[106.73867,-6.20624],[106.73936,-6.20746]],[[106.76033,-6.24776],[106.76012,-6.24744],[106.75991,-6.24708],[106.7597,-6.24664],[106.75953,-6.24616],[106.75942,-6.24587],[106.75933,-6.24553],[106.75921,-6.24499]],[[106.75933,-6.24496],[106.75945,-6.24546],[106.75954,-6.24581],[106.75966,-6.24618],[106.75982,-6.2466],[106.76002,-6.24701],[106.76023,-6.24738],[106.76043,-6.24769]],[[106.76043,-6.24769],[106.76051,-6.24781],[106.76062,-6.24794],[106.76101,-6.24842],[106.76133,-6.24879]],[[106.75734,-6.23708],[106.75789,-6.23829],[106.75802,-6.23865],[106.75827,-6.23956],[106.75895,-6.24303]],[[106.75845,-6.24129],[106.75814,-6.23957],[106.75791,-6.23869],[106.75779,-6.23833],[106.75725,-6.23716]],[[106.75725,-6.23716],[106.75675,-6.23623],[106.75618,-6.23534]],[[106.7563,-6.2353],[106.75686,-6.23617],[106.75734,-6.23708]],[[106.75389,-6.23191],[106.75334,-6.23111]],[[106.75284,-6.23033],[106.75238,-6.2296],[106.75181,-6.22875],[106.75179,-6.22873],[106.75082,-6.22726],[106.75031,-6.22651],[106.74932,-6.22504],[106.74856,-6.22381],[106.74792,-6.2228],[106.7476,-6.22229]],[[106.75413,-6.23203],[106.75478,-6.23303],[106.75541,-6.23399],[106.75548,-6.2341]],[[106.75318,-6.23059],[106.75354,-6.23115]],[[106.85883,-6.30566],[106.85841,-6.30568],[106.85798,-6.3057]],[[106.74168,-6.21187],[106.74136,-6.2113],[106.74121,-6.21105],[106.74112,-6.21089]],[[106.7433,-6.21478],[106.74286,-6.21401],[106.74268,-6.21368]],[[106.74381,-6.21537],[106.74402,-6.21576],[106.74497,-6.21753]],[[106.74121,-6.21077],[106.74161,-6.21148]],[[106.74208,-6.21258],[106.74168,-6.21187]],[[106.74268,-6.21368],[106.7423,-6.21299]],[[106.74219,-6.21251],[106.7431,-6.2141]],[[106.74161,-6.21148],[106.74219,-6.21251]],[[106.82417,-6.29465],[106.82364,-6.29443],[106.82319,-6.29424],[106.82269,-6.29404]],[[106.82462,-6.29486],[106.82447,-6.29479],[106.82417,-6.29465]],[[106.82427,-6.29453],[106.82454,-6.29465],[106.82469,-6.29472]],[[106.82275,-6.29389],[106.8237,-6.29428],[106.82427,-6.29453]],[[106.91575,-6.31205],[106.91365,-6.31214]],[[106.91618,-6.31203],[106.91575,-6.31205]],[[106.91574,-6.31193],[106.91617,-6.3119]],[[106.91374,-6.31201],[106.91574,-6.31193]],[[106.90692,-6.31184],[106.90667,-6.31182]],[[106.9132,-6.31214],[106.91176,-6.31212],[106.9103,-6.31205],[106.90911,-6.31199]],[[106.90745,-6.31177],[106.90893,-6.31186]],[[106.90671,-6.31171],[106.90694,-6.31173]],[[106.7696,-6.27859],[106.76914,-6.27797]],[[106.77169,-6.28112],[106.77082,-6.28012],[106.77052,-6.27975],[106.77019,-6.27933],[106.76973,-6.27875],[106.7696,-6.27859]],[[106.7697,-6.27848],[106.7703,-6.27926],[106.77061,-6.27965],[106.77128,-6.28046],[106.77184,-6.28107]],[[106.76926,-6.27791],[106.7697,-6.27848]],[[106.80111,-6.29242],[106.8009,-6.29241],[106.80039,-6.29241]],[[106.80311,-6.29229],[106.80334,-6.29229],[106.80383,-6.2923],[106.80394,-6.2923]],[[106.80102,-6.29226],[106.80205,-6.29228]],[[106.72827,-6.17365],[106.72841,-6.17598]],[[106.7293,-6.1822],[106.72891,-6.18065],[106.72874,-6.17987],[106.72861,-6.17908],[106.72845,-6.1779]],[[106.72833,-6.17654],[106.72829,-6.17603]],[[106.72841,-6.17598],[106.72845,-6.17653]],[[106.76784,-6.27353],[106.76783,-6.27376],[106.76783,-6.27406],[106.76788,-6.27466],[106.76793,-6.27503],[106.76799,-6.27531],[106.76808,-6.27563],[106.76817,-6.27592],[106.76819,-6.27597],[106.7684,-6.27654],[106.76856,-6.27685],[106.76871,-6.2771],[106.76902,-6.27756]],[[106.76796,-6.27259],[106.76793,-6.27282]],[[106.7678,-6.2728],[106.76783,-6.27258]],[[106.76914,-6.27797],[106.76881,-6.2775],[106.76861,-6.27718],[106.76844,-6.27689],[106.76828,-6.27658],[106.76802,-6.27594],[106.76794,-6.27565],[106.76785,-6.27532],[106.7678,-6.27503],[106.76774,-6.27466],[106.76771,-6.27418],[106.7677,-6.27382]],[[106.95448,-6.24355],[106.95433,-6.24322]],[[106.95628,-6.24931],[106.95601,-6.24854],[106.95567,-6.24755],[106.95539,-6.24641],[106.9553,-6.24606],[106.9552,-6.24563],[106.95509,-6.24522],[106.95498,-6.24485],[106.95489,-6.24456],[106.95476,-6.24421],[106.95462,-6.24386],[106.95448,-6.24355]],[[106.9546,-6.24349],[106.95473,-6.24378],[106.95483,-6.24402],[106.95497,-6.2444],[106.95509,-6.24474],[106.95521,-6.24513],[106.9553,-6.24549],[106.95539,-6.24586],[106.95552,-6.24637],[106.95585,-6.24767],[106.95607,-6.2483],[106.95625,-6.2488],[106.95643,-6.24927]],[[106.95445,-6.24316],[106.9546,-6.24349]],[[106.94292,-6.18088],[106.94294,-6.18026]],[[106.94307,-6.18027],[106.94304,-6.18088]],[[106.94289,-6.18391],[106.9429,-6.1817],[106.94291,-6.18102],[106.94292,-6.18088]],[[106.94304,-6.18088],[106.94304,-6.18103],[106.94304,-6.1817],[106.94302,-6.18391]],[[106.9405,-6.15608],[106.94045,-6.15487],[106.94041,-6.15355],[106.94038,-6.15284],[106.94035,-6.15217],[106.94031,-6.15167]],[[106.94078,-6.1596],[106.9405,-6.15608]],[[106.94066,-6.15609],[106.94092,-6.15959]],[[106.94044,-6.15165],[106.94047,-6.15215],[106.94049,-6.15284],[106.94053,-6.15353],[106.94061,-6.1549],[106.94066,-6.15609]],[[106.8367,-6.30187],[106.83653,-6.30177]],[[106.8378,-6.30242],[106.83748,-6.30228],[106.8373,-6.30219],[106.83703,-6.30205],[106.8367,-6.30187]],[[106.8365,-6.30157],[106.83671,-6.3017],[106.83701,-6.30187],[106.83724,-6.30198],[106.83741,-6.30207],[106.83797,-6.30231]],[[106.87705,-6.30726],[106.8769,-6.3073]],[[106.8769,-6.3073],[106.87576,-6.30762]],[[106.87686,-6.30718],[106.877,-6.30715]],[[106.87429,-6.30785],[106.87532,-6.30758]],[[106.73926,-6.20753],[106.73793,-6.205],[106.73715,-6.20349],[106.73686,-6.20298],[106.7368,-6.20288]],[[106.73936,-6.20746],[106.7402,-6.209],[106.74063,-6.20974]],[[106.73533,-6.19958],[106.73614,-6.20118]],[[106.7368,-6.20288],[106.73665,-6.20261],[106.73518,-6.19965],[106.73425,-6.19773]],[[106.72803,-6.14831],[106.72788,-6.14892],[106.72764,-6.15025],[106.72758,-6.15134],[106.72759,-6.15179]],[[106.7282,-6.14775],[106.72812,-6.14802]],[[106.72798,-6.14799],[106.72806,-6.14769]],[[106.72745,-6.1518],[106.72746,-6.15138],[106.72752,-6.15027],[106.72771,-6.14906],[106.72798,-6.14799]],[[106.95433,-6.24322],[106.95421,-6.243],[106.95403,-6.24267],[106.95367,-6.24201],[106.95329,-6.2413],[106.95254,-6.23988],[106.95249,-6.23977],[106.95238,-6.23954],[106.95223,-6.23923],[106.95186,-6.2383],[106.95165,-6.23769],[106.95156,-6.23742],[106.95138,-6.23668],[106.95122,-6.2359],[106.95112,-6.23496],[106.95108,-6.23412],[106.9511,-6.2331],[106.95115,-6.2325],[106.95118,-6.23227]],[[106.73045,-6.12353],[106.73059,-6.12317],[106.73072,-6.12288],[106.73108,-6.12214]],[[106.73057,-6.12357],[106.73045,-6.12394]],[[106.80451,-6.2923],[106.80469,-6.29229],[106.80524,-6.29228],[106.80671,-6.29223]],[[106.80659,-6.2924],[106.80628,-6.29241],[106.80573,-6.29243],[106.8057,-6.29243],[106.80541,-6.29244],[106.80524,-6.29244],[106.80496,-6.29245],[106.8047,-6.29245],[106.80468,-6.29245],[106.80452,-6.29246]],[[106.7431,-6.2141],[106.74344,-6.2147]],[[106.74484,-6.21761],[106.7433,-6.21478]],[[106.75618,-6.23534],[106.75535,-6.23413]],[[106.75548,-6.2341],[106.7563,-6.2353]],[[106.78443,-6.29176],[106.7842,-6.29168]],[[106.78728,-6.2923],[106.78707,-6.29229],[106.78686,-6.29227],[106.78665,-6.29225],[106.78644,-6.29222],[106.78623,-6.29219],[106.78603,-6.29216],[106.78582,-6.29212],[106.78561,-6.29208],[106.78541,-6.29203]],[[106.78639,-6.29205],[106.78662,-6.29208],[106.78684,-6.29211],[106.78704,-6.29212],[106.78728,-6.29214],[106.78748,-6.29215],[106.78776,-6.29216],[106.78809,-6.29217],[106.78822,-6.29217],[106.78851,-6.29217]],[[106.78424,-6.29153],[106.7845,-6.29162]],[[106.94304,-6.18477],[106.94305,-6.18557],[106.94308,-6.18616],[106.94311,-6.18673],[106.94315,-6.18733],[106.94319,-6.18817],[106.94323,-6.18881],[106.94328,-6.18951],[106.94336,-6.19075],[106.94337,-6.19097],[106.94341,-6.19151],[106.94348,-6.19232],[106.94351,-6.19288],[106.94353,-6.1932],[106.94354,-6.1935],[106.94357,-6.19382],[106.94361,-6.19442],[106.94367,-6.19494],[106.94376,-6.19586],[106.9438,-6.19631],[106.94383,-6.19672],[106.94387,-6.19705],[106.94392,-6.1974],[106.944,-6.19773],[106.94409,-6.19809],[106.94426,-6.19875],[106.94441,-6.19928],[106.94456,-6.19965],[106.9448,-6.20019],[106.94505,-6.20073],[106.94561,-6.2018],[106.94637,-6.20321],[106.94713,-6.20464],[106.94868,-6.20749],[106.94905,-6.20816],[106.95163,-6.21297],[106.95189,-6.21359],[106.95213,-6.21423],[106.95229,-6.21462]],[[106.92103,-6.31119],[106.9215,-6.31111]],[[106.92636,-6.31044],[106.92151,-6.31125]],[[106.93947,-6.14195],[106.93898,-6.14088],[106.93852,-6.14005],[106.93834,-6.13975],[106.93815,-6.13941]],[[106.93824,-6.13934],[106.93864,-6.14],[106.93888,-6.14036],[106.93913,-6.14086],[106.93956,-6.14186]],[[106.80878,-6.29232],[106.80814,-6.29235],[106.80791,-6.29236]],[[106.73222,-6.19309],[106.73156,-6.1911]],[[106.73137,-6.19042],[106.73109,-6.18937],[106.73107,-6.18928]],[[106.72865,-6.17843],[106.72872,-6.17896]],[[106.72845,-6.17653],[106.7286,-6.17808],[106.72865,-6.17843]],[[106.72997,-6.18479],[106.72986,-6.18434]],[[106.72986,-6.18434],[106.7293,-6.1822]],[[106.73244,-6.12028],[106.73231,-6.12047]],[[106.74556,-6.21856],[106.74689,-6.22091],[106.7481,-6.22289]],[[106.7481,-6.22289],[106.74829,-6.22316],[106.7491,-6.22439]],[[106.75899,-6.24322],[106.75902,-6.24338],[106.75914,-6.24395],[106.75918,-6.24417],[106.75919,-6.24423],[106.75933,-6.24496]],[[106.75895,-6.24303],[106.75899,-6.24322]],[[106.75857,-6.2419],[106.75845,-6.24129]],[[106.75921,-6.24499],[106.75908,-6.24424],[106.75898,-6.24375],[106.75897,-6.24371],[106.75895,-6.24364],[106.75888,-6.24331],[106.75867,-6.24236]],[[106.75334,-6.23111],[106.75305,-6.23065]],[[106.75305,-6.23065],[106.75284,-6.23033]],[[106.74027,-6.20941],[106.73926,-6.20753]],[[106.74054,-6.20986],[106.74027,-6.20941]],[[106.7341,-6.19743],[106.73378,-6.19676]],[[106.7423,-6.21299],[106.74208,-6.21258]],[[106.74063,-6.20974],[106.74096,-6.21031]],[[106.76453,-6.25364],[106.76454,-6.25369],[106.76478,-6.2546]],[[106.95301,-6.21998],[106.95301,-6.22068],[106.95301,-6.22133],[106.95299,-6.22217],[106.95293,-6.22302],[106.95283,-6.22418],[106.9528,-6.22433],[106.95255,-6.22598],[106.95243,-6.2267]],[[106.95243,-6.2267],[106.9523,-6.22737]],[[106.95329,-6.29857],[106.95264,-6.2991]],[[106.95759,-6.29285],[106.95726,-6.29357],[106.95696,-6.29413],[106.95656,-6.2948],[106.95608,-6.29553],[106.95565,-6.29608],[106.95517,-6.29666],[106.95448,-6.29742],[106.95407,-6.29784],[106.95329,-6.29857]],[[106.92903,-6.30985],[106.93039,-6.30964],[106.93129,-6.30946],[106.93234,-6.3092],[106.93341,-6.30885],[106.93418,-6.30855],[106.93525,-6.30808],[106.93641,-6.30751]],[[106.92634,-6.3103],[106.92903,-6.30985]],[[106.73015,-6.13292],[106.7301,-6.13129]],[[106.7302,-6.13128],[106.73026,-6.1329]],[[106.877,-6.30715],[106.87825,-6.30682]],[[106.95798,-6.25589],[106.95799,-6.25516]],[[106.91865,-6.31161],[106.92054,-6.31127]],[[106.90694,-6.31173],[106.90745,-6.31177]],[[106.90365,-6.31142],[106.90671,-6.31171]],[[106.90263,-6.31123],[106.90365,-6.31142]],[[106.91179,-6.312],[106.9132,-6.31202]],[[106.88636,-6.30574],[106.88659,-6.30574]],[[106.88659,-6.30574],[106.88705,-6.30573]],[[106.88489,-6.30577],[106.88636,-6.30574]],[[106.86619,-6.30695],[106.8679,-6.30776],[106.86893,-6.30825],[106.86907,-6.30831],[106.86919,-6.30835]],[[106.87582,-6.30745],[106.87626,-6.30734],[106.87686,-6.30718]],[[106.87106,-6.30851],[106.87148,-6.30845],[106.87178,-6.30839],[106.87356,-6.30803]],[[106.89335,-6.30668],[106.89508,-6.3071]],[[106.89029,-6.306],[106.891,-6.30614],[106.89304,-6.30661]],[[106.88869,-6.30577],[106.88922,-6.30584]],[[106.88734,-6.30573],[106.88796,-6.30574],[106.88869,-6.30577]],[[106.88705,-6.30573],[106.88734,-6.30573]],[[106.88029,-6.30644],[106.87705,-6.30726]],[[106.88366,-6.30596],[106.88302,-6.30598],[106.88263,-6.306]],[[106.88953,-6.30602],[106.8892,-6.30599]],[[106.8892,-6.30599],[106.88885,-6.30596],[106.88851,-6.30594]],[[106.88953,-6.30588],[106.89029,-6.306]],[[106.88922,-6.30584],[106.88953,-6.30588]],[[106.93698,-6.30736],[106.93647,-6.30761]],[[106.93641,-6.30751],[106.93692,-6.30726]],[[106.95264,-6.2991],[106.95199,-6.29957],[106.95146,-6.29997],[106.95007,-6.30081],[106.94785,-6.30198],[106.94718,-6.30231],[106.94548,-6.30311],[106.94382,-6.30394],[106.94021,-6.30576],[106.93698,-6.30736]],[[106.95309,-6.29857],[106.95355,-6.29816],[106.95391,-6.29782],[106.9543,-6.29742],[106.95456,-6.29715],[106.9553,-6.29631],[106.95598,-6.29544],[106.95646,-6.29473],[106.9568,-6.29415],[106.95701,-6.29377],[106.95718,-6.29343],[106.95744,-6.29288],[106.95758,-6.29259]],[[106.89869,-6.30891],[106.89832,-6.30868],[106.89729,-6.30809],[106.89688,-6.3079],[106.89642,-6.3077],[106.89571,-6.30744],[106.89515,-6.30726],[106.8933,-6.3068],[106.89111,-6.30628],[106.89006,-6.30608],[106.88953,-6.30602]],[[106.89896,-6.30911],[106.89869,-6.30891]],[[106.89875,-6.30882],[106.89903,-6.30902]],[[106.89508,-6.3071],[106.89576,-6.30732],[106.89646,-6.3076],[106.89693,-6.30779],[106.89734,-6.30798],[106.89838,-6.30858],[106.89875,-6.30882]],[[106.90364,-6.31153],[106.90327,-6.31148]],[[106.90667,-6.31182],[106.90392,-6.31156],[106.90364,-6.31153]],[[106.90892,-6.31198],[106.90765,-6.31192],[106.90692,-6.31184]],[[106.90911,-6.31199],[106.90892,-6.31198]],[[106.90911,-6.31187],[106.91179,-6.312]],[[106.90893,-6.31186],[106.90911,-6.31187]],[[106.91857,-6.31163],[106.91865,-6.31161]],[[106.91843,-6.31165],[106.91857,-6.31163]],[[106.91844,-6.31177],[106.91747,-6.31191],[106.9168,-6.31198],[106.91618,-6.31203]],[[106.91858,-6.31175],[106.91844,-6.31177]],[[106.8466,-6.30411],[106.84536,-6.30397],[106.84358,-6.30373],[106.84284,-6.30361],[106.84188,-6.30344]],[[106.83156,-6.29837],[106.8316,-6.2984],[106.83194,-6.29861],[106.8322,-6.29877],[106.83266,-6.29907],[106.83312,-6.29937],[106.83381,-6.29984],[106.83397,-6.29994]],[[106.83456,-6.30033],[106.83481,-6.3005],[106.83528,-6.3008],[106.83529,-6.30081],[106.83597,-6.30125],[106.8365,-6.30157]],[[106.85692,-6.30557],[106.85705,-6.30558],[106.85718,-6.30559],[106.85799,-6.30557]],[[106.84963,-6.30421],[106.85032,-6.30426]],[[106.85985,-6.30548],[106.86052,-6.30545],[106.86158,-6.30542]],[[106.88706,-6.30594],[106.88491,-6.30594]],[[106.87576,-6.30762],[106.8752,-6.30776]],[[106.90164,-6.31102],[106.90139,-6.3109],[106.90108,-6.31071],[106.89896,-6.30911]],[[106.76444,-6.25395],[106.76438,-6.25372],[106.76429,-6.25337],[106.76425,-6.25321]],[[106.73302,-6.19484],[106.73328,-6.19547],[106.7337,-6.19632],[106.73423,-6.1974]],[[106.8752,-6.30776],[106.87432,-6.30798]],[[106.92151,-6.31125],[106.92104,-6.31133]],[[106.9215,-6.31111],[106.92634,-6.3103]],[[106.76902,-6.27756],[106.76926,-6.27791]],[[106.74096,-6.21031],[106.74121,-6.21077]],[[106.72845,-6.1779],[106.72833,-6.17654]],[[106.76791,-6.26599],[106.76793,-6.26646],[106.76799,-6.2669],[106.76807,-6.26732],[106.76826,-6.26819]],[[106.76749,-6.26266],[106.76761,-6.26295],[106.76769,-6.2632],[106.76778,-6.2635],[106.76784,-6.26378],[106.76787,-6.26411],[106.7679,-6.26455],[106.7679,-6.26525],[106.76791,-6.26599]],[[106.76265,-6.25038],[106.76285,-6.25062]],[[106.76133,-6.24879],[106.76219,-6.24981],[106.76265,-6.25038]],[[106.7677,-6.27382],[106.76773,-6.27336],[106.7678,-6.2728]],[[106.78894,-6.29215],[106.78948,-6.29214]],[[106.76478,-6.2546],[106.76487,-6.25497]],[[106.76487,-6.25497],[106.76515,-6.25605]],[[106.82521,-6.29515],[106.825,-6.29504],[106.82491,-6.295]],[[106.82179,-6.29367],[106.82077,-6.29327]],[[106.84833,-6.30413],[106.84898,-6.30417]],[[106.84898,-6.30417],[106.84963,-6.30421]],[[106.86045,-6.3056],[106.85964,-6.30564]],[[106.85937,-6.30564],[106.85883,-6.30566]],[[106.84709,-6.30416],[106.8466,-6.30411]],[[106.83397,-6.29994],[106.83403,-6.29998],[106.83456,-6.30033]],[[106.83653,-6.30177],[106.83598,-6.30144],[106.83555,-6.30117],[106.8352,-6.30095],[106.83494,-6.30077]],[[106.83494,-6.30077],[106.83472,-6.30063],[106.83397,-6.30013],[106.83369,-6.29995],[106.83347,-6.2998],[106.83343,-6.29977]],[[106.82043,-6.29297],[106.82152,-6.2934],[106.82173,-6.29348]],[[106.82173,-6.29348],[106.82217,-6.29366]],[[106.82077,-6.29327],[106.82033,-6.2931],[106.82002,-6.29298]],[[106.84767,-6.30407],[106.84822,-6.30412],[106.84833,-6.30413]],[[106.84642,-6.30394],[106.84711,-6.30402],[106.84767,-6.30407]],[[106.85194,-6.30446],[106.85122,-6.30443]],[[106.85892,-6.30552],[106.85985,-6.30548]],[[106.82469,-6.29472],[106.82499,-6.29486]],[[106.82499,-6.29486],[106.825,-6.29487],[106.82509,-6.29491],[106.82527,-6.295]],[[106.82491,-6.295],[106.82469,-6.2949],[106.82462,-6.29486]],[[106.85798,-6.3057],[106.85728,-6.30573],[106.8571,-6.30573],[106.85695,-6.30572],[106.85691,-6.30572]],[[106.85691,-6.30572],[106.85683,-6.30571],[106.85674,-6.30569]],[[106.85674,-6.30569],[106.8566,-6.30567]],[[106.85635,-6.30549],[106.85662,-6.30553]],[[106.85662,-6.30553],[106.85676,-6.30555]],[[106.85676,-6.30555],[106.85692,-6.30557]],[[106.86158,-6.30542],[106.86199,-6.30543],[106.86221,-6.30544]],[[106.86235,-6.30544],[106.86252,-6.30546]],[[106.86401,-6.306],[106.8638,-6.30591],[106.8634,-6.30579],[106.86312,-6.30571],[106.8625,-6.3056]],[[106.8625,-6.3056],[106.86248,-6.30559],[106.86234,-6.30557]],[[106.86234,-6.30557],[106.86221,-6.30557]],[[106.86221,-6.30544],[106.86231,-6.30544],[106.86235,-6.30544]],[[106.81121,-6.29224],[106.81046,-6.29226]],[[106.80939,-6.29215],[106.80977,-6.29213],[106.81009,-6.29212]],[[106.81066,-6.2921],[106.81136,-6.29208]],[[106.80791,-6.29236],[106.80771,-6.29237]],[[106.81046,-6.29226],[106.80928,-6.29231]],[[106.80928,-6.29231],[106.80895,-6.29232]],[[106.81136,-6.29208],[106.81151,-6.29207],[106.81163,-6.29207],[106.81167,-6.29207],[106.81203,-6.29206]],[[106.80887,-6.29232],[106.80878,-6.29232]],[[106.8075,-6.29221],[106.80758,-6.29221],[106.80815,-6.2922],[106.80831,-6.29219],[106.80878,-6.29217]],[[106.80878,-6.29217],[106.80886,-6.29217]],[[106.80886,-6.29217],[106.80895,-6.29216]],[[106.80895,-6.29232],[106.80887,-6.29232]],[[106.80443,-6.29246],[106.80406,-6.29246],[106.80377,-6.29246],[106.80292,-6.29245],[106.80276,-6.29245]],[[106.80276,-6.29245],[106.80267,-6.29244]],[[106.80267,-6.29244],[106.80257,-6.29244]],[[106.80248,-6.29228],[106.80256,-6.29228]],[[106.80256,-6.29228],[106.80267,-6.29229]],[[106.80267,-6.29229],[106.80276,-6.29229]],[[106.80671,-6.29223],[106.80675,-6.29223],[106.8075,-6.29221]],[[106.80771,-6.29237],[106.8076,-6.29237],[106.80677,-6.2924],[106.80666,-6.2924],[106.80659,-6.2924]],[[106.80257,-6.29244],[106.80248,-6.29244],[106.80202,-6.29243]],[[106.80164,-6.29243],[106.80124,-6.29242]],[[106.80066,-6.29225],[106.80089,-6.29226],[106.80102,-6.29226]],[[106.80221,-6.29228],[106.80248,-6.29228]],[[106.80276,-6.29229],[106.80311,-6.29229]],[[106.80452,-6.29246],[106.80443,-6.29246]],[[106.80039,-6.29241],[106.80031,-6.2924]],[[106.79028,-6.29213],[106.79104,-6.29212],[106.79112,-6.29212]],[[106.79113,-6.29229],[106.79105,-6.29229],[106.78978,-6.2923]],[[106.80031,-6.2924],[106.79983,-6.2924],[106.79974,-6.29239]],[[106.79974,-6.29224],[106.79983,-6.29224],[106.80066,-6.29225]],[[106.78978,-6.2923],[106.78972,-6.2923]],[[106.78972,-6.2923],[106.78867,-6.29231],[106.78858,-6.29231],[106.78836,-6.29232]],[[106.78948,-6.29214],[106.78978,-6.29214]],[[106.78885,-6.29215],[106.78894,-6.29215]],[[106.78836,-6.29232],[106.7881,-6.29232],[106.78766,-6.29232],[106.78728,-6.2923]],[[106.78544,-6.29188],[106.78558,-6.29191],[106.78569,-6.29193],[106.78587,-6.29197],[106.78624,-6.29203],[106.78639,-6.29205]],[[106.78978,-6.29214],[106.79028,-6.29213]],[[106.80394,-6.2923],[106.80439,-6.2923],[106.80444,-6.2923],[106.80451,-6.2923]],[[106.7852,-6.29198],[106.78502,-6.29193],[106.78443,-6.29176]],[[106.78541,-6.29203],[106.78529,-6.29201]],[[106.78529,-6.29201],[106.7852,-6.29198]],[[106.7845,-6.29162],[106.78505,-6.29178],[106.78524,-6.29183]],[[106.78524,-6.29183],[106.78533,-6.29185]],[[106.78533,-6.29185],[106.78544,-6.29188]],[[106.78023,-6.29029],[106.78014,-6.29024],[106.78003,-6.29018],[106.77983,-6.29006],[106.77973,-6.29001],[106.77964,-6.28995],[106.77945,-6.28982],[106.77939,-6.28977],[106.77937,-6.28976],[106.77933,-6.28973]],[[106.77601,-6.2861],[106.77599,-6.28608],[106.77549,-6.28549]],[[106.777,-6.28727],[106.77696,-6.28723],[106.7769,-6.28715],[106.77653,-6.28672],[106.77617,-6.2863],[106.77601,-6.2861]],[[106.77605,-6.28592],[106.77627,-6.28619],[106.77652,-6.28649],[106.7766,-6.28659],[106.77662,-6.28661],[106.77697,-6.28702],[106.7771,-6.28718]],[[106.95806,-6.25956],[106.95806,-6.26029],[106.95803,-6.26086],[106.95798,-6.26227],[106.958,-6.2629],[106.95805,-6.26352],[106.95817,-6.26422]],[[106.95789,-6.26211],[106.9579,-6.26192],[106.95792,-6.26127],[106.95792,-6.26093],[106.95792,-6.26029],[106.95792,-6.26019],[106.95792,-6.25984],[106.95792,-6.25955]],[[106.7842,-6.29168],[106.78383,-6.29155],[106.78355,-6.29146]],[[106.80124,-6.29242],[106.80111,-6.29242]],[[106.80202,-6.29243],[106.80186,-6.29243],[106.80164,-6.29243]],[[106.78851,-6.29217],[106.78885,-6.29215]],[[106.80205,-6.29228],[106.80221,-6.29228]],[[106.81009,-6.29212],[106.81036,-6.29211],[106.81066,-6.2921]],[[106.75867,-6.24236],[106.75857,-6.2419]],[[106.73417,-6.19758],[106.7341,-6.19743]],[[106.87162,-6.30858],[106.87136,-6.30864],[106.8712,-6.30866],[106.87107,-6.30868],[106.87102,-6.30868]],[[106.87359,-6.30816],[106.87162,-6.30858]],[[106.75377,-6.2315],[106.754,-6.23183],[106.75413,-6.23203]],[[106.75354,-6.23115],[106.75377,-6.2315]],[[106.72988,-6.12683],[106.72989,-6.12647]],[[106.72987,-6.12837],[106.72985,-6.12765],[106.72988,-6.12683]],[[106.7301,-6.13129],[106.73005,-6.1308],[106.72991,-6.12936],[106.72987,-6.12837]],[[106.76786,-6.27334],[106.76784,-6.27353]],[[106.76793,-6.27282],[106.76787,-6.27324],[106.76786,-6.27334]],[[106.7472,-6.22163],[106.74544,-6.21867]],[[106.7476,-6.22229],[106.7472,-6.22163]],[[106.74359,-6.21497],[106.74381,-6.21537]],[[106.74344,-6.2147],[106.74359,-6.21497]],[[106.72715,-6.16088],[106.72717,-6.16021]],[[106.72712,-6.1634],[106.72711,-6.16235],[106.72715,-6.16088]],[[106.73614,-6.20118],[106.73695,-6.20283]],[[106.73437,-6.19768],[106.73533,-6.19958]],[[106.89304,-6.30661],[106.89335,-6.30668]],[[106.95282,-6.29879],[106.95309,-6.29857]],[[106.93692,-6.30726],[106.94015,-6.30565],[106.94376,-6.30383],[106.94591,-6.30277],[106.94709,-6.30222],[106.9478,-6.30187],[106.95001,-6.3007],[106.95139,-6.29988],[106.95193,-6.29949],[106.95209,-6.29938],[106.95248,-6.29907],[106.95282,-6.29879]],[[106.87532,-6.30758],[106.87582,-6.30745]],[[106.95196,-6.22803],[106.95222,-6.22653]],[[106.95118,-6.23227],[106.95144,-6.23072],[106.95155,-6.23018],[106.95196,-6.22803]],[[106.94329,-6.19181],[106.94327,-6.19154]],[[106.94327,-6.19154],[106.94322,-6.19071],[106.94319,-6.19032],[106.94311,-6.189],[106.94308,-6.18854],[106.94301,-6.18737],[106.94296,-6.18652],[106.94294,-6.1861],[106.94292,-6.18559],[106.9429,-6.18516],[106.9429,-6.18477]],[[106.94294,-6.18026],[106.94298,-6.17817]],[[106.94018,-6.14988],[106.94012,-6.14901]],[[106.9402,-6.15014],[106.94018,-6.14988]],[[106.72812,-6.14802],[106.72803,-6.14831]],[[106.72826,-6.14751],[106.7282,-6.14775]],[[106.95767,-6.29267],[106.95759,-6.29285]],[[106.73108,-6.12214],[106.73118,-6.12197]],[[106.72961,-6.18287],[106.73008,-6.18477]],[[106.72943,-6.18217],[106.72961,-6.18287]],[[106.95891,-6.27156],[106.9589,-6.27142]],[[106.9589,-6.27142],[106.9586,-6.2678],[106.95848,-6.26667],[106.95826,-6.26536],[106.95824,-6.26521],[106.95816,-6.26476],[106.95808,-6.26434],[106.95803,-6.26401],[106.95798,-6.26366],[106.95794,-6.26332],[106.95793,-6.26315],[106.95791,-6.26294],[106.95789,-6.26264],[106.95789,-6.26211]],[[106.95903,-6.2714],[106.95905,-6.27155]],[[106.95817,-6.26422],[106.95836,-6.26513],[106.95841,-6.26542],[106.9586,-6.26661],[106.95867,-6.26729],[106.95873,-6.26777],[106.95884,-6.269],[106.95903,-6.2714]],[[106.78402,-6.29146],[106.78424,-6.29153]],[[106.85964,-6.30564],[106.85937,-6.30564]],[[106.77558,-6.28535],[106.77576,-6.28556],[106.77605,-6.28592]],[[106.88739,-6.30594],[106.88706,-6.30594]],[[106.88851,-6.30594],[106.88739,-6.30594]],[[106.73249,-6.1202],[106.73244,-6.12028]],[[106.95811,-6.2559],[106.95811,-6.25597]],[[106.80895,-6.29216],[106.80939,-6.29215]]]},"properties":{"length_km":58.9,"focus":[106.8237,-6.29428],"osm_ways":466}},{"type":"Feature","id":"tol-wiyoto","geometry":{"type":"MultiLineString","coordinates":[[[106.87721,-6.24558],[106.87717,-6.24453],[106.87716,-6.2441],[106.87715,-6.24389],[106.87714,-6.2436],[106.87714,-6.2435]],[[106.87577,-6.18119],[106.87566,-6.18278],[106.87557,-6.18413],[106.87553,-6.18549],[106.87541,-6.18841],[106.8754,-6.18953],[106.87536,-6.19027],[106.87526,-6.1912],[106.87516,-6.19204],[106.87502,-6.19279],[106.8741,-6.1974],[106.87365,-6.19948],[106.87345,-6.20034],[106.87334,-6.20106],[106.87331,-6.20145],[106.87329,-6.20228],[106.87334,-6.2028],[106.87345,-6.20362],[106.87373,-6.20489]],[[106.88675,-6.15356],[106.88764,-6.15209],[106.88809,-6.15137],[106.88829,-6.15101],[106.88848,-6.15066],[106.88865,-6.15027],[106.8887,-6.15017]],[[106.88108,-6.16304],[106.88091,-6.1633],[106.88037,-6.16413],[106.87997,-6.16474],[106.87942,-6.16557],[106.87905,-6.16618],[106.87848,-6.16732],[106.8781,-6.16833],[106.87771,-6.16965],[106.87692,-6.17255],[106.87656,-6.17394]],[[106.87335,-6.20382],[106.87323,-6.20287],[106.87318,-6.20221],[106.87319,-6.20168],[106.87323,-6.20106],[106.87335,-6.2003],[106.8735,-6.19961],[106.87375,-6.19861],[106.87407,-6.19711],[106.87425,-6.19611],[106.87454,-6.19463],[106.87474,-6.19353],[106.87492,-6.19271],[106.87504,-6.19202],[106.87518,-6.1911],[106.87527,-6.1902],[106.8753,-6.18948],[106.87531,-6.18863],[106.87534,-6.18759],[106.87542,-6.186],[106.87547,-6.1846],[106.87553,-6.18293],[106.87566,-6.18145],[106.87567,-6.18101],[106.87573,-6.1799]],[[106.87415,-6.21547],[106.87408,-6.21346],[106.87378,-6.20675]],[[106.88397,-6.15834],[106.88338,-6.15939]],[[106.89051,-6.14451],[106.89035,-6.14529],[106.88987,-6.14735],[106.88964,-6.14818],[106.88946,-6.14862],[106.88935,-6.14892],[106.88918,-6.14934],[106.88903,-6.14969],[106.88874,-6.15035]],[[106.89058,-6.14412],[106.89051,-6.14451]],[[106.87378,-6.20675],[106.87376,-6.20607]],[[106.87376,-6.20607],[106.87375,-6.20588],[106.87363,-6.20509],[106.87352,-6.20453]],[[106.87373,-6.20489],[106.87379,-6.20518],[106.87385,-6.2055]],[[106.87397,-6.20823],[106.87439,-6.2183],[106.87446,-6.2198],[106.87449,-6.22055],[106.87466,-6.22281],[106.87477,-6.22386],[106.87504,-6.22563],[106.87539,-6.22737],[106.87553,-6.22793]],[[106.8762,-6.1757],[106.87612,-6.17603]],[[106.87612,-6.17603],[106.87608,-6.17638],[106.87598,-6.17766],[106.87594,-6.17832]],[[106.88805,-6.15167],[106.88751,-6.1525]],[[106.88751,-6.1525],[106.88659,-6.15401],[106.886,-6.15501],[106.88553,-6.15581],[106.88518,-6.15639],[106.88462,-6.15731],[106.88429,-6.15783]],[[106.87573,-6.1799],[106.87575,-6.17964],[106.87584,-6.17868]],[[106.87587,-6.17827],[106.87589,-6.178],[106.87592,-6.17751],[106.87593,-6.17721],[106.87602,-6.17618]],[[106.87656,-6.17394],[106.87637,-6.17467],[106.87637,-6.17467]],[[106.87637,-6.17467],[106.87623,-6.17539],[106.8762,-6.1757]],[[106.87628,-6.17469],[106.87644,-6.17396]],[[106.87602,-6.17616],[106.87613,-6.1754],[106.87616,-6.17524],[106.87619,-6.17507],[106.87628,-6.17469]],[[106.87895,-6.16617],[106.87907,-6.16596]],[[106.87644,-6.17396],[106.87661,-6.17328],[106.87691,-6.17215],[106.87808,-6.16807],[106.8783,-6.16751],[106.87849,-6.16705],[106.87872,-6.16659],[106.87895,-6.16617]],[[106.88338,-6.15939],[106.88272,-6.1604],[106.88186,-6.16183],[106.88181,-6.16191],[106.88149,-6.16242],[106.88137,-6.16261],[106.88108,-6.16304]],[[106.87907,-6.16596],[106.8795,-6.16531],[106.87986,-6.16476],[106.88,-6.16455],[106.88029,-6.1641],[106.88073,-6.16341],[106.88099,-6.16301]],[[106.88099,-6.16301],[106.88175,-6.16184],[106.88185,-6.16169],[106.88228,-6.16097],[106.88262,-6.16043],[106.88299,-6.15981],[106.88328,-6.15932]],[[106.87594,-6.17832],[106.87585,-6.17991]],[[106.87584,-6.17868],[106.87586,-6.17851],[106.87587,-6.17827]],[[106.87714,-6.2435],[106.87715,-6.24316],[106.8772,-6.24275],[106.8772,-6.2427],[106.87725,-6.24234],[106.87725,-6.24232],[106.87732,-6.24195],[106.87732,-6.24192],[106.87733,-6.2419],[106.87743,-6.24147],[106.87754,-6.24112],[106.87754,-6.24111]],[[106.88664,-6.15376],[106.88675,-6.15356]],[[106.88328,-6.15932],[106.88462,-6.15709],[106.8851,-6.15629],[106.88515,-6.1562],[106.88524,-6.15605],[106.88557,-6.15552],[106.88575,-6.15524],[106.88645,-6.15409],[106.88664,-6.15376]],[[106.87395,-6.20773],[106.87397,-6.20823]],[[106.87385,-6.2055],[106.87387,-6.20585],[106.87395,-6.20773]],[[106.88429,-6.15783],[106.88397,-6.15834]],[[106.8758,-6.18054],[106.87577,-6.18119]],[[106.87585,-6.17991],[106.8758,-6.18054]],[[106.87522,-6.2271],[106.87505,-6.22633]],[[106.87505,-6.22633],[106.8747,-6.22421],[106.87457,-6.22315],[106.87445,-6.22187],[106.8743,-6.21962],[106.87431,-6.21911],[106.87429,-6.21853],[106.87423,-6.21721],[106.87417,-6.21582],[106.87415,-6.21547]],[[106.87352,-6.20453],[106.87335,-6.20382]],[[106.89031,-6.14497],[106.89033,-6.14486],[106.89043,-6.1444]],[[106.87628,-6.23157],[106.87622,-6.23129]],[[106.87622,-6.23129],[106.87579,-6.22949],[106.87529,-6.2274],[106.87522,-6.2271]],[[106.87632,-6.23127],[106.87639,-6.23154]],[[106.87553,-6.22793],[106.87587,-6.22943],[106.87632,-6.23127]],[[106.87639,-6.23154],[106.87673,-6.23293]],[[106.8764,-6.232],[106.87628,-6.23157]],[[106.88874,-6.15035],[106.88873,-6.15036]],[[106.88873,-6.15036],[106.88858,-6.15068],[106.88805,-6.15167]],[[106.8887,-6.15017],[106.88873,-6.1501]],[[106.88873,-6.1501],[106.88923,-6.14896],[106.88952,-6.14825],[106.88964,-6.14783],[106.88983,-6.1471],[106.89003,-6.14621],[106.89025,-6.1452],[106.89031,-6.14497]],[[106.87602,-6.17618],[106.87602,-6.17616]]]},"properties":{"length_km":10.5,"focus":[106.87553,-6.18549],"osm_ways":53}},{"type":"Feature","id":"tol-sedyatmo","geometry":{"type":"MultiLineString","coordinates":[[[106.68851,-6.112],[106.68835,-6.11213],[106.68796,-6.1124],[106.68722,-6.11286],[106.6865,-6.11327],[106.68537,-6.11394],[106.68499,-6.11417],[106.68422,-6.11461],[106.68416,-6.11464],[106.68389,-6.11479],[106.68372,-6.11487],[106.68355,-6.11496],[106.68342,-6.11502],[106.68315,-6.11515]],[[106.70419,-6.10076],[106.71067,-6.09657],[106.71117,-6.09629],[106.71169,-6.09608],[106.71207,-6.09597],[106.71262,-6.09588],[106.71318,-6.09585],[106.71369,-6.09588],[106.71438,-6.09601],[106.7149,-6.09619],[106.71537,-6.09642],[106.71584,-6.09671],[106.71624,-6.09703]],[[106.77364,-6.12159],[106.77396,-6.12167],[106.77428,-6.12178],[106.77463,-6.12194],[106.77486,-6.12208],[106.77528,-6.12238],[106.77551,-6.12259],[106.7759,-6.12305],[106.77607,-6.1233],[106.77612,-6.12337],[106.77614,-6.12343],[106.77616,-6.12349],[106.77617,-6.12357]],[[106.75323,-6.12275],[106.75218,-6.12271]],[[106.75218,-6.12271],[106.74928,-6.12262],[106.74645,-6.12253],[106.74591,-6.12249],[106.74551,-6.12243],[106.74506,-6.12234],[106.74476,-6.12227],[106.74441,-6.12216],[106.74374,-6.12193],[106.73892,-6.11988],[106.73776,-6.11938],[106.73715,-6.11912],[106.7366,-6.11884],[106.73624,-6.11865],[106.73599,-6.11849],[106.73574,-6.11833],[106.73552,-6.11819],[106.73523,-6.11798],[106.73501,-6.1178],[106.73476,-6.11761],[106.7345,-6.11739],[106.73427,-6.11718],[106.73404,-6.11696],[106.73378,-6.11668],[106.73358,-6.11646],[106.73336,-6.11623],[106.73015,-6.11266],[106.72475,-6.10665],[106.71792,-6.09907],[106.71775,-6.09888],[106.71758,-6.0987],[106.71743,-6.09855],[106.71721,-6.09834]],[[106.75218,-6.12261],[106.75322,-6.12265]],[[106.75324,-6.12285],[106.75217,-6.12281]],[[106.75219,-6.12252],[106.75321,-6.12255]],[[106.75321,-6.12255],[106.75484,-6.1226],[106.7559,-6.12261],[106.75791,-6.12263],[106.75903,-6.12262],[106.76019,-6.1226],[106.76145,-6.12252],[106.7625,-6.12243],[106.76362,-6.12231],[106.76566,-6.12207],[106.76714,-6.12188]],[[106.73034,-6.11305],[106.73026,-6.11295],[106.72891,-6.11145],[106.7274,-6.10978],[106.72627,-6.10851],[106.72603,-6.10825]],[[106.76754,-6.12214],[106.76722,-6.12213],[106.767,-6.12215],[106.76257,-6.12265],[106.76145,-6.12274],[106.76021,-6.12282],[106.75906,-6.12286],[106.75792,-6.12288],[106.75594,-6.12283],[106.75483,-6.1228],[106.75323,-6.12275]],[[106.76754,-6.12214],[106.76737,-6.1222],[106.76729,-6.12222],[106.76719,-6.12225],[106.767,-6.12227],[106.76567,-6.12241],[106.76367,-6.12264],[106.76262,-6.12276],[106.76145,-6.12286],[106.76022,-6.12294],[106.75907,-6.12299],[106.75793,-6.12301],[106.75596,-6.12297],[106.75482,-6.12293],[106.75324,-6.12285]],[[106.71725,-6.09797],[106.71793,-6.09875],[106.71863,-6.09952],[106.72029,-6.10136],[106.72176,-6.10298],[106.72192,-6.10317],[106.72259,-6.10393],[106.72314,-6.10453],[106.7242,-6.10573],[106.72539,-6.10706],[106.72619,-6.10793]],[[106.68647,-6.11314],[106.68674,-6.11298],[106.68739,-6.1126],[106.68768,-6.11243],[106.68838,-6.11193],[106.68923,-6.11125],[106.68951,-6.11097],[106.69138,-6.10895],[106.69173,-6.10863],[106.69192,-6.10846],[106.69214,-6.10828],[106.69234,-6.10814],[106.69524,-6.10637],[106.69546,-6.1062],[106.69587,-6.10578],[106.69639,-6.10546]],[[106.77617,-6.12357],[106.7762,-6.1236],[106.77626,-6.12373],[106.77644,-6.12408],[106.77662,-6.12445],[106.77683,-6.12491],[106.77696,-6.12517],[106.77713,-6.1255],[106.77723,-6.12566],[106.77747,-6.12604],[106.77772,-6.12638],[106.77845,-6.12719],[106.77863,-6.1274],[106.77897,-6.12776],[106.77915,-6.12793],[106.77942,-6.12817]],[[106.78229,-6.13061],[106.78182,-6.13031],[106.7814,-6.13005],[106.78111,-6.12984]],[[106.78785,-6.13201],[106.78702,-6.13188],[106.78645,-6.13179],[106.78581,-6.1317],[106.78532,-6.13161],[106.78507,-6.13156],[106.78477,-6.13149],[106.78453,-6.13143],[106.78414,-6.13134],[106.7838,-6.13123],[106.78351,-6.13114],[106.78312,-6.13099],[106.78294,-6.13093],[106.78278,-6.13086]],[[106.73655,-6.11901],[106.73639,-6.11893],[106.73631,-6.11888],[106.7362,-6.11883],[106.73604,-6.11874],[106.7358,-6.11859],[106.73562,-6.11847],[106.73534,-6.11827],[106.73502,-6.11804],[106.73462,-6.11773],[106.73427,-6.11742],[106.734,-6.11716],[106.73368,-6.11684],[106.73335,-6.11649],[106.73313,-6.11624],[106.73295,-6.11604],[106.73232,-6.11532],[106.73127,-6.11414]],[[106.73331,-6.11574],[106.73351,-6.11596],[106.73376,-6.11623],[106.73405,-6.11654],[106.73434,-6.11683],[106.73463,-6.11713],[106.735,-6.11744],[106.73533,-6.1177],[106.73565,-6.11792],[106.73591,-6.1181],[106.73609,-6.11821],[106.73636,-6.11838],[106.73662,-6.11853],[106.73687,-6.11866],[106.73717,-6.11882],[106.7374,-6.11895],[106.73753,-6.11902],[106.73775,-6.11912],[106.73807,-6.11927],[106.73894,-6.11965],[106.73937,-6.11984],[106.73981,-6.12002],[106.74014,-6.12017],[106.74051,-6.12032],[106.74087,-6.12048],[106.74154,-6.12076],[106.74357,-6.12163],[106.74403,-6.12181],[106.74434,-6.12192],[106.74463,-6.122],[106.74498,-6.12209],[106.74533,-6.12217],[106.74574,-6.12224],[106.74603,-6.12228],[106.74657,-6.12231],[106.74812,-6.12237],[106.75073,-6.12245],[106.75219,-6.12252]],[[106.68225,-6.11531],[106.68257,-6.1152],[106.68303,-6.11502],[106.68334,-6.1149],[106.68355,-6.1148],[106.68386,-6.11465],[106.6842,-6.11447],[106.6849,-6.11407],[106.68647,-6.11314]],[[106.71594,-6.09697],[106.71575,-6.09682],[106.71532,-6.09655],[106.71487,-6.09633],[106.71436,-6.09615],[106.71367,-6.09602],[106.71318,-6.09598],[106.71265,-6.09601],[106.71212,-6.09611],[106.71177,-6.09622],[106.71128,-6.09642],[106.71076,-6.09669],[106.70427,-6.10089]],[[106.71624,-6.09703],[106.7166,-6.09742]],[[106.71648,-6.0975],[106.71613,-6.09712]],[[106.71839,-6.09939],[106.72083,-6.10213],[106.72462,-6.1064],[106.73026,-6.1126],[106.73344,-6.11618],[106.73367,-6.11643],[106.73392,-6.11668],[106.73417,-6.11694],[106.73442,-6.11718],[106.73464,-6.11737],[106.73488,-6.11758],[106.73516,-6.11779],[106.73541,-6.11797],[106.73565,-6.11816],[106.73603,-6.11841],[106.73631,-6.11858],[106.73664,-6.11876],[106.73896,-6.1198],[106.74411,-6.12196],[106.7444,-6.12207],[106.74472,-6.12216],[106.74508,-6.12225],[106.74548,-6.12233],[106.74584,-6.12238],[106.74651,-6.12243],[106.75218,-6.12261]],[[106.76958,-6.12175],[106.76975,-6.12177],[106.76992,-6.12178],[106.77007,-6.12179],[106.77023,-6.12177],[106.77098,-6.12172],[106.7715,-6.12167],[106.77199,-6.12161],[106.7728,-6.12158]],[[106.77287,-6.12147],[106.7732,-6.1215],[106.77349,-6.12156],[106.77364,-6.12159]],[[106.75322,-6.12265],[106.75483,-6.1227],[106.75592,-6.12273],[106.75792,-6.12276],[106.75905,-6.12275],[106.7602,-6.12271],[106.76145,-6.12262],[106.76254,-6.12255],[106.76627,-6.12212]],[[106.77492,-6.12225],[106.77517,-6.12244],[106.77546,-6.12269],[106.77565,-6.12287],[106.77586,-6.12313],[106.77601,-6.12334],[106.77607,-6.12341],[106.77617,-6.12357]],[[106.7728,-6.12158],[106.77317,-6.12161],[106.77352,-6.12166],[106.77386,-6.12175],[106.77399,-6.12179],[106.77418,-6.12185]],[[106.77418,-6.12198],[106.77391,-6.12188],[106.77356,-6.12179],[106.77323,-6.12172],[106.77296,-6.12169]],[[106.77704,-6.12562],[106.77695,-6.12547],[106.77667,-6.12489],[106.77614,-6.12376],[106.77599,-6.12348],[106.77584,-6.12327],[106.77573,-6.12313],[106.77544,-6.12282],[106.77523,-6.12262],[106.77489,-6.12236],[106.77469,-6.12224],[106.77443,-6.1221],[106.77418,-6.12198]],[[106.69671,-6.10554],[106.6965,-6.10565],[106.69631,-6.10576],[106.69623,-6.1058]],[[106.69719,-6.10528],[106.69671,-6.10554]],[[106.77258,-6.12169],[106.77228,-6.1217],[106.77202,-6.12172],[106.77179,-6.12176]],[[106.77418,-6.12185],[106.77434,-6.12192],[106.77459,-6.12205],[106.77492,-6.12225]],[[106.73266,-6.11501],[106.73331,-6.11574]],[[106.73814,-6.1197],[106.7378,-6.11956],[106.73655,-6.11901]],[[106.75217,-6.12281],[106.75075,-6.12279],[106.74814,-6.12272],[106.74657,-6.12266],[106.74603,-6.12262],[106.74573,-6.12259],[106.74529,-6.12252],[106.74498,-6.12245],[106.74463,-6.12237],[106.7443,-6.12227],[106.74394,-6.12216],[106.74343,-6.12196],[106.74143,-6.12109],[106.74078,-6.12082],[106.73954,-6.12028]],[[106.73201,-6.11436],[106.73228,-6.11463]],[[106.77996,-6.1287],[106.78057,-6.12923]],[[106.77296,-6.12169],[106.77258,-6.12169]],[[106.73851,-6.11987],[106.73814,-6.1197]],[[106.73954,-6.12028],[106.73851,-6.11987]],[[106.7166,-6.09742],[106.717,-6.09783]],[[106.77026,-6.12168],[106.77186,-6.12152],[106.7724,-6.12147],[106.77287,-6.12147]],[[106.76958,-6.12175],[106.76992,-6.12171]],[[106.76704,-6.12203],[106.76715,-6.12201],[106.76763,-6.12194]],[[106.76714,-6.12188],[106.76736,-6.12183],[106.76756,-6.12177],[106.76771,-6.12172],[106.76785,-6.12167]],[[106.76874,-6.12181],[106.76882,-6.1218],[106.76886,-6.1218]],[[106.71789,-6.09916],[106.71778,-6.09902],[106.71721,-6.09834]],[[106.71721,-6.09834],[106.71648,-6.0975]],[[106.69519,-6.10653],[106.69426,-6.10714],[106.69372,-6.10746]],[[106.71613,-6.09712],[106.71605,-6.09706],[106.71594,-6.09697]],[[106.72619,-6.10793],[106.72623,-6.10797],[106.72655,-6.10831],[106.72742,-6.10929],[106.72809,-6.11005],[106.72874,-6.11078],[106.72889,-6.11096],[106.72998,-6.11216],[106.73061,-6.11288]],[[106.72603,-6.10825],[106.72517,-6.10729],[106.72446,-6.10651],[106.72133,-6.103],[106.71917,-6.10061],[106.71789,-6.09916]],[[106.73061,-6.11288],[106.73088,-6.11317],[106.73166,-6.114],[106.73201,-6.11436]],[[106.73127,-6.11414],[106.73034,-6.11305]],[[106.69749,-6.10513],[106.69719,-6.10528]],[[106.69769,-6.10502],[106.69749,-6.10513]],[[106.69609,-6.10589],[106.69596,-6.10598],[106.69576,-6.10613]],[[106.6954,-6.1064],[106.69519,-6.10653]],[[106.69576,-6.10613],[106.6954,-6.1064]],[[106.69623,-6.1058],[106.69609,-6.10589]],[[106.717,-6.09783],[106.71707,-6.09785],[106.71716,-6.09789],[106.71725,-6.09797]],[[106.77179,-6.12176],[106.77083,-6.12187]],[[106.76627,-6.12212],[106.76656,-6.12208]],[[106.76785,-6.12167],[106.76811,-6.12156],[106.76836,-6.12149],[106.76869,-6.12143],[106.76892,-6.1214]],[[106.76923,-6.12177],[106.76933,-6.12176]],[[106.7691,-6.12178],[106.76923,-6.12177]],[[106.76893,-6.1218],[106.7691,-6.12178]],[[106.76763,-6.12194],[106.76831,-6.12185]],[[106.76933,-6.12176],[106.76953,-6.12175],[106.76958,-6.12175]],[[106.76656,-6.12208],[106.76704,-6.12203]],[[106.76992,-6.12171],[106.77026,-6.12168]],[[106.717,-6.09783],[106.71839,-6.09939]],[[106.78111,-6.12984],[106.78067,-6.1295],[106.78036,-6.12925],[106.77986,-6.1288],[106.77895,-6.12793],[106.77812,-6.12705],[106.77781,-6.1267],[106.77756,-6.12641],[106.77747,-6.12628]],[[106.76912,-6.12208],[106.76871,-6.12213],[106.7684,-6.12214],[106.7683,-6.12214],[106.76801,-6.12215],[106.76754,-6.12214]],[[106.77083,-6.12187],[106.76986,-6.12199]],[[106.7697,-6.12153],[106.77026,-6.12168]],[[106.76892,-6.1214],[106.76956,-6.12149]],[[106.76886,-6.1218],[106.76893,-6.1218]],[[106.76831,-6.12185],[106.76874,-6.12181]],[[106.76956,-6.12149],[106.76962,-6.1215],[106.7697,-6.12153]],[[106.68954,-6.11114],[106.689,-6.11162],[106.68851,-6.112]],[[106.69276,-6.10802],[106.69246,-6.10821],[106.69224,-6.10837],[106.69193,-6.10862],[106.69169,-6.10883],[106.69157,-6.10895],[106.69107,-6.10951],[106.69044,-6.1102],[106.68954,-6.11114]],[[106.69372,-6.10746],[106.69276,-6.10802]],[[106.69827,-6.10469],[106.69769,-6.10502]],[[106.70035,-6.10341],[106.69926,-6.10407]],[[106.69847,-6.10458],[106.69827,-6.10469]],[[106.78278,-6.13086],[106.78229,-6.13061]],[[106.77969,-6.12844],[106.77996,-6.1287]],[[106.77942,-6.12817],[106.77969,-6.12844]],[[106.77747,-6.12628],[106.77734,-6.12611],[106.77704,-6.12562]],[[106.73228,-6.11463],[106.73266,-6.11501]],[[106.76986,-6.12199],[106.76956,-6.12202],[106.76912,-6.12208]],[[106.69909,-6.10399],[106.69918,-6.10394]],[[106.69918,-6.10412],[106.69847,-6.10458]],[[106.69926,-6.10407],[106.69918,-6.10412]],[[106.69918,-6.10394],[106.70067,-6.10304]],[[106.70078,-6.10314],[106.70072,-6.10318]],[[106.70072,-6.103],[106.70413,-6.1008]],[[106.70067,-6.10304],[106.70072,-6.103]],[[106.70072,-6.10318],[106.70035,-6.10341]],[[106.70413,-6.1008],[106.70419,-6.10076]],[[106.70427,-6.10089],[106.7042,-6.10093]],[[106.7042,-6.10093],[106.70078,-6.10314]],[[106.69639,-6.10546],[106.69673,-6.10527],[106.69704,-6.1051],[106.69718,-6.10502],[106.69751,-6.10487],[106.69781,-6.1047],[106.69909,-6.10399]]]},"properties":{"length_km":20.7,"focus":[106.73894,-6.11965],"osm_ways":107}},{"type":"Feature","id":"tol-jagorawi","geometry":{"type":"MultiLineString","coordinates":[[[106.87292,-6.2671],[106.87292,-6.26705],[106.87292,-6.26699]],[[106.88698,-6.32562],[106.88688,-6.32022],[106.88684,-6.31935],[106.88677,-6.31844],[106.88666,-6.31754],[106.88649,-6.31655],[106.88588,-6.31365],[106.88496,-6.30967],[106.88444,-6.30732],[106.88305,-6.30122],[106.88292,-6.3006],[106.88267,-6.29954],[106.88232,-6.29834],[106.88179,-6.297],[106.88172,-6.29688]],[[106.87494,-6.27982],[106.87507,-6.28012]],[[106.87486,-6.2802],[106.87475,-6.2799]],[[106.87475,-6.2799],[106.87411,-6.27827],[106.87407,-6.27817],[106.87363,-6.27708],[106.87352,-6.27672],[106.87331,-6.27606],[106.87299,-6.27484]],[[106.874,-6.25125],[106.87379,-6.25146],[106.87363,-6.25164],[106.87348,-6.25183],[106.8733,-6.2521],[106.87312,-6.2524],[106.87293,-6.25277],[106.87276,-6.25313],[106.87268,-6.25337],[106.87262,-6.25358],[106.87256,-6.25386],[106.87251,-6.25408],[106.87246,-6.25432],[106.87244,-6.25456],[106.87241,-6.25497],[106.87242,-6.25539],[106.87247,-6.25576],[106.87252,-6.25607],[106.87318,-6.25843]],[[106.87286,-6.26479],[106.87293,-6.26375],[106.87296,-6.26293],[106.87311,-6.26115],[106.87316,-6.26014],[106.87315,-6.25946],[106.87308,-6.25887],[106.87296,-6.25826],[106.87236,-6.25603],[106.8723,-6.25568],[106.87227,-6.25531],[106.87226,-6.25503],[106.87228,-6.25465],[106.87231,-6.25435],[106.87242,-6.25376],[106.8725,-6.25339],[106.8726,-6.25311],[106.8728,-6.25269],[106.87305,-6.25219],[106.87317,-6.25201],[106.87333,-6.25179],[106.87346,-6.25162],[106.87359,-6.25145],[106.87378,-6.25125],[106.87407,-6.25097],[106.87436,-6.25072]],[[106.87507,-6.28012],[106.87558,-6.2813]],[[106.89408,-6.36199],[106.89413,-6.36234],[106.89473,-6.36559],[106.89517,-6.36792],[106.89582,-6.3716],[106.8961,-6.37307],[106.89638,-6.37498]],[[106.87292,-6.26699],[106.87292,-6.26663]],[[106.87291,-6.26624],[106.87289,-6.26588],[106.87285,-6.26543]],[[106.87676,-6.2847],[106.87486,-6.2802]],[[106.87299,-6.27484],[106.87275,-6.27344],[106.87269,-6.27297],[106.87265,-6.27253]],[[106.87318,-6.25843],[106.87321,-6.25863],[106.87325,-6.25884],[106.87331,-6.25945],[106.87333,-6.26015],[106.87329,-6.26114],[106.87329,-6.26124],[106.87321,-6.26215],[106.87315,-6.26279]],[[106.88746,-6.33151],[106.88751,-6.3318]],[[106.88741,-6.33227],[106.88732,-6.33182]],[[106.88962,-6.34302],[106.88976,-6.34382],[106.88998,-6.34498],[106.89019,-6.34595],[106.8903,-6.3464],[106.89044,-6.34695],[106.89055,-6.34738],[106.89074,-6.34809],[106.89101,-6.34905],[106.89187,-6.352],[106.89212,-6.35292],[106.89266,-6.35486],[106.89284,-6.35554],[106.89302,-6.35622],[106.89318,-6.35701],[106.89356,-6.35905]],[[106.89359,-6.36035],[106.893,-6.35705],[106.8928,-6.35614],[106.89257,-6.35522],[106.89117,-6.35032],[106.89064,-6.34848],[106.89053,-6.34808],[106.89019,-6.34682],[106.88999,-6.34593],[106.88977,-6.34484],[106.88962,-6.34403],[106.88944,-6.34303],[106.88924,-6.34192],[106.8887,-6.33919],[106.88835,-6.33744],[106.88805,-6.33567],[106.88789,-6.33487],[106.88776,-6.33414],[106.88741,-6.33227]],[[106.88524,-6.31002],[106.88601,-6.31345],[106.88667,-6.31652],[106.88685,-6.31758],[106.88695,-6.31845],[106.88702,-6.31929],[106.88706,-6.32],[106.88709,-6.32186],[106.88717,-6.32537],[106.88724,-6.32904],[106.88726,-6.32962],[106.88731,-6.33025],[106.88733,-6.33048],[106.88738,-6.33088],[106.88744,-6.33134]],[[106.88133,-6.2959],[106.88048,-6.2938],[106.8804,-6.29361],[106.87974,-6.29197]],[[106.87315,-6.26279],[106.87311,-6.26334],[106.87308,-6.26395],[106.87309,-6.26426],[106.87313,-6.26475],[106.87323,-6.26538],[106.87326,-6.26563],[106.87328,-6.26587],[106.87329,-6.26632],[106.87327,-6.26706],[106.87324,-6.2674],[106.87318,-6.26779],[106.87311,-6.26823],[106.87301,-6.26858],[106.87291,-6.26893],[106.87281,-6.26943]],[[106.87281,-6.26943],[106.87279,-6.26957],[106.87277,-6.26969],[106.87277,-6.26975]],[[106.87277,-6.26975],[106.87274,-6.2704],[106.87273,-6.27107],[106.87273,-6.2714],[106.87285,-6.2729],[106.87286,-6.27299],[106.87311,-6.27448],[106.87331,-6.2753],[106.87349,-6.27603],[106.87369,-6.27667]],[[106.87899,-6.2902],[106.87858,-6.28919],[106.87781,-6.28724],[106.87676,-6.2847]],[[106.87883,-6.28924],[106.87942,-6.29062],[106.87983,-6.29168]],[[106.87868,-6.28889],[106.87883,-6.28924]],[[106.87617,-6.28273],[106.87666,-6.284],[106.87668,-6.28405],[106.87868,-6.28889]],[[106.87558,-6.2813],[106.87579,-6.28178]],[[106.87369,-6.27667],[106.87381,-6.27701],[106.87429,-6.27819],[106.87433,-6.2783],[106.87482,-6.27952],[106.87488,-6.27967],[106.87494,-6.27982]],[[106.88094,-6.29435],[106.88198,-6.29681]],[[106.88198,-6.29681],[106.882,-6.29688],[106.88224,-6.29748]],[[106.88259,-6.29844],[106.88262,-6.29853],[106.88265,-6.29865],[106.88274,-6.29897],[106.88289,-6.29951],[106.8831,-6.30042],[106.88327,-6.30114],[106.88349,-6.30223],[106.88359,-6.30272],[106.88369,-6.30319],[106.88464,-6.30734]],[[106.88224,-6.29748],[106.88259,-6.29843],[106.88259,-6.29844]],[[106.87579,-6.28178],[106.87617,-6.28273]],[[106.87983,-6.29168],[106.88015,-6.29244]],[[106.88015,-6.29244],[106.88094,-6.29435]],[[106.87492,-6.25045],[106.87421,-6.25105],[106.874,-6.25125]],[[106.87974,-6.29197],[106.87899,-6.2902]],[[106.88172,-6.29688],[106.88133,-6.2959]],[[106.87259,-6.27006],[106.87261,-6.26963],[106.87262,-6.26944],[106.87266,-6.26916],[106.8727,-6.269],[106.87276,-6.26872],[106.87282,-6.26828]],[[106.87262,-6.27208],[106.87256,-6.2712]],[[106.87256,-6.2712],[106.87252,-6.2705],[106.87253,-6.26982],[106.87254,-6.26964],[106.87256,-6.26921],[106.87261,-6.26827],[106.87264,-6.26735],[106.87266,-6.26685],[106.87272,-6.26613]],[[106.87272,-6.26598],[106.87285,-6.26543]],[[106.87272,-6.26613],[106.87272,-6.26606],[106.87272,-6.26598]],[[106.89428,-6.36413],[106.89359,-6.36035]],[[106.87292,-6.26663],[106.87291,-6.26624]],[[106.87282,-6.26828],[106.87292,-6.2671]],[[106.87256,-6.2712],[106.87259,-6.27006]],[[106.88699,-6.32615],[106.88698,-6.32562]],[[106.88728,-6.33153],[106.88713,-6.33026],[106.88709,-6.32963],[106.88706,-6.32904],[106.88699,-6.32615]],[[106.89365,-6.35958],[106.89378,-6.36028]],[[106.89356,-6.35905],[106.89365,-6.35958]],[[106.89378,-6.36028],[106.89391,-6.36099],[106.89408,-6.36199]],[[106.88837,-6.33648],[106.88848,-6.3371]],[[106.8876,-6.33223],[106.88773,-6.33292],[106.8879,-6.33384],[106.88809,-6.33487],[106.88824,-6.33572],[106.88837,-6.33648]],[[106.89627,-6.37579],[106.89623,-6.37515],[106.89619,-6.37474],[106.89614,-6.37438],[106.896,-6.37354],[106.89428,-6.36413]],[[106.87265,-6.27253],[106.87262,-6.27208]],[[106.87285,-6.26543],[106.87284,-6.26519],[106.87286,-6.26479]],[[106.88464,-6.30734],[106.88524,-6.31002]],[[106.88848,-6.3371],[106.88888,-6.33917],[106.88912,-6.3404],[106.8894,-6.34184],[106.88962,-6.34302]],[[106.88732,-6.33182],[106.88728,-6.33153]],[[106.88751,-6.3318],[106.8876,-6.33223]],[[106.88744,-6.33134],[106.88746,-6.33151]]]},"properties":{"length_km":14.7,"focus":[106.88133,-6.2959],"osm_ways":63}},{"type":"Feature","id":"tol-cikampek","geometry":{"type":"MultiLineString","coordinates":[[[106.88418,-6.24736],[106.8844,-6.24733],[106.88466,-6.24729],[106.88498,-6.24721],[106.88519,-6.24716],[106.88541,-6.24709],[106.88573,-6.24696],[106.88585,-6.2469],[106.88611,-6.24677],[106.88623,-6.24671],[106.88644,-6.24659],[106.88679,-6.24638],[106.887,-6.24624],[106.88732,-6.24602],[106.88752,-6.24588],[106.88768,-6.24576],[106.88785,-6.24564],[106.88804,-6.24551],[106.88839,-6.24525],[106.88867,-6.24505],[106.88888,-6.2449],[106.88912,-6.24475],[106.8893,-6.24463],[106.88956,-6.24447],[106.88983,-6.2443],[106.8901,-6.24417],[106.89015,-6.24415],[106.89056,-6.24403],[106.891,-6.24393],[106.89149,-6.24382],[106.89194,-6.24378],[106.89238,-6.24374],[106.89292,-6.24374],[106.89341,-6.24378],[106.89388,-6.24387],[106.89418,-6.24395],[106.89448,-6.24403],[106.8948,-6.24414],[106.89511,-6.24425]],[[106.88265,-6.24746],[106.8828,-6.24745],[106.8837,-6.24741],[106.88418,-6.24736]],[[106.90349,-6.25386],[106.90307,-6.25353]],[[106.90981,-6.25675],[106.90795,-6.25603],[106.90622,-6.25538],[106.90539,-6.25503]],[[106.91004,-6.25664],[106.91075,-6.25692],[106.91155,-6.25723],[106.91247,-6.25758],[106.91284,-6.25769],[106.9135,-6.25789],[106.91403,-6.25802],[106.9148,-6.25816],[106.91564,-6.25827],[106.91622,-6.25832],[106.9173,-6.25836],[106.91876,-6.25835],[106.91964,-6.25831],[106.92057,-6.25826],[106.9219,-6.25819]],[[106.9032,-6.25338],[106.90339,-6.25353],[106.90358,-6.25368]],[[106.88719,-6.2465],[106.88637,-6.24693]],[[106.92236,-6.25834],[106.92192,-6.25837]],[[106.96386,-6.25476],[106.96421,-6.2546],[106.96433,-6.25454],[106.96453,-6.25444],[106.96552,-6.25387],[106.96609,-6.25354],[106.96692,-6.25305],[106.96977,-6.25124],[106.9702,-6.25096],[106.97081,-6.2506],[106.97143,-6.25025],[106.9719,-6.25],[106.97248,-6.24975],[106.97307,-6.24951],[106.9735,-6.24934],[106.97398,-6.24918],[106.97431,-6.24908],[106.97486,-6.24895],[106.97516,-6.24889],[106.97577,-6.24878],[106.97629,-6.24871],[106.97663,-6.24868],[106.97693,-6.24865],[106.97735,-6.24863],[106.97783,-6.24863],[106.97828,-6.24864]],[[106.9219,-6.25819],[106.92243,-6.25816]],[[106.92764,-6.2579],[106.92875,-6.25784],[106.9298,-6.25779]],[[106.95682,-6.25658],[106.95287,-6.25683],[106.9511,-6.25692],[106.9509,-6.25693],[106.94702,-6.25714]],[[106.93661,-6.25763],[106.93587,-6.25767],[106.93403,-6.25776],[106.93144,-6.25788],[106.92798,-6.25806],[106.92717,-6.2581],[106.92629,-6.25815],[106.92289,-6.25832],[106.92241,-6.25834],[106.92236,-6.25834]],[[106.9371,-6.25761],[106.93661,-6.25763]],[[106.94812,-6.25688],[106.94897,-6.25684],[106.94988,-6.2568],[106.95093,-6.25675],[106.95117,-6.25674],[106.95152,-6.25671],[106.95199,-6.25668],[106.9528,-6.25663]],[[106.93658,-6.25746],[106.93711,-6.25744]],[[106.88878,-6.24535],[106.88865,-6.24545],[106.88838,-6.24562],[106.88805,-6.24579]],[[106.88909,-6.24511],[106.88903,-6.24515],[106.88898,-6.24519]],[[106.88989,-6.24466],[106.88975,-6.2447],[106.88945,-6.24488],[106.88909,-6.24511]],[[106.90539,-6.25503],[106.90518,-6.25492],[106.90487,-6.25477],[106.90437,-6.25448]],[[106.90437,-6.25448],[106.90383,-6.25413],[106.90349,-6.25386]],[[106.90358,-6.25368],[106.90378,-6.25383],[106.90426,-6.25419],[106.90459,-6.25439]],[[106.93978,-6.25732],[106.94063,-6.25728],[106.94088,-6.25726]],[[106.93711,-6.25744],[106.93796,-6.2574],[106.93876,-6.25736],[106.93978,-6.25732]],[[106.93073,-6.25775],[106.93151,-6.25771],[106.93235,-6.25767],[106.93329,-6.25763],[106.9343,-6.25758],[106.93522,-6.25753],[106.93594,-6.2575],[106.93658,-6.25746]],[[106.92243,-6.25816],[106.92288,-6.25814],[106.92318,-6.25813],[106.92392,-6.2581]],[[106.91515,-6.25838],[106.91477,-6.25833],[106.91402,-6.2582],[106.91353,-6.25809]],[[106.92192,-6.25837],[106.91876,-6.25852],[106.91728,-6.25852],[106.91621,-6.25848],[106.9156,-6.25845],[106.91526,-6.2584]],[[106.89782,-6.24639],[106.89732,-6.2459],[106.89666,-6.24538]],[[106.89666,-6.24538],[106.8961,-6.24501],[106.89576,-6.24483],[106.8954,-6.24465],[106.89512,-6.24452]],[[106.89885,-6.24766],[106.89826,-6.24689],[106.89782,-6.24639]],[[106.89931,-6.24835],[106.89908,-6.24799],[106.89885,-6.24766]],[[106.90307,-6.25353],[106.90269,-6.25321],[106.90233,-6.25286],[106.90205,-6.25257],[106.90178,-6.25225],[106.90156,-6.25197],[106.90134,-6.25166],[106.90102,-6.25123],[106.90072,-6.25074],[106.90051,-6.25037],[106.90017,-6.24979],[106.89959,-6.24881],[106.89931,-6.24835]],[[106.88086,-6.24764],[106.88076,-6.24763]],[[106.88559,-6.24723],[106.88535,-6.24732],[106.88511,-6.24739],[106.88488,-6.24744]],[[106.88488,-6.24744],[106.88449,-6.24752],[106.88408,-6.24755],[106.88366,-6.24758],[106.88365,-6.24758],[106.88289,-6.24762],[106.88267,-6.24763]],[[106.88774,-6.24614],[106.88738,-6.24637],[106.88719,-6.2465]],[[106.88989,-6.24466],[106.88978,-6.24482],[106.88939,-6.24517],[106.88919,-6.2453],[106.88908,-6.24537],[106.88837,-6.24578],[106.8883,-6.24582],[106.8881,-6.24593],[106.88774,-6.24614]],[[106.89109,-6.24416],[106.89066,-6.24431],[106.89048,-6.2444],[106.89009,-6.24457],[106.88989,-6.24466]],[[106.89155,-6.24405],[106.89109,-6.24416]],[[106.892,-6.24397],[106.89155,-6.24405]],[[106.89512,-6.24452],[106.89484,-6.24439],[106.89455,-6.24428],[106.89422,-6.24418],[106.89372,-6.24405],[106.89329,-6.24398],[106.89286,-6.24394],[106.89243,-6.24394],[106.892,-6.24397]],[[106.89511,-6.24425],[106.89545,-6.24441],[106.89579,-6.24457],[106.89617,-6.24481],[106.89662,-6.24509],[106.89695,-6.24535],[106.89728,-6.24561],[106.89743,-6.24575],[106.89768,-6.24598],[106.8979,-6.24621],[106.89806,-6.24637],[106.89831,-6.24663],[106.89851,-6.24689],[106.8987,-6.24712],[106.8989,-6.24741],[106.89918,-6.24782],[106.8994,-6.24814],[106.89962,-6.24851],[106.89985,-6.24889],[106.9001,-6.24931],[106.9003,-6.24964],[106.9005,-6.24998],[106.90068,-6.25028],[106.90084,-6.25056],[106.90103,-6.25083],[106.90126,-6.25118],[106.90151,-6.25155],[106.90176,-6.25192],[106.90205,-6.25225],[106.90228,-6.25251],[106.90244,-6.25271],[106.90276,-6.25299],[106.90302,-6.25322],[106.9032,-6.25338]],[[106.9298,-6.25779],[106.93073,-6.25775]],[[106.92392,-6.2581],[106.92499,-6.25804],[106.92641,-6.25797],[106.92764,-6.2579]],[[106.88898,-6.24519],[106.88896,-6.2452],[106.88889,-6.24526],[106.88878,-6.24535]],[[106.88805,-6.24579],[106.88772,-6.24595],[106.88738,-6.24616],[106.88698,-6.24642],[106.88659,-6.24665],[106.88652,-6.24669],[106.88625,-6.24685],[106.88605,-6.24697],[106.88569,-6.24716],[106.88559,-6.24723]],[[106.88123,-6.24767],[106.88103,-6.24766],[106.88086,-6.24764]],[[106.88179,-6.24767],[106.88123,-6.24767]],[[106.88089,-6.2475],[106.88115,-6.24751]],[[106.88055,-6.24748],[106.88072,-6.24749],[106.88084,-6.2475],[106.88089,-6.2475]],[[106.9829,-6.24985],[106.98248,-6.24968],[106.98211,-6.24955],[106.98174,-6.24944],[106.98141,-6.24935],[106.98093,-6.24924],[106.98032,-6.24911],[106.97987,-6.24904],[106.97941,-6.24898],[106.9789,-6.24896],[106.97863,-6.24895],[106.97839,-6.24893],[106.97812,-6.24893],[106.97789,-6.24892],[106.97743,-6.24893],[106.97691,-6.24896],[106.97667,-6.24898],[106.9764,-6.24899],[106.97619,-6.24902],[106.97574,-6.24908],[106.97527,-6.24917],[106.97493,-6.24924],[106.97459,-6.24932],[106.97422,-6.24942],[106.97379,-6.24956],[106.97336,-6.24971],[106.97298,-6.24983],[106.97279,-6.24991],[106.9723,-6.25011],[106.97169,-6.25042],[106.97118,-6.25069],[106.97075,-6.25094],[106.97024,-6.25125],[106.96824,-6.25258],[106.96733,-6.25315],[106.96673,-6.25353],[106.96563,-6.25413],[106.96431,-6.25472]],[[106.95783,-6.25649],[106.95758,-6.25653],[106.95747,-6.25654],[106.95682,-6.25658]],[[106.96431,-6.25472],[106.96354,-6.25506],[106.96288,-6.25532],[106.96091,-6.25586],[106.96008,-6.25607],[106.95871,-6.25632],[106.95825,-6.2564],[106.95802,-6.25645],[106.95783,-6.25649]],[[106.94366,-6.25728],[106.94221,-6.25737],[106.94134,-6.2574]],[[106.90459,-6.25439],[106.90491,-6.25455]],[[106.91526,-6.2584],[106.91515,-6.25838]],[[106.97828,-6.24864],[106.9788,-6.24865],[106.97914,-6.24868],[106.97951,-6.24871]],[[106.97951,-6.24871],[106.97991,-6.24877],[106.98035,-6.24884],[106.98086,-6.24895],[106.98114,-6.24901],[106.98155,-6.24913],[106.98191,-6.24923],[106.98265,-6.24948],[106.98331,-6.24972],[106.98394,-6.24997],[106.98474,-6.25036],[106.98858,-6.25234],[106.98906,-6.25255],[106.99336,-6.25424]],[[106.94134,-6.2574],[106.9407,-6.25742],[106.94001,-6.25746],[106.9371,-6.25761]],[[106.94702,-6.25714],[106.94414,-6.25726],[106.94366,-6.25728]],[[106.8825,-6.24746],[106.88265,-6.24746]],[[106.88115,-6.24751],[106.88175,-6.24749],[106.88212,-6.24748],[106.8825,-6.24746]],[[106.8825,-6.24764],[106.88222,-6.24765],[106.88179,-6.24767]],[[106.88267,-6.24763],[106.8825,-6.24764]],[[106.94088,-6.25726],[106.94152,-6.25723],[106.94248,-6.25718],[106.94345,-6.25713],[106.94423,-6.25709],[106.94512,-6.25704],[106.94582,-6.257],[106.94642,-6.25697],[106.94812,-6.25688]],[[106.95645,-6.25645],[106.95715,-6.2564],[106.95755,-6.25634],[106.95775,-6.25631]],[[106.95775,-6.25631],[106.95799,-6.25632],[106.9582,-6.2563],[106.9584,-6.25628],[106.95866,-6.25623],[106.95931,-6.2561],[106.95992,-6.25598],[106.96028,-6.2559],[106.9607,-6.25578],[106.96104,-6.25568],[106.96165,-6.25554],[106.96224,-6.25535],[106.96236,-6.25531],[106.96319,-6.25501],[106.96349,-6.25491],[106.96386,-6.25476]],[[106.91353,-6.25809],[106.91329,-6.25802],[106.91288,-6.2579],[106.91243,-6.25776],[106.9119,-6.25756],[106.91141,-6.25737],[106.91093,-6.25718],[106.91052,-6.25703],[106.90981,-6.25675]],[[106.90491,-6.25455],[106.90547,-6.25485],[106.9061,-6.25512],[106.90656,-6.2553],[106.90714,-6.25552],[106.90802,-6.25586],[106.90843,-6.25602],[106.90934,-6.25637],[106.91004,-6.25664]],[[106.9528,-6.25663],[106.95364,-6.25659],[106.95457,-6.25655],[106.95536,-6.25652],[106.95557,-6.2565],[106.95579,-6.25649],[106.95645,-6.25645]],[[106.88637,-6.24693],[106.88602,-6.24707],[106.88597,-6.24709],[106.88583,-6.24715],[106.88571,-6.2472],[106.88559,-6.24723]]]},"properties":{"length_km":13.1,"focus":[106.92243,-6.25816],"osm_ways":72}},{"type":"Feature","id":"sudirman","geometry":{"type":"MultiLineString","coordinates":[[[106.82309,-6.20173],[106.82299,-6.20212],[106.82296,-6.20226],[106.82283,-6.20288]],[[106.80104,-6.22927],[106.80089,-6.22929],[106.8008,-6.22932],[106.80071,-6.22937],[106.80066,-6.22941]],[[106.80031,-6.22961],[106.80027,-6.2296],[106.80008,-6.22955]],[[106.71254,-6.28054],[106.71292,-6.28057],[106.71341,-6.28059],[106.71362,-6.28059],[106.71385,-6.28055],[106.71444,-6.28046],[106.71464,-6.28042],[106.71483,-6.28039],[106.71513,-6.28032],[106.71543,-6.28025],[106.71569,-6.28019],[106.71595,-6.28013],[106.71679,-6.27994],[106.71719,-6.27975],[106.71805,-6.27936],[106.7186,-6.27918]],[[106.71902,-6.27916],[106.71877,-6.27924],[106.71861,-6.27929],[106.7181,-6.27947],[106.71768,-6.27967],[106.71735,-6.27983],[106.71691,-6.28003],[106.71685,-6.28006],[106.71608,-6.28023],[106.71529,-6.28041],[106.71521,-6.28043],[106.71489,-6.28049],[106.71463,-6.28054],[106.7139,-6.28066],[106.71384,-6.28067],[106.71365,-6.28071]],[[106.80112,-6.22791],[106.80112,-6.22801],[106.80111,-6.22808],[106.80109,-6.22843],[106.80104,-6.22927]],[[106.80885,-6.22208],[106.80895,-6.22201],[106.80917,-6.22184]],[[106.82198,-6.2072],[106.82203,-6.2067],[106.82206,-6.20643],[106.82207,-6.20631],[106.82209,-6.20614],[106.82212,-6.20592],[106.82215,-6.20565],[106.82219,-6.2052]],[[106.81529,-6.21699],[106.81539,-6.21691],[106.81552,-6.21682],[106.81558,-6.21677]],[[106.82303,-6.19746],[106.82302,-6.1973],[106.82301,-6.19683],[106.82301,-6.19663],[106.82299,-6.19592],[106.82298,-6.19576],[106.82297,-6.1957],[106.82295,-6.19564]],[[106.7996,-6.22953],[106.79954,-6.22952],[106.7995,-6.22951],[106.79946,-6.22951],[106.79941,-6.22949],[106.79937,-6.22947],[106.79933,-6.22945],[106.79931,-6.22943],[106.79929,-6.2294],[106.79927,-6.22937],[106.79924,-6.22933],[106.79923,-6.22931],[106.79921,-6.22928],[106.79919,-6.22925]],[[106.82333,-6.19541],[106.82327,-6.19549],[106.82325,-6.19551],[106.82324,-6.19554],[106.82323,-6.19557],[106.82322,-6.19559],[106.8232,-6.19564],[106.82319,-6.19568]],[[106.82237,-6.20558],[106.82237,-6.20566],[106.82234,-6.20595],[106.82225,-6.20687],[106.82222,-6.20712],[106.82221,-6.20717],[106.82216,-6.20763],[106.82214,-6.20773],[106.82212,-6.20784],[106.82212,-6.20787],[106.8221,-6.20797],[106.82207,-6.20815],[106.822,-6.20849],[106.8219,-6.20881],[106.82187,-6.2089],[106.82183,-6.20903],[106.82164,-6.20954],[106.82155,-6.20974],[106.8213,-6.21025],[106.82112,-6.2106],[106.82109,-6.21066],[106.82101,-6.21082],[106.8209,-6.21103],[106.82075,-6.21133],[106.82059,-6.21163],[106.82056,-6.21169],[106.82039,-6.21204],[106.82035,-6.21211],[106.82018,-6.21244],[106.82014,-6.21252],[106.81991,-6.21291],[106.81986,-6.21301],[106.81978,-6.21312],[106.81974,-6.2132],[106.81952,-6.2135],[106.81945,-6.2136],[106.8192,-6.2139],[106.81913,-6.21398]],[[106.82252,-6.20328],[106.82255,-6.20317]],[[106.79994,-6.22888],[106.79991,-6.22893],[106.79989,-6.22896],[106.79987,-6.229],[106.79985,-6.22905],[106.79984,-6.22909],[106.79981,-6.22918]],[[106.8232,-6.19636],[106.82321,-6.19656],[106.82321,-6.19671],[106.82322,-6.19699],[106.82322,-6.19712],[106.82323,-6.19733],[106.82323,-6.19752],[106.82323,-6.19758],[106.82325,-6.19829],[106.82326,-6.19862]],[[106.80008,-6.22955],[106.79999,-6.22953],[106.79992,-6.22951],[106.79987,-6.2295],[106.79982,-6.22948],[106.79975,-6.22947],[106.79975,-6.22947],[106.79969,-6.22945]],[[106.81442,-6.2177],[106.81496,-6.21726],[106.815,-6.21722],[106.81513,-6.21712]],[[106.80177,-6.22742],[106.80145,-6.22766]],[[106.80478,-6.22484],[106.8056,-6.22422],[106.80568,-6.22417],[106.8064,-6.22368],[106.80702,-6.22328]],[[106.80917,-6.22184],[106.80963,-6.22147],[106.80974,-6.22137]],[[106.81301,-6.21884],[106.81327,-6.21863],[106.81386,-6.21816],[106.81412,-6.21795],[106.81415,-6.21793]],[[106.8224,-6.20388],[106.82244,-6.20359]],[[106.8098,-6.22131],[106.81053,-6.22078]],[[106.81982,-6.21261],[106.82008,-6.21215]],[[106.81695,-6.21568],[106.81698,-6.21564],[106.81733,-6.21538],[106.81768,-6.2151]],[[106.81212,-6.21954],[106.81274,-6.21905]],[[106.82255,-6.20317],[106.82262,-6.20293],[106.82266,-6.20276],[106.82274,-6.20238],[106.82276,-6.20225],[106.82286,-6.20181],[106.82288,-6.20173],[106.82288,-6.20171],[106.82289,-6.20168]],[[106.82289,-6.20168],[106.823,-6.20112],[106.823,-6.2011],[106.82304,-6.20082]],[[106.82307,-6.19969],[106.82307,-6.19963],[106.82307,-6.1996],[106.82307,-6.19935],[106.82306,-6.19921],[106.82306,-6.19908],[106.82305,-6.19902],[106.82305,-6.19898],[106.82305,-6.19875],[106.82305,-6.19872],[106.82304,-6.19863],[106.82305,-6.19854]],[[106.82305,-6.19854],[106.82303,-6.19789]],[[106.81667,-6.21618],[106.81638,-6.21641],[106.81591,-6.21678],[106.81578,-6.21689],[106.81573,-6.21692],[106.81558,-6.21704],[106.81534,-6.21723]],[[106.81692,-6.21598],[106.81669,-6.21617]],[[106.82219,-6.2052],[106.82223,-6.20494],[106.82225,-6.20473],[106.82225,-6.20469],[106.82232,-6.20423],[106.8224,-6.20388]],[[106.8152,-6.21734],[106.81465,-6.21777]],[[106.80403,-6.2254],[106.80406,-6.22537],[106.80471,-6.2249],[106.80478,-6.22484]],[[106.97945,-6.22564],[106.97942,-6.22561],[106.97912,-6.22531],[106.9788,-6.22499],[106.9785,-6.22471]],[[106.97816,-6.22428],[106.9784,-6.22448],[106.97901,-6.22507],[106.9792,-6.22525],[106.97938,-6.22544],[106.9795,-6.22555],[106.97957,-6.22563],[106.97965,-6.22571],[106.97992,-6.22598]],[[106.80898,-6.22227],[106.80856,-6.22256],[106.80769,-6.22312],[106.80733,-6.22335],[106.80676,-6.22371],[106.80665,-6.22379]],[[106.80112,-6.22791],[106.80063,-6.2283],[106.80035,-6.22854],[106.8,-6.22883],[106.79994,-6.22888]],[[106.81873,-6.21412],[106.81895,-6.21385]],[[106.81404,-6.21825],[106.81395,-6.21833]],[[106.81309,-6.219],[106.8127,-6.21931]],[[106.8127,-6.21931],[106.81222,-6.21968]],[[106.81395,-6.21833],[106.81309,-6.219]],[[106.81222,-6.21968],[106.81146,-6.22028],[106.81071,-6.2209]],[[106.81274,-6.21905],[106.81298,-6.21886],[106.81301,-6.21884]],[[106.79992,-6.22862],[106.80005,-6.2285],[106.80028,-6.2283],[106.80052,-6.22809],[106.80077,-6.22789],[106.80082,-6.22785],[106.80088,-6.2278],[106.80095,-6.22775],[106.80168,-6.22721],[106.80176,-6.22715],[106.80228,-6.22676],[106.80257,-6.22653],[106.80313,-6.2261],[106.80367,-6.22568],[106.80383,-6.22556],[106.80403,-6.2254]],[[106.81023,-6.22128],[106.80898,-6.22227]],[[106.8144,-6.21797],[106.81404,-6.21825]],[[106.81862,-6.21462],[106.81849,-6.21481],[106.81846,-6.21485],[106.81827,-6.215],[106.81813,-6.21509],[106.81798,-6.21518]],[[106.82328,-6.20013],[106.82328,-6.20057],[106.82325,-6.20089],[106.82321,-6.20116],[106.82309,-6.20173]],[[106.82283,-6.20288],[106.82279,-6.20303],[106.82275,-6.20321]],[[106.81814,-6.21462],[106.81844,-6.21434],[106.81867,-6.21415],[106.81873,-6.21412]],[[106.81768,-6.2151],[106.81789,-6.21491],[106.81795,-6.21486]],[[106.82304,-6.20082],[106.82307,-6.20057],[106.82308,-6.20012],[106.82307,-6.19994],[106.82307,-6.19969]],[[106.7186,-6.27918],[106.71873,-6.27915],[106.71924,-6.27899],[106.71938,-6.27895],[106.71956,-6.27892],[106.72,-6.27883],[106.72003,-6.27883],[106.72008,-6.27882],[106.7201,-6.27881]],[[106.97647,-6.22256],[106.97649,-6.22257],[106.97651,-6.22258],[106.97662,-6.22263],[106.97675,-6.22274],[106.97697,-6.22295],[106.97733,-6.22329],[106.97744,-6.2234],[106.97754,-6.22349]],[[106.9778,-6.22429],[106.97768,-6.22419],[106.97749,-6.224],[106.97719,-6.2237],[106.97717,-6.22368],[106.97693,-6.22344],[106.97653,-6.22304],[106.97632,-6.22283],[106.97623,-6.22274]],[[106.82008,-6.21215],[106.82021,-6.21188],[106.8203,-6.2117],[106.82067,-6.21096],[106.82073,-6.21084],[106.82112,-6.21007],[106.82128,-6.20974],[106.82145,-6.2094],[106.82156,-6.20914]],[[106.81948,-6.21315],[106.81958,-6.21299],[106.81969,-6.21282],[106.81982,-6.21261]],[[106.81053,-6.22078],[106.81212,-6.21954]],[[106.81415,-6.21793],[106.81442,-6.2177]],[[106.72233,-6.2785],[106.72223,-6.27852],[106.72152,-6.27865],[106.72143,-6.27867],[106.72136,-6.27868],[106.72121,-6.27871],[106.72082,-6.27878],[106.72068,-6.2788],[106.72054,-6.27883],[106.72012,-6.27891]],[[106.72219,-6.27842],[106.72245,-6.27837],[106.72267,-6.2783],[106.72278,-6.27826]],[[106.71365,-6.28071],[106.71292,-6.2807]],[[106.71292,-6.2807],[106.71286,-6.28071],[106.71283,-6.28074],[106.71281,-6.28079]],[[106.81622,-6.21624],[106.81644,-6.21608],[106.81666,-6.21591]],[[106.81558,-6.21677],[106.81581,-6.21658],[106.81585,-6.21655],[106.81622,-6.21624]],[[106.81787,-6.21523],[106.81723,-6.21574]],[[106.81723,-6.21574],[106.81693,-6.21598]],[[106.80592,-6.2243],[106.80551,-6.22459],[106.80527,-6.22478],[106.80518,-6.22485],[106.80506,-6.22494],[106.80496,-6.22501],[106.80472,-6.22519],[106.80463,-6.22526],[106.80433,-6.22548],[106.80426,-6.22553],[106.80418,-6.2256],[106.80394,-6.22578]],[[106.81895,-6.21385],[106.81948,-6.21315]],[[106.97834,-6.22458],[106.97815,-6.22451],[106.978,-6.22443]],[[106.978,-6.22443],[106.9778,-6.22429]],[[106.97799,-6.22416],[106.97816,-6.22428]],[[106.98072,-6.22688],[106.97994,-6.22611]],[[106.97992,-6.22598],[106.98,-6.22606]],[[106.98,-6.22606],[106.98063,-6.22668],[106.98075,-6.2268]],[[106.97754,-6.22349],[106.97777,-6.22373],[106.97816,-6.22428]],[[106.81795,-6.21486],[106.818,-6.21478],[106.81807,-6.21469],[106.81814,-6.21462]],[[106.81875,-6.2144],[106.81871,-6.21449],[106.81862,-6.21462]],[[106.81795,-6.21486],[106.81804,-6.21481],[106.81815,-6.21471],[106.81858,-6.2143],[106.8187,-6.21418],[106.81873,-6.21412]],[[106.81875,-6.2144],[106.81868,-6.21446],[106.8186,-6.21453],[106.81823,-6.21489],[106.81789,-6.21519],[106.81787,-6.21523]],[[106.97994,-6.22611],[106.97945,-6.22564]],[[106.82329,-6.19943],[106.82329,-6.20004],[106.82328,-6.20013]],[[106.82244,-6.20359],[106.82252,-6.20328]],[[106.9785,-6.22471],[106.97834,-6.22458]],[[106.82156,-6.20914],[106.82167,-6.20879],[106.82182,-6.20825],[106.82192,-6.20772],[106.82194,-6.20756],[106.82198,-6.2072]],[[106.81913,-6.21398],[106.8191,-6.21402],[106.81902,-6.21412],[106.81889,-6.21425],[106.81875,-6.2144]],[[106.81798,-6.21518],[106.81792,-6.21522],[106.81787,-6.21523]],[[106.80665,-6.22379],[106.80657,-6.22384],[106.80641,-6.22395],[106.80632,-6.22401],[106.80623,-6.22407],[106.80605,-6.2242],[106.80592,-6.2243]],[[106.80702,-6.22328],[106.80759,-6.22292],[106.80823,-6.22251],[106.80885,-6.22208]],[[106.80145,-6.22766],[106.80125,-6.22781],[106.80112,-6.22791]],[[106.81513,-6.21712],[106.81529,-6.21699]],[[106.81534,-6.21723],[106.81532,-6.21725],[106.8152,-6.21734]],[[106.80974,-6.22137],[106.8098,-6.22131]],[[106.81465,-6.21777],[106.8144,-6.21797]],[[106.81071,-6.2209],[106.81048,-6.22108]],[[106.82319,-6.19568],[106.82319,-6.19581],[106.82319,-6.19607],[106.8232,-6.19624],[106.8232,-6.1963],[106.8232,-6.19636]],[[106.82303,-6.19789],[106.82303,-6.19779],[106.82303,-6.19769],[106.82303,-6.19756],[106.82303,-6.19756],[106.82303,-6.19748],[106.82303,-6.19746]],[[106.82278,-6.19546],[106.8227,-6.19538]],[[106.82326,-6.19862],[106.82327,-6.19872],[106.82327,-6.19883],[106.82328,-6.19896],[106.82328,-6.19905],[106.82328,-6.19912],[106.82328,-6.19925],[106.82328,-6.19929],[106.82329,-6.19943]],[[106.82275,-6.20321],[106.82272,-6.20335],[106.82254,-6.2043],[106.82253,-6.20434],[106.82248,-6.20465],[106.82246,-6.2049],[106.82237,-6.20558]],[[106.81048,-6.22108],[106.81023,-6.22128]],[[106.82295,-6.19564],[106.82281,-6.19549],[106.82278,-6.19546]],[[106.81669,-6.21617],[106.81667,-6.21618]],[[106.81693,-6.21598],[106.81692,-6.21598]],[[106.81669,-6.21588],[106.81695,-6.21568]],[[106.81666,-6.21591],[106.81669,-6.21588]],[[106.72012,-6.27891],[106.72001,-6.27894],[106.71973,-6.27899],[106.71968,-6.279],[106.71958,-6.27902],[106.71943,-6.27905],[106.71926,-6.27909],[106.71902,-6.27916]],[[106.72284,-6.27836],[106.72273,-6.2784],[106.72251,-6.27847],[106.72233,-6.2785]],[[106.7201,-6.27881],[106.72052,-6.27873],[106.72095,-6.27865],[106.72119,-6.27861],[106.72142,-6.27857],[106.72147,-6.27856],[106.72183,-6.2785],[106.72188,-6.27849],[106.72219,-6.27842]],[[106.80394,-6.22578],[106.80358,-6.22605],[106.80313,-6.22639],[106.8019,-6.22732],[106.80177,-6.22742]]]},"properties":{"length_km":7.2,"focus":[106.8127,-6.21931],"osm_ways":114}},{"type":"Feature","id":"thamrin","geometry":{"type":"MultiLineString","coordinates":[[[106.82299,-6.18635],[106.823,-6.18618],[106.82301,-6.18591],[106.82301,-6.18571],[106.82301,-6.18558],[106.82301,-6.1853],[106.82301,-6.18522],[106.82301,-6.1852],[106.823,-6.18514],[106.82298,-6.18502],[106.82294,-6.18462],[106.82293,-6.1845]],[[106.82308,-6.1909],[106.82308,-6.19108],[106.82308,-6.19118],[106.8231,-6.19203],[106.82312,-6.19251],[106.82312,-6.19255],[106.82314,-6.19321],[106.82314,-6.19326],[106.82315,-6.19341],[106.82316,-6.19376],[106.82317,-6.19411],[106.82318,-6.19419],[106.82321,-6.19425]],[[106.82326,-6.19435],[106.82335,-6.19448],[106.82338,-6.19453],[106.8234,-6.19456],[106.82347,-6.19468]],[[106.82288,-6.18315],[106.82284,-6.18245],[106.82279,-6.18171],[106.82278,-6.18144],[106.82275,-6.18102],[106.82275,-6.18099],[106.82274,-6.18093]],[[106.82312,-6.18913],[106.82311,-6.18925]],[[106.82317,-6.18789],[106.82317,-6.18794],[106.82314,-6.18849],[106.82313,-6.18882]],[[106.82311,-6.18925],[106.82311,-6.18943]],[[106.82313,-6.18882],[106.82312,-6.18913]],[[106.82311,-6.18943],[106.8231,-6.18969]],[[106.82305,-6.181],[106.82303,-6.18108],[106.82303,-6.18113],[106.82307,-6.18186],[106.82308,-6.18197],[106.82308,-6.18203],[106.8231,-6.18247],[106.82311,-6.18254],[106.82311,-6.18256],[106.82311,-6.18268],[106.82312,-6.1828],[106.82316,-6.18314]],[[106.8232,-6.18726],[106.82317,-6.18789]],[[106.8231,-6.18981],[106.82307,-6.1904],[106.82307,-6.19068]],[[106.8229,-6.19088],[106.82287,-6.19049]],[[106.82292,-6.19217],[106.8229,-6.19132]],[[106.82271,-6.19456],[106.82282,-6.19444],[106.82284,-6.19442],[106.82292,-6.19432],[106.82294,-6.19426],[106.82295,-6.19419],[106.82295,-6.1941]],[[106.82287,-6.18951],[106.82286,-6.18896],[106.82287,-6.18879],[106.82287,-6.18869]],[[106.82287,-6.19049],[106.82286,-6.19042],[106.82286,-6.19012]],[[106.8229,-6.19132],[106.8229,-6.19088]],[[106.82286,-6.19012],[106.82286,-6.18972],[106.82287,-6.18951]],[[106.82287,-6.18869],[106.82289,-6.18818],[106.8229,-6.18798],[106.82291,-6.18787],[106.82292,-6.18743],[106.82293,-6.18721],[106.82294,-6.18712],[106.82294,-6.18708],[106.82294,-6.18704]],[[106.82295,-6.1941],[106.82295,-6.19377],[106.82294,-6.19348],[106.82294,-6.19342],[106.82293,-6.19321],[106.82293,-6.19307],[106.82293,-6.19273],[106.82293,-6.19253],[106.82293,-6.19233],[106.82293,-6.19229],[106.82292,-6.19217]],[[106.82318,-6.18341],[106.8232,-6.18374],[106.8232,-6.18384],[106.82322,-6.18402],[106.82325,-6.18446],[106.82326,-6.18466],[106.82327,-6.18483],[106.82328,-6.18515],[106.82328,-6.18522],[106.82328,-6.18546],[106.82328,-6.18559],[106.82327,-6.18572],[106.82326,-6.18586],[106.82325,-6.18601]],[[106.82295,-6.18696],[106.82295,-6.18688],[106.82296,-6.18677],[106.82297,-6.18662]],[[106.82321,-6.18697],[106.8232,-6.18706]],[[106.8232,-6.18706],[106.8232,-6.18713],[106.8232,-6.18726]],[[106.82317,-6.18327],[106.82318,-6.18336]],[[106.8229,-6.18337],[106.82289,-6.18328]],[[106.82294,-6.18704],[106.82295,-6.18696]],[[106.82321,-6.18689],[106.82321,-6.18697]],[[106.82321,-6.19425],[106.82325,-6.19433],[106.82326,-6.19435]],[[106.82293,-6.1845],[106.82291,-6.18399],[106.82291,-6.18398],[106.82291,-6.18385],[106.8229,-6.18356],[106.8229,-6.18343]],[[106.82307,-6.19068],[106.82307,-6.19078],[106.82308,-6.1909]],[[106.8231,-6.18969],[106.8231,-6.18981]],[[106.82318,-6.18336],[106.82318,-6.18341]],[[106.82297,-6.18662],[106.82299,-6.18635]],[[106.82325,-6.18601],[106.82324,-6.1861],[106.82324,-6.18612],[106.82323,-6.18623],[106.82323,-6.18649],[106.82322,-6.18685],[106.82321,-6.18689]],[[106.82305,-6.18089],[106.82305,-6.18097],[106.82305,-6.181]],[[106.8229,-6.18343],[106.8229,-6.18337]],[[106.82316,-6.18314],[106.82317,-6.18327]],[[106.82289,-6.18328],[106.82288,-6.18315]]]},"properties":{"length_km":1.5,"focus":[106.82291,-6.18787],"osm_ways":40}},{"type":"Feature","id":"gatot-subroto","geometry":{"type":"MultiLineString","coordinates":[[[106.84099,-6.24212],[106.84103,-6.24217],[106.84107,-6.2422],[106.84118,-6.24223]],[[106.82984,-6.23868],[106.8297,-6.2386],[106.82958,-6.23854],[106.82935,-6.23842],[106.82884,-6.2381],[106.82819,-6.23769]],[[106.81256,-6.22006],[106.81187,-6.21905]],[[106.81225,-6.21885],[106.81286,-6.21972]],[[106.80015,-6.20189],[106.8002,-6.202],[106.80023,-6.20206],[106.8003,-6.20218],[106.80062,-6.20277],[106.80084,-6.20322],[106.80085,-6.20325]],[[106.80025,-6.20228],[106.80089,-6.20362],[106.80115,-6.20417]],[[106.80088,-6.20454],[106.79981,-6.20235]],[[106.80449,-6.20924],[106.80384,-6.2085],[106.80378,-6.20843],[106.80335,-6.20793],[106.80312,-6.20765],[106.80209,-6.20641]],[[106.81918,-6.22896],[106.81921,-6.22899],[106.81924,-6.22903],[106.81932,-6.22912],[106.81943,-6.22923],[106.81949,-6.22928],[106.8197,-6.22957],[106.81973,-6.22963],[106.81999,-6.23002],[106.82005,-6.23012],[106.82021,-6.23038],[106.82047,-6.23081],[106.82063,-6.23107],[106.82066,-6.23111]],[[106.83354,-6.24036],[106.83367,-6.24038],[106.8341,-6.2405],[106.83461,-6.24062],[106.83507,-6.24074],[106.83511,-6.24075],[106.83516,-6.24075],[106.83529,-6.24074]],[[106.80829,-6.2131],[106.80846,-6.21331],[106.80869,-6.2136],[106.80893,-6.21391]],[[106.82984,-6.23868],[106.82973,-6.23858],[106.82962,-6.2385],[106.82949,-6.23842]],[[106.81681,-6.22629],[106.81678,-6.22624],[106.81663,-6.22602],[106.8163,-6.22553],[106.81593,-6.22499],[106.81578,-6.22476]],[[106.83861,-6.24205],[106.83827,-6.24195],[106.83794,-6.24187],[106.83785,-6.24185],[106.83774,-6.24185],[106.83766,-6.24183],[106.83758,-6.24182],[106.83713,-6.24171],[106.8367,-6.24161]],[[106.82468,-6.23486],[106.82475,-6.2349],[106.82503,-6.23502],[106.82525,-6.23514],[106.82546,-6.23527]],[[106.83259,-6.24043],[106.83238,-6.24031],[106.83234,-6.24029],[106.8322,-6.24021]],[[106.83434,-6.24104],[106.83426,-6.24102],[106.83396,-6.24094],[106.8335,-6.24081],[106.83346,-6.2408],[106.83315,-6.24071],[106.83296,-6.24062],[106.83259,-6.24043]],[[106.79999,-6.20146],[106.80002,-6.20154],[106.80004,-6.2016],[106.80008,-6.20174]],[[106.79998,-6.2043],[106.80039,-6.20404],[106.80042,-6.20399],[106.80043,-6.2038]],[[106.82731,-6.23662],[106.8277,-6.23688],[106.82824,-6.23722],[106.82951,-6.238]],[[106.82951,-6.238],[106.82961,-6.23806],[106.82971,-6.23811],[106.82977,-6.23813],[106.82982,-6.23815]],[[106.83249,-6.23982],[106.83299,-6.23998],[106.83328,-6.24011],[106.83381,-6.2403],[106.83387,-6.24032],[106.83398,-6.24035],[106.83442,-6.24048],[106.83456,-6.24052],[106.83486,-6.2406],[106.83513,-6.24069],[106.83529,-6.24074]],[[106.80115,-6.20417],[106.80118,-6.20421],[106.80136,-6.20456],[106.80153,-6.20486]],[[106.80136,-6.20544],[106.80112,-6.205],[106.80089,-6.20455],[106.80088,-6.20454]],[[106.81723,-6.22609],[106.8173,-6.22618]],[[106.81378,-6.22108],[106.81381,-6.22112],[106.81391,-6.22126],[106.81405,-6.22148],[106.81417,-6.22165],[106.81431,-6.22186],[106.81438,-6.22195],[106.81454,-6.22219],[106.81465,-6.22234]],[[106.81696,-6.22651],[106.81681,-6.22629]],[[106.81769,-6.22759],[106.81739,-6.22716],[106.81722,-6.22691],[106.8172,-6.22687],[106.81696,-6.22651]],[[106.82724,-6.23709],[106.82714,-6.23702]],[[106.82701,-6.23694],[106.82697,-6.23691],[106.82686,-6.23684]],[[106.82714,-6.23702],[106.82701,-6.23694]],[[106.82227,-6.23378],[106.82222,-6.23373],[106.8222,-6.23371],[106.82182,-6.23337],[106.82179,-6.23333],[106.82147,-6.233],[106.8214,-6.23292],[106.82136,-6.23288],[106.82125,-6.23274],[106.82107,-6.2325],[106.821,-6.2324],[106.82086,-6.23221],[106.82083,-6.23216],[106.82057,-6.2318],[106.82052,-6.23173],[106.82041,-6.23157],[106.8199,-6.23082],[106.81969,-6.23051],[106.81941,-6.23009],[106.81936,-6.23002],[106.81897,-6.22945],[106.81893,-6.22939],[106.81888,-6.22931],[106.81859,-6.2289],[106.81856,-6.22885],[106.81776,-6.22769]],[[106.82813,-6.23706],[106.82823,-6.23712],[106.82829,-6.23716],[106.8285,-6.23728],[106.82873,-6.23743],[106.82884,-6.23749],[106.8291,-6.23765],[106.82918,-6.2377],[106.82936,-6.23782],[106.82971,-6.23805],[106.82982,-6.23815]],[[106.84322,-6.24353],[106.84298,-6.24349]],[[106.84274,-6.24342],[106.84229,-6.24324],[106.84156,-6.24292]],[[106.84156,-6.24292],[106.84119,-6.24281],[106.8405,-6.24264],[106.83994,-6.24248],[106.83982,-6.24244]],[[106.81149,-6.21768],[106.81158,-6.21782],[106.8116,-6.21785],[106.81162,-6.21787],[106.81168,-6.21797],[106.81183,-6.21819],[106.81223,-6.21881]],[[106.8112,-6.2173],[106.81136,-6.21754]],[[106.81335,-6.22119],[106.81322,-6.22101],[106.81299,-6.22067],[106.81291,-6.22055],[106.81282,-6.22042],[106.81258,-6.22009]],[[106.81344,-6.22132],[106.81335,-6.22119]],[[106.81513,-6.22385],[106.81492,-6.22357],[106.81482,-6.22343]],[[106.81557,-6.22444],[106.81513,-6.22385]],[[106.81525,-6.22308],[106.8155,-6.22343],[106.8157,-6.2237],[106.81574,-6.22376],[106.81575,-6.22378],[106.8158,-6.22385],[106.81587,-6.22397],[106.81602,-6.22423],[106.81613,-6.22442],[106.81634,-6.22477]],[[106.81477,-6.22251],[106.81487,-6.22265],[106.815,-6.22281],[106.81525,-6.22308]],[[106.81672,-6.22533],[106.81688,-6.22558],[106.81708,-6.22586]],[[106.81776,-6.22769],[106.81769,-6.22759]],[[106.81578,-6.22476],[106.81571,-6.22466],[106.81557,-6.22444]],[[106.81784,-6.227],[106.81789,-6.22706],[106.8179,-6.22708],[106.81794,-6.22714],[106.81826,-6.22757],[106.8185,-6.22792],[106.8188,-6.22838],[106.81902,-6.22871],[106.81906,-6.22876]],[[106.81734,-6.22623],[106.8176,-6.22662],[106.81765,-6.2267],[106.81773,-6.22683],[106.81784,-6.227]],[[106.81906,-6.22876],[106.81915,-6.22889],[106.81918,-6.22896]],[[106.81708,-6.22586],[106.81719,-6.22602],[106.81723,-6.22609]],[[106.81002,-6.21631],[106.80991,-6.21616],[106.80985,-6.21608]],[[106.80985,-6.21608],[106.80976,-6.21597]],[[106.80976,-6.21597],[106.8091,-6.21505]],[[106.81186,-6.21903],[106.81106,-6.21784]],[[106.81106,-6.21784],[106.81044,-6.21691]],[[106.81108,-6.2171],[106.8112,-6.2173]],[[106.82618,-6.23589],[106.82703,-6.23646],[106.82731,-6.23662]],[[106.82949,-6.23842],[106.82737,-6.23705],[106.82689,-6.23674],[106.82608,-6.23623],[106.82542,-6.23581],[106.82501,-6.23553],[106.82492,-6.23546]],[[106.82403,-6.23489],[106.82383,-6.23477],[106.82364,-6.23465]],[[106.82445,-6.23518],[106.82422,-6.23502],[106.82403,-6.23489]],[[106.82562,-6.23603],[106.82541,-6.23589],[106.82515,-6.2357],[106.82465,-6.23535],[106.82454,-6.23527],[106.82445,-6.23518]],[[106.82629,-6.23646],[106.82602,-6.23628],[106.82594,-6.23624]],[[106.82468,-6.23486],[106.8248,-6.23497],[106.82481,-6.23498],[106.82564,-6.23553],[106.82618,-6.23589]],[[106.82819,-6.23769],[106.82799,-6.23757],[106.82794,-6.23754],[106.82781,-6.23745],[106.82772,-6.2374],[106.82747,-6.23723],[106.82733,-6.23715],[106.82724,-6.23709]],[[106.80085,-6.20325],[106.80101,-6.20357]],[[106.84061,-6.24204],[106.84076,-6.24208],[106.84099,-6.24212]],[[106.83934,-6.24179],[106.83956,-6.24184],[106.8398,-6.24189],[106.84036,-6.24199]],[[106.83775,-6.2414],[106.83789,-6.24143],[106.8384,-6.24156],[106.83852,-6.24158],[106.83884,-6.24167]],[[106.84181,-6.24231],[106.84196,-6.24236],[106.84232,-6.24247],[106.84266,-6.24257],[106.84284,-6.24263],[106.84287,-6.24264]],[[106.80153,-6.20486],[106.80175,-6.20521],[106.80178,-6.20526]],[[106.80226,-6.20589],[106.80244,-6.20606],[106.80255,-6.20617],[106.8027,-6.20634],[106.80277,-6.20641],[106.80314,-6.20687],[106.80323,-6.20699],[106.80329,-6.20706],[106.80334,-6.20714],[106.80343,-6.20727],[106.80353,-6.20741],[106.80387,-6.20782],[106.80411,-6.20811],[106.80455,-6.20865],[106.80509,-6.20923],[106.80562,-6.20988]],[[106.80735,-6.21228],[106.80771,-6.21256]],[[106.80562,-6.20988],[106.80581,-6.21009],[106.80607,-6.21043],[106.80634,-6.21086],[106.80636,-6.21088],[106.8068,-6.2116],[106.807,-6.21188],[106.80715,-6.21209],[106.80735,-6.21228]],[[106.84287,-6.24264],[106.84297,-6.24268],[106.84345,-6.24275],[106.84357,-6.24278]],[[106.84158,-6.24223],[106.84181,-6.24231]],[[106.82492,-6.23546],[106.82469,-6.23531],[106.82457,-6.23524],[106.82445,-6.23518]],[[106.80194,-6.20553],[106.80211,-6.20573]],[[106.82657,-6.23602],[106.82666,-6.23608],[106.82683,-6.2362],[106.82698,-6.2363],[106.82705,-6.23635],[106.82726,-6.2365],[106.82732,-6.23653]],[[106.8091,-6.21505],[106.80883,-6.2146],[106.80829,-6.21385],[106.80804,-6.21352],[106.80738,-6.21288]],[[106.80043,-6.2038],[106.79993,-6.20278],[106.79983,-6.20259],[106.79965,-6.20222]],[[106.81482,-6.22343],[106.81437,-6.22269]],[[106.83131,-6.23907],[106.83165,-6.23929],[106.83195,-6.2395],[106.83196,-6.2395],[106.83237,-6.23975],[106.83249,-6.23982]],[[106.82982,-6.23815],[106.82998,-6.23825],[106.83012,-6.23834],[106.83018,-6.23838],[106.83024,-6.23841],[106.83052,-6.23859],[106.83061,-6.23864]],[[106.81302,-6.21995],[106.81324,-6.22028],[106.81334,-6.22041],[106.81367,-6.22091]],[[106.80209,-6.20641],[106.80197,-6.20627],[106.80136,-6.20544]],[[106.8173,-6.22618],[106.81734,-6.22623]],[[106.81044,-6.21691],[106.81002,-6.21631]],[[106.82222,-6.23311],[106.82243,-6.2333],[106.82259,-6.23342],[106.82279,-6.23357],[106.82356,-6.23408],[106.82367,-6.23416],[106.82379,-6.23425],[106.8243,-6.23461],[106.82443,-6.23469],[106.82468,-6.23486]],[[106.82166,-6.23251],[106.82173,-6.23258],[106.82177,-6.23263],[106.82179,-6.23265]],[[106.81367,-6.22091],[106.81375,-6.22103]],[[106.81288,-6.21976],[106.81302,-6.21995]],[[106.80211,-6.20573],[106.80226,-6.20589]],[[106.84099,-6.24212],[106.84106,-6.24212],[106.84112,-6.24211],[106.84118,-6.24211],[106.84128,-6.24213],[106.84158,-6.24223]],[[106.82364,-6.23465],[106.82353,-6.23462],[106.82342,-6.23458],[106.82334,-6.23454]],[[106.83103,-6.23944],[106.83083,-6.23931],[106.83062,-6.23918],[106.83046,-6.23908]],[[106.83884,-6.24167],[106.8389,-6.24168],[106.83914,-6.24174],[106.83927,-6.24177],[106.83934,-6.24179]],[[106.81634,-6.22477],[106.81646,-6.22495],[106.81664,-6.22522],[106.81672,-6.22533]],[[106.83529,-6.24074],[106.83539,-6.24077],[106.8358,-6.24087]],[[106.8358,-6.24087],[106.83664,-6.2411],[106.83669,-6.24111],[106.83689,-6.24117],[106.83716,-6.24124],[106.83724,-6.24126],[106.83731,-6.24128],[106.83738,-6.24131],[106.83758,-6.24136],[106.83761,-6.24137],[106.83775,-6.2414]],[[106.83061,-6.23864],[106.83077,-6.23873],[106.83092,-6.23881],[106.83113,-6.23895],[106.83131,-6.23907]],[[106.83566,-6.24136],[106.83533,-6.24127],[106.83526,-6.24126],[106.83501,-6.2412],[106.83495,-6.24118],[106.83445,-6.24106],[106.83434,-6.24104]],[[106.83046,-6.23908],[106.82984,-6.23868]],[[106.82756,-6.2367],[106.8276,-6.23673],[106.82784,-6.23687],[106.82813,-6.23706]],[[106.82732,-6.23653],[106.82756,-6.2367]],[[106.80908,-6.21411],[106.80962,-6.21492]],[[106.80962,-6.21492],[106.81057,-6.21625],[106.81066,-6.21641]],[[106.84356,-6.24356],[106.84322,-6.24353]],[[106.82179,-6.23265],[106.82207,-6.23297],[106.82222,-6.23311]],[[106.82133,-6.2321],[106.82166,-6.23251]],[[106.82686,-6.23684],[106.82681,-6.23681],[106.82629,-6.23646]],[[106.82546,-6.23527],[106.82569,-6.23541]],[[106.82569,-6.23541],[106.82602,-6.23565],[106.82633,-6.23585]],[[106.83193,-6.24004],[106.83111,-6.23949]],[[106.84118,-6.24223],[106.84187,-6.24243],[106.84229,-6.24258],[106.84284,-6.24276],[106.84363,-6.24294]],[[106.83646,-6.24155],[106.83566,-6.24136]],[[106.81375,-6.22103],[106.81378,-6.22108]],[[106.81401,-6.22215],[106.81388,-6.22195],[106.81344,-6.22132]],[[106.83982,-6.24244],[106.83897,-6.2422],[106.83877,-6.24213],[106.83861,-6.24205]],[[106.82066,-6.23111],[106.82081,-6.23135],[106.8209,-6.23149],[106.821,-6.23164]],[[106.821,-6.23164],[106.82121,-6.23194],[106.82133,-6.2321]],[[106.82275,-6.23416],[106.82245,-6.23393],[106.82236,-6.23385],[106.82231,-6.23381],[106.82227,-6.23378]],[[106.82334,-6.23454],[106.82308,-6.23437],[106.82288,-6.23425],[106.82275,-6.23416]],[[106.84298,-6.24349],[106.84274,-6.24342]],[[106.8335,-6.24034],[106.83354,-6.24036]],[[106.80178,-6.20526],[106.80194,-6.20553]],[[106.82633,-6.23585],[106.82649,-6.23596],[106.82657,-6.23602]],[[106.82594,-6.23624],[106.82585,-6.23618],[106.82562,-6.23603]],[[106.81187,-6.21905],[106.81186,-6.21903]],[[106.84036,-6.24199],[106.84039,-6.242],[106.84046,-6.24201],[106.84061,-6.24204]],[[106.8367,-6.24161],[106.83646,-6.24155]],[[106.8322,-6.24021],[106.83193,-6.24004]],[[106.81223,-6.21881],[106.81225,-6.21885]],[[106.81286,-6.21972],[106.81288,-6.21976]],[[106.81089,-6.21681],[106.81108,-6.2171]],[[106.81136,-6.21754],[106.81149,-6.21768]],[[106.81258,-6.22009],[106.81256,-6.22006]],[[106.81437,-6.22269],[106.8141,-6.22229],[106.81401,-6.22215]],[[106.83111,-6.23949],[106.83103,-6.23944]],[[106.81465,-6.22234],[106.81477,-6.22251]],[[106.80008,-6.20174],[106.80011,-6.2018],[106.80015,-6.20189]],[[106.7996,-6.20212],[106.79959,-6.20209],[106.79959,-6.20205],[106.7996,-6.20201],[106.7996,-6.20196],[106.79959,-6.20192]],[[106.84357,-6.24278],[106.84384,-6.24284]],[[106.80738,-6.21288],[106.80727,-6.21278],[106.80711,-6.21266],[106.80695,-6.21251],[106.80684,-6.2124],[106.80669,-6.21221],[106.80654,-6.212],[106.80645,-6.21185]],[[106.81066,-6.21641],[106.81089,-6.21681]],[[106.80645,-6.21185],[106.8059,-6.21092],[106.80575,-6.21075],[106.80557,-6.21051],[106.80529,-6.21022],[106.80505,-6.20995],[106.80449,-6.20924]],[[106.80893,-6.21391],[106.80904,-6.21405],[106.80908,-6.21411]],[[106.80771,-6.21256],[106.80808,-6.21288],[106.80829,-6.2131]],[[106.79965,-6.20222],[106.7996,-6.20212]]]},"properties":{"length_km":8.1,"focus":[106.81949,-6.22928],"osm_ways":149}},{"type":"Feature","id":"rasuna-said","geometry":{"type":"MultiLineString","coordinates":[[[106.8328,-6.22514],[106.83277,-6.22487],[106.83274,-6.22434],[106.8327,-6.22408],[106.83267,-6.22389],[106.83264,-6.22374],[106.83249,-6.2231],[106.8324,-6.22275],[106.83232,-6.22242],[106.83211,-6.22158],[106.83209,-6.22149],[106.832,-6.22113],[106.83197,-6.22101],[106.83188,-6.22076],[106.83182,-6.22059],[106.83175,-6.22045],[106.83148,-6.21983],[106.83139,-6.21959],[106.83122,-6.21909],[106.83106,-6.21859]],[[106.83059,-6.21152],[106.83059,-6.21176],[106.83058,-6.21201],[106.83058,-6.21216],[106.83057,-6.21239],[106.83057,-6.21242],[106.83057,-6.21252],[106.83057,-6.21278],[106.83058,-6.21293],[106.83058,-6.21308],[106.8306,-6.21335],[106.83061,-6.21342],[106.83063,-6.21372],[106.83063,-6.2138],[106.83065,-6.21407],[106.83066,-6.21426],[106.83067,-6.2143],[106.83068,-6.21447],[106.83069,-6.21456],[106.83071,-6.21483],[106.83072,-6.21494],[106.83077,-6.21551],[106.83078,-6.21564],[106.8308,-6.216],[106.83082,-6.21618],[106.83084,-6.21636],[106.83088,-6.21669],[106.83098,-6.21716],[106.83102,-6.21734],[106.83109,-6.21769]],[[106.82873,-6.23511],[106.8287,-6.23517],[106.82866,-6.23524],[106.82863,-6.23526],[106.82846,-6.23542],[106.82836,-6.23553],[106.82807,-6.23589],[106.82806,-6.23591],[106.82802,-6.23598]],[[106.82944,-6.23468],[106.82929,-6.23474],[106.82912,-6.23483],[106.82898,-6.23492],[106.82885,-6.23501],[106.82877,-6.23508]],[[106.82939,-6.20677],[106.82962,-6.20723],[106.82991,-6.20787],[106.83001,-6.2081],[106.83014,-6.20841]],[[106.8304,-6.20937],[106.83046,-6.20972],[106.83049,-6.20995],[106.83053,-6.21037]],[[106.82851,-6.20534],[106.82856,-6.20542],[106.8287,-6.20562],[106.829,-6.20605]],[[106.82884,-6.20627],[106.82878,-6.20615],[106.82838,-6.2055]],[[106.83243,-6.22182],[106.83245,-6.2219],[106.83247,-6.22196],[106.8325,-6.22209],[106.83256,-6.22236],[106.8326,-6.2225],[106.83263,-6.22263],[106.83264,-6.22266],[106.83265,-6.22273],[106.83266,-6.22276],[106.83272,-6.22302],[106.83282,-6.22345]],[[106.82912,-6.2069],[106.82906,-6.2068]],[[106.82732,-6.23653],[106.82734,-6.23651],[106.82741,-6.23642],[106.82744,-6.23636],[106.82773,-6.2359],[106.82775,-6.23587],[106.82782,-6.23578]],[[106.82906,-6.2068],[106.82901,-6.20673],[106.82897,-6.20669],[106.82894,-6.20664],[106.82894,-6.20658],[106.82891,-6.20639]],[[106.82802,-6.23598],[106.82784,-6.23625],[106.82765,-6.23655],[106.82758,-6.23666],[106.82756,-6.2367]],[[106.82935,-6.20733],[106.82915,-6.20695],[106.82912,-6.2069]],[[106.82859,-6.23496],[106.8291,-6.23461],[106.82915,-6.23457]],[[106.82782,-6.23578],[106.82799,-6.23554],[106.82806,-6.23546],[106.82824,-6.23524],[106.82836,-6.23513],[106.82846,-6.23504]],[[106.82983,-6.20826],[106.82981,-6.20815],[106.82974,-6.20798],[106.82963,-6.20772],[106.8295,-6.20744],[106.82935,-6.20714],[106.82917,-6.20678],[106.82905,-6.2066],[106.82891,-6.20639]],[[106.83333,-6.22876],[106.83334,-6.22887],[106.83335,-6.22904],[106.83337,-6.22937],[106.83337,-6.22951],[106.83337,-6.22967],[106.83335,-6.22992],[106.83332,-6.23012],[106.83328,-6.23028],[106.83324,-6.23046],[106.83314,-6.23078],[106.83302,-6.23116],[106.83292,-6.23144],[106.8328,-6.2317],[106.83271,-6.23189],[106.83261,-6.23208],[106.83247,-6.23233],[106.83227,-6.23262],[106.83223,-6.23268],[106.83198,-6.23299],[106.83183,-6.23315],[106.8318,-6.23318],[106.83174,-6.23325],[106.83154,-6.23343],[106.83126,-6.23367],[106.83119,-6.23373],[106.83106,-6.23383],[106.83097,-6.23391],[106.8308,-6.23402],[106.83065,-6.23411],[106.83029,-6.2343],[106.82994,-6.23447],[106.82989,-6.23449],[106.82958,-6.23462],[106.82944,-6.23468]],[[106.829,-6.20605],[106.82922,-6.20643],[106.82939,-6.20677]],[[106.83296,-6.2267],[106.83293,-6.2263],[106.83286,-6.22537],[106.83284,-6.22527],[106.83282,-6.22521],[106.8328,-6.22514]],[[106.82846,-6.23504],[106.82852,-6.23501],[106.82859,-6.23496]],[[106.82969,-6.23433],[106.82981,-6.23428],[106.83008,-6.23415],[106.83017,-6.2341],[106.83028,-6.23405],[106.83052,-6.23391]],[[106.83052,-6.23391],[106.83058,-6.23387],[106.8307,-6.23379],[106.83102,-6.23357],[106.83111,-6.23349],[106.83137,-6.23328]],[[106.83284,-6.22357],[106.83293,-6.22391],[106.83295,-6.22404],[106.83297,-6.22411],[106.83299,-6.22428],[106.833,-6.22443],[106.833,-6.22452],[106.83301,-6.22463],[106.83303,-6.22486]],[[106.83036,-6.21269],[106.83036,-6.21248],[106.83036,-6.21238]],[[106.83137,-6.23328],[106.83157,-6.23309],[106.83174,-6.2329],[106.83181,-6.23283],[106.83192,-6.2327],[106.83204,-6.23254],[106.83221,-6.2323],[106.83232,-6.23211],[106.83246,-6.23187],[106.8325,-6.2318],[106.83257,-6.23165],[106.83268,-6.2314],[106.83283,-6.23101],[106.83286,-6.2309],[106.83293,-6.23069],[106.83303,-6.2303],[106.83309,-6.23002],[106.83312,-6.22983],[106.83313,-6.22971],[106.83314,-6.22963],[106.83313,-6.22947],[106.83312,-6.22929],[106.83312,-6.2291],[106.8331,-6.22893],[106.83309,-6.22875],[106.83309,-6.22868],[106.83307,-6.22846],[106.83306,-6.22826]],[[106.83303,-6.22486],[106.83304,-6.22496],[106.83303,-6.22509],[106.83302,-6.22517],[106.83312,-6.22643],[106.83314,-6.22674],[106.83316,-6.22684],[106.83317,-6.22689],[106.83318,-6.22693],[106.8332,-6.22707]],[[106.83169,-6.2197],[106.83195,-6.22027],[106.83202,-6.22042]],[[106.83318,-6.22612],[106.8332,-6.22637],[106.83322,-6.22672],[106.83322,-6.22673],[106.83322,-6.22684],[106.8332,-6.227],[106.8332,-6.22707]],[[106.83055,-6.21057],[106.83056,-6.21069]],[[106.82877,-6.23508],[106.82873,-6.23511]],[[106.82891,-6.20639],[106.8289,-6.20637],[106.82884,-6.20627]],[[106.83314,-6.22562],[106.83318,-6.22612]],[[106.83325,-6.22781],[106.83327,-6.22802],[106.83328,-6.22812],[106.83329,-6.22826],[106.8333,-6.22836],[106.8333,-6.22844],[106.83331,-6.22848],[106.83333,-6.22876]],[[106.83311,-6.22526],[106.83314,-6.22562]],[[106.83106,-6.21859],[106.83104,-6.21852],[106.83094,-6.21818],[106.83092,-6.21811],[106.83084,-6.21776],[106.83081,-6.21759],[106.83075,-6.21732],[106.83066,-6.2169],[106.83062,-6.21665],[106.83059,-6.21638],[106.83054,-6.21588],[106.83054,-6.21579]],[[106.83202,-6.22042],[106.83206,-6.22052]],[[106.83306,-6.22826],[106.83305,-6.22812],[106.83305,-6.22801],[106.83303,-6.22771],[106.83302,-6.22764],[106.83302,-6.22759],[106.83302,-6.22754]],[[106.83302,-6.22754],[106.83301,-6.22745],[106.833,-6.2273],[106.83299,-6.2272],[106.83297,-6.2268],[106.83296,-6.2267]],[[106.83036,-6.21238],[106.83036,-6.21219]],[[106.83056,-6.21069],[106.83057,-6.21105]],[[106.83296,-6.2267],[106.83292,-6.22659],[106.8329,-6.22655],[106.83289,-6.22635],[106.83287,-6.22611]],[[106.83054,-6.21579],[106.8305,-6.21525],[106.83045,-6.21463],[106.83044,-6.21455],[106.83042,-6.2141]],[[106.83041,-6.21377],[106.8304,-6.21369],[106.8304,-6.2136],[106.83039,-6.21342],[106.83037,-6.21302],[106.83036,-6.21269]],[[106.82983,-6.20826],[106.82973,-6.20812],[106.82968,-6.20803],[106.82965,-6.20795],[106.82947,-6.20759],[106.8294,-6.20743],[106.82935,-6.20733]],[[106.83206,-6.22052],[106.8321,-6.22062],[106.83215,-6.22076],[106.83218,-6.22086],[106.83221,-6.22097],[106.83225,-6.22112],[106.83235,-6.22152],[106.8324,-6.22171],[106.83243,-6.22182]],[[106.83287,-6.22611],[106.83282,-6.22555],[106.83279,-6.22527],[106.83279,-6.2252],[106.8328,-6.22514]],[[106.82915,-6.23457],[106.82938,-6.23447],[106.82969,-6.23433]],[[106.83034,-6.21174],[106.83034,-6.21169],[106.83034,-6.21134],[106.83033,-6.21123],[106.83032,-6.21107],[106.83031,-6.21084],[106.8303,-6.21075],[106.83028,-6.21046],[106.83026,-6.21026],[106.83024,-6.21011],[106.83018,-6.20963],[106.83017,-6.20956],[106.83016,-6.20948],[106.8301,-6.20922]],[[106.8301,-6.20922],[106.83007,-6.20909],[106.83003,-6.20891],[106.82996,-6.20864],[106.82993,-6.20854],[106.82987,-6.20836],[106.82983,-6.20826]],[[106.83057,-6.21105],[106.83059,-6.21152]],[[106.83014,-6.20841],[106.8302,-6.20859],[106.83027,-6.20882],[106.83032,-6.20902],[106.8304,-6.20937]],[[106.83053,-6.21037],[106.83055,-6.21057]],[[106.83109,-6.21769],[106.8311,-6.21772],[106.83119,-6.21813],[106.8313,-6.21853],[106.83139,-6.2188],[106.8315,-6.21918],[106.83153,-6.21926],[106.83165,-6.21959],[106.83169,-6.2197]],[[106.83282,-6.22345],[106.83284,-6.22357]],[[106.83042,-6.2141],[106.83041,-6.21377]],[[106.83036,-6.21219],[106.83036,-6.21185],[106.83034,-6.21174]],[[106.8332,-6.22707],[106.8332,-6.22714],[106.83321,-6.22715],[106.83321,-6.2272],[106.83321,-6.22726],[106.83323,-6.22755],[106.83324,-6.22761],[106.83324,-6.22767],[106.83325,-6.22781]],[[106.83303,-6.22486],[106.83308,-6.22498],[106.83311,-6.22526]]]},"properties":{"length_km":4.2,"focus":[106.83211,-6.22158],"osm_ways":59}},{"type":"Feature","id":"satrio","geometry":{"type":"MultiLineString","coordinates":[[[106.81792,-6.21304],[106.81788,-6.21283],[106.81783,-6.21259],[106.81778,-6.21247]],[[106.81833,-6.21454],[106.81841,-6.2149],[106.81852,-6.21535],[106.81862,-6.21576],[106.81871,-6.2161],[106.8188,-6.21634]],[[106.81966,-6.21928],[106.81962,-6.21916],[106.81961,-6.21909],[106.81949,-6.2187],[106.81948,-6.21864],[106.8194,-6.21837],[106.81933,-6.21812],[106.8193,-6.21803],[106.8191,-6.21735],[106.81909,-6.2173]],[[106.83268,-6.22579],[106.83331,-6.22577]],[[106.84629,-6.22359],[106.84652,-6.22356],[106.84676,-6.22354],[106.84703,-6.22355],[106.84731,-6.22355],[106.84749,-6.22355],[106.84757,-6.22355],[106.84783,-6.22355],[106.84787,-6.22355],[106.84793,-6.22355],[106.84825,-6.22355]],[[106.8188,-6.21634],[106.81889,-6.2166],[106.81899,-6.21686]],[[106.82805,-6.22463],[106.82818,-6.22467],[106.82831,-6.22471],[106.82892,-6.2249],[106.82893,-6.22491],[106.82945,-6.22508],[106.82953,-6.2251],[106.82976,-6.22517],[106.82989,-6.2252],[106.83012,-6.22526],[106.83029,-6.22531],[106.8303,-6.22531],[106.83045,-6.22535],[106.83081,-6.22545],[106.83097,-6.2255],[106.83112,-6.22554]],[[106.84823,-6.22362],[106.84811,-6.22362],[106.84791,-6.22361],[106.84782,-6.2236],[106.84762,-6.2236],[106.84701,-6.2236],[106.84675,-6.2236],[106.84652,-6.22362],[106.84636,-6.22364],[106.84621,-6.22366],[106.84611,-6.22369],[106.84602,-6.22372]],[[106.81899,-6.21686],[106.81925,-6.21712]],[[106.8202,-6.21993],[106.82022,-6.21996],[106.82034,-6.22017],[106.82043,-6.22032],[106.82055,-6.22053],[106.82057,-6.22055],[106.82073,-6.22086],[106.82081,-6.22102],[106.82094,-6.22131],[106.82095,-6.22132],[106.821,-6.22142],[106.82104,-6.22151],[106.8211,-6.22162],[106.82119,-6.22176],[106.82138,-6.222],[106.82152,-6.22213],[106.82185,-6.2224],[106.82208,-6.2226],[106.82213,-6.22263],[106.82217,-6.22266],[106.82243,-6.22279],[106.8228,-6.22294],[106.82293,-6.22299],[106.82312,-6.22305],[106.82325,-6.22309],[106.82372,-6.22325],[106.82399,-6.22334],[106.82409,-6.22338],[106.8251,-6.2237],[106.82538,-6.22378],[106.82573,-6.2239],[106.8261,-6.22401],[106.82614,-6.22403],[106.82654,-6.22417],[106.82664,-6.2242],[106.82699,-6.2243],[106.82749,-6.22445],[106.82771,-6.22452],[106.82792,-6.22459],[106.82805,-6.22463]],[[106.83332,-6.22584],[106.83268,-6.22587]],[[106.81875,-6.21636],[106.81866,-6.21613],[106.8186,-6.21593],[106.81853,-6.21568],[106.81848,-6.21548],[106.81835,-6.2149],[106.81827,-6.21459]],[[106.83331,-6.22577],[106.83398,-6.22569],[106.83423,-6.22566],[106.83453,-6.22562],[106.83481,-6.22553]],[[106.846,-6.22367],[106.84609,-6.22364],[106.84616,-6.22361],[106.84622,-6.2236],[106.84629,-6.22359]],[[106.83495,-6.22575],[106.83467,-6.22567],[106.83399,-6.22576],[106.83332,-6.22584]],[[106.83603,-6.22564],[106.83567,-6.22568],[106.83536,-6.22571],[106.83529,-6.22571],[106.83495,-6.22575]],[[106.81957,-6.21813],[106.81969,-6.2186],[106.81972,-6.2187],[106.81977,-6.21889]],[[106.81929,-6.21723],[106.81936,-6.21745],[106.81938,-6.21752],[106.81938,-6.21753]],[[106.84467,-6.22427],[106.84482,-6.22422],[106.84493,-6.22418],[106.84504,-6.22413],[106.84589,-6.22371],[106.846,-6.22367]],[[106.83565,-6.22543],[106.83673,-6.22531],[106.83677,-6.22531],[106.83682,-6.2253],[106.83804,-6.22515],[106.8381,-6.22515],[106.83812,-6.22514],[106.83824,-6.22514],[106.83839,-6.22512],[106.83845,-6.22512],[106.83855,-6.22511],[106.83872,-6.2251],[106.83882,-6.22509],[106.83911,-6.22505],[106.83935,-6.22502],[106.8395,-6.22503]],[[106.8189,-6.21682],[106.81889,-6.21676],[106.81887,-6.21669],[106.8188,-6.2165],[106.81875,-6.21636]],[[106.83268,-6.22587],[106.83171,-6.22582],[106.83109,-6.22578]],[[106.83109,-6.22578],[106.83074,-6.2257],[106.83043,-6.22561],[106.83005,-6.22551],[106.82963,-6.22539],[106.82938,-6.22532],[106.82895,-6.22519]],[[106.84602,-6.22372],[106.84576,-6.22385],[106.84527,-6.22411],[106.84501,-6.22423],[106.84487,-6.22432],[106.84472,-6.22443]],[[106.83897,-6.22526],[106.83891,-6.22529],[106.83884,-6.22531],[106.83845,-6.22536],[106.83827,-6.22537],[106.83774,-6.22544],[106.83603,-6.22564]],[[106.82895,-6.22519],[106.82845,-6.22503],[106.82836,-6.225],[106.82823,-6.22496]],[[106.82823,-6.22496],[106.82793,-6.22487],[106.82729,-6.22466],[106.82712,-6.22461],[106.82692,-6.22454],[106.82658,-6.22444],[106.8257,-6.22417]],[[106.8257,-6.22417],[106.82533,-6.22406],[106.82519,-6.22401],[106.82501,-6.22396],[106.82496,-6.22394],[106.82455,-6.2238],[106.82414,-6.22366],[106.82399,-6.22361]],[[106.82399,-6.22361],[106.82391,-6.22358],[106.82388,-6.22357],[106.82366,-6.22349],[106.82332,-6.22338],[106.82293,-6.22325],[106.82285,-6.22322],[106.82244,-6.22307],[106.82219,-6.22296],[106.82208,-6.22291],[106.82198,-6.22285],[106.82135,-6.22237]],[[106.82135,-6.22237],[106.82126,-6.22228],[106.82115,-6.22216],[106.82107,-6.22206],[106.82094,-6.2219],[106.82092,-6.22186],[106.82082,-6.22172],[106.82077,-6.22161]],[[106.81909,-6.2173],[106.81895,-6.21695],[106.8189,-6.21682]],[[106.83112,-6.22554],[106.8312,-6.22558],[106.83149,-6.2257],[106.83162,-6.22572],[106.83189,-6.22576],[106.83215,-6.22577],[106.83268,-6.22579]],[[106.81938,-6.21753],[106.81948,-6.21783],[106.81952,-6.21795],[106.81957,-6.21813]],[[106.81919,-6.21742],[106.81957,-6.21813]],[[106.81791,-6.21187],[106.81792,-6.21233],[106.81793,-6.2126],[106.81795,-6.21286],[106.81797,-6.21303]],[[106.83481,-6.22553],[106.83495,-6.22551],[106.83565,-6.22543]],[[106.81899,-6.21686],[106.81907,-6.21709],[106.81919,-6.21742]],[[106.82042,-6.2208],[106.82036,-6.22068],[106.82022,-6.22042],[106.82014,-6.22027],[106.82,-6.22001],[106.81993,-6.21989],[106.81983,-6.21969],[106.81974,-6.21948],[106.81971,-6.21941],[106.81966,-6.21928]],[[106.81977,-6.21889],[106.81982,-6.21907],[106.81989,-6.21932]],[[106.81989,-6.21932],[106.81997,-6.2195],[106.82007,-6.2197],[106.82012,-6.21979],[106.8202,-6.21993]],[[106.82077,-6.22161],[106.82071,-6.22147],[106.82066,-6.22136],[106.82065,-6.22134],[106.82042,-6.2208]],[[106.81827,-6.21459],[106.81819,-6.21424],[106.81792,-6.21304]],[[106.81797,-6.21303],[106.81827,-6.2143],[106.81833,-6.21454]],[[106.81925,-6.21712],[106.81929,-6.21723]]]},"properties":{"length_km":3.7,"focus":[106.82749,-6.22445],"osm_ways":44}},{"type":"Feature","id":"mampang-buncit","geometry":{"type":"MultiLineString","coordinates":[[[106.82927,-6.27899],[106.82946,-6.27874],[106.82958,-6.27854],[106.82969,-6.27837],[106.82976,-6.27824],[106.82979,-6.27819],[106.82983,-6.27811],[106.82988,-6.27801],[106.82994,-6.27788],[106.83,-6.27775],[106.83006,-6.27761],[106.83012,-6.27739],[106.83018,-6.27709],[106.83019,-6.27703],[106.83021,-6.27696],[106.83022,-6.27683],[106.83023,-6.27671],[106.83024,-6.27661],[106.83023,-6.27656],[106.83023,-6.27645],[106.83022,-6.2764],[106.83021,-6.27633],[106.8302,-6.27626],[106.83015,-6.27603],[106.83012,-6.27587],[106.83012,-6.27575],[106.83013,-6.2755],[106.83018,-6.27513],[106.83021,-6.27481],[106.83022,-6.27463],[106.83024,-6.27439],[106.83024,-6.27428],[106.83026,-6.27411],[106.83028,-6.27394],[106.83029,-6.27377],[106.83034,-6.2733],[106.83035,-6.27315],[106.83037,-6.27299],[106.83041,-6.27281],[106.83047,-6.27263],[106.83052,-6.27248],[106.83057,-6.2723],[106.83059,-6.27221],[106.83064,-6.27189],[106.83065,-6.27176],[106.83064,-6.27161],[106.83061,-6.27144],[106.83059,-6.2713],[106.8306,-6.27124],[106.83063,-6.27096],[106.83063,-6.27094],[106.83074,-6.27006],[106.83074,-6.27003],[106.83077,-6.26976],[106.83085,-6.26934],[106.83093,-6.26898],[106.83095,-6.26877],[106.83096,-6.26867],[106.83095,-6.26859],[106.83094,-6.26839],[106.83089,-6.2679],[106.83088,-6.26784],[106.83084,-6.26765],[106.83081,-6.26753],[106.8307,-6.26719],[106.83061,-6.26689],[106.83056,-6.26666],[106.83055,-6.26644],[106.83056,-6.26621]],[[106.82883,-6.25998],[106.82888,-6.26018],[106.82892,-6.26032],[106.82896,-6.26047],[106.82899,-6.26057],[106.82914,-6.26106],[106.82927,-6.26136],[106.8295,-6.26191],[106.82957,-6.26201],[106.82968,-6.26214],[106.82976,-6.26221],[106.82984,-6.26227],[106.83,-6.26241],[106.8301,-6.26248],[106.83029,-6.2626],[106.83043,-6.2627],[106.83051,-6.26279],[106.83057,-6.26286]],[[106.83071,-6.2662],[106.83069,-6.26645],[106.83071,-6.26666],[106.83077,-6.26696],[106.8308,-6.26705],[106.83091,-6.26737],[106.83095,-6.26752],[106.83099,-6.26767],[106.83103,-6.26788],[106.83106,-6.2681],[106.83107,-6.26824],[106.8311,-6.26868],[106.83108,-6.26889],[106.83107,-6.26901],[106.83099,-6.26934],[106.83091,-6.26979],[106.83089,-6.27],[106.83088,-6.27005],[106.83078,-6.27086],[106.83074,-6.27114],[106.83074,-6.27124],[106.83074,-6.27134],[106.83076,-6.27149],[106.83078,-6.27156],[106.8308,-6.27173],[106.83079,-6.27186],[106.83077,-6.27201],[106.83074,-6.27219],[106.8307,-6.27233],[106.83065,-6.2725],[106.83062,-6.27259],[106.83058,-6.27275],[106.83054,-6.2729],[106.83049,-6.2732],[106.83044,-6.27379],[106.83041,-6.27409],[106.83041,-6.27413],[106.8304,-6.27422],[106.83039,-6.27438],[106.83036,-6.2749],[106.83035,-6.27515],[106.8303,-6.27539],[106.83028,-6.27552],[106.83027,-6.27585],[106.83033,-6.27623],[106.83034,-6.27634],[106.83035,-6.27646],[106.83037,-6.2766],[106.83036,-6.27682],[106.83034,-6.27699],[106.83027,-6.27738],[106.83023,-6.27758],[106.83016,-6.27779],[106.83009,-6.27798],[106.82997,-6.27819],[106.82993,-6.27827],[106.82986,-6.27838],[106.82978,-6.27853],[106.82968,-6.27868],[106.82953,-6.2789]],[[106.83031,-6.26279],[106.82992,-6.26254],[106.8298,-6.26245],[106.82967,-6.26235],[106.82955,-6.26222],[106.82947,-6.26212],[106.82938,-6.26197],[106.82931,-6.26184],[106.82925,-6.26168],[106.82922,-6.26162],[106.82914,-6.26141],[106.82901,-6.26109],[106.82889,-6.26075],[106.82882,-6.26053],[106.82878,-6.26036],[106.82869,-6.26001]],[[106.82586,-6.24011],[106.82585,-6.2402],[106.82585,-6.24038],[106.82586,-6.24046]],[[106.82919,-6.27909],[106.82927,-6.27899]],[[106.82939,-6.27908],[106.82931,-6.27918]],[[106.82562,-6.24052],[106.82559,-6.24044],[106.82556,-6.24039],[106.82553,-6.24035],[106.8255,-6.24031],[106.82546,-6.24028],[106.82543,-6.24025],[106.82536,-6.24021]],[[106.83072,-6.26592],[106.83071,-6.26609]],[[106.83057,-6.26286],[106.83061,-6.26295],[106.83064,-6.26308],[106.83065,-6.2632],[106.83065,-6.26363],[106.8306,-6.26395],[106.83059,-6.26416],[106.83059,-6.26443],[106.83061,-6.26461],[106.83063,-6.26475],[106.83064,-6.26482],[106.83065,-6.26488],[106.83069,-6.26512],[106.83071,-6.26538],[106.83072,-6.26562],[106.83073,-6.26576],[106.83072,-6.26592]],[[106.83057,-6.266],[106.83058,-6.26583],[106.83059,-6.26554],[106.83058,-6.26538],[106.83055,-6.26513],[106.8305,-6.26477],[106.83047,-6.26457],[106.83046,-6.26446],[106.83044,-6.26425],[106.83045,-6.26414],[106.83046,-6.26399],[106.8305,-6.26374],[106.83051,-6.26348],[106.83051,-6.26317],[106.8305,-6.2631],[106.83049,-6.26304],[106.83047,-6.26298],[106.83043,-6.26292],[106.83039,-6.26286],[106.83031,-6.26279]],[[106.83056,-6.26613],[106.83057,-6.266]],[[106.82581,-6.24257],[106.82582,-6.2427],[106.82582,-6.24276],[106.82584,-6.24317],[106.82587,-6.24361]],[[106.82606,-6.24555],[106.82612,-6.24598],[106.82615,-6.24616],[106.82617,-6.24632],[106.8262,-6.24658],[106.82624,-6.24691],[106.82625,-6.24698],[106.82634,-6.24763],[106.82636,-6.24774],[106.82641,-6.24802]],[[106.82722,-6.25403],[106.82715,-6.2537],[106.82706,-6.25326],[106.82702,-6.25307],[106.82699,-6.25286],[106.82695,-6.25256],[106.82691,-6.25223],[106.82687,-6.25193],[106.82686,-6.25189],[106.82684,-6.2517],[106.82679,-6.25135],[106.82673,-6.25105],[106.82672,-6.251],[106.82668,-6.25079],[106.82665,-6.25065],[106.82661,-6.25049],[106.8266,-6.25043],[106.82654,-6.25003],[106.82642,-6.2493],[106.82639,-6.24903],[106.82637,-6.24891],[106.82636,-6.2488],[106.82634,-6.24867],[106.8263,-6.24834],[106.82628,-6.24815]],[[106.82644,-6.24833],[106.82649,-6.24869],[106.82659,-6.24944],[106.82664,-6.24974],[106.82673,-6.25029],[106.82689,-6.2511],[106.82694,-6.25134],[106.82699,-6.25167],[106.82702,-6.25189],[106.82703,-6.25202],[106.82704,-6.25206],[106.82708,-6.25237],[106.82711,-6.25266],[106.82713,-6.25282],[106.82716,-6.25299]],[[106.82628,-6.24815],[106.82626,-6.24804]],[[106.82641,-6.24802],[106.82642,-6.24814]],[[106.82626,-6.24804],[106.82621,-6.24771],[106.82613,-6.24719],[106.8261,-6.24696],[106.82604,-6.24649],[106.82604,-6.24645],[106.826,-6.24615],[106.82592,-6.2456],[106.8259,-6.24543],[106.82586,-6.24512],[106.82584,-6.24501],[106.82582,-6.24484],[106.8258,-6.24448],[106.82579,-6.24444],[106.82576,-6.24403],[106.82574,-6.24381]],[[106.82867,-6.25926],[106.82879,-6.25982]],[[106.83071,-6.26609],[106.83071,-6.26614],[106.83071,-6.2662]],[[106.83056,-6.26621],[106.83056,-6.26613]],[[106.82866,-6.25984],[106.82856,-6.25946],[106.82852,-6.25927]],[[106.82519,-6.28811],[106.82497,-6.28853]],[[106.82485,-6.28847],[106.82505,-6.28805]],[[106.82287,-6.29259],[106.8232,-6.2918],[106.82342,-6.29129],[106.8235,-6.29112],[106.82355,-6.29103],[106.82369,-6.29075],[106.82382,-6.29049],[106.82415,-6.28982],[106.82451,-6.28912],[106.82485,-6.28847]],[[106.82497,-6.28853],[106.82476,-6.28895],[106.82464,-6.28917],[106.82451,-6.28946],[106.82446,-6.28955],[106.82431,-6.28987],[106.82394,-6.29058],[106.82376,-6.29096],[106.82374,-6.29099],[106.82363,-6.2912],[106.82359,-6.29129],[106.82352,-6.29145],[106.82349,-6.2915],[106.82302,-6.29262]],[[106.82549,-6.28717],[106.82551,-6.28711]],[[106.82578,-6.28687],[106.82576,-6.28693],[106.82569,-6.28709],[106.82566,-6.28717]],[[106.82505,-6.28805],[106.82514,-6.28787],[106.82549,-6.28717]],[[106.82566,-6.28717],[106.8256,-6.2873],[106.82546,-6.28759],[106.82519,-6.28811]],[[106.82302,-6.29262],[106.82294,-6.29281]],[[106.82279,-6.29277],[106.82287,-6.29259]],[[106.82294,-6.29281],[106.82269,-6.29339],[106.82262,-6.29359],[106.8226,-6.29365]],[[106.82246,-6.29359],[106.82248,-6.29353],[106.82274,-6.29288]],[[106.82574,-6.24381],[106.82573,-6.24369],[106.82571,-6.24342],[106.8257,-6.24322],[106.82568,-6.24292]],[[106.82566,-6.24212],[106.82563,-6.24198],[106.82562,-6.24189],[106.82562,-6.24176],[106.82562,-6.24111],[106.82562,-6.2411],[106.82563,-6.24072],[106.82562,-6.24052]],[[106.82228,-6.29406],[106.82246,-6.29359]],[[106.8226,-6.29365],[106.82241,-6.29412]],[[106.82894,-6.27941],[106.82899,-6.27934],[106.82913,-6.27917]],[[106.82913,-6.27917],[106.82919,-6.27909]],[[106.82728,-6.25427],[106.82725,-6.25415],[106.82722,-6.25403]],[[106.82716,-6.25299],[106.8272,-6.25323],[106.8273,-6.25368]],[[106.82642,-6.24814],[106.82644,-6.24833]],[[106.826,-6.28631],[106.82599,-6.28635],[106.82582,-6.28678],[106.82578,-6.28687]],[[106.82587,-6.24361],[106.82588,-6.24368],[106.82592,-6.24419],[106.82594,-6.24442],[106.82596,-6.24464],[106.82597,-6.2447],[106.82599,-6.245],[106.82602,-6.24524],[106.82603,-6.24531],[106.82606,-6.24555]],[[106.82586,-6.24046],[106.82585,-6.24094],[106.82585,-6.24113],[106.82584,-6.24155],[106.82584,-6.24165],[106.82582,-6.24199]],[[106.82928,-6.27922],[106.8291,-6.27944],[106.82908,-6.27948],[106.82906,-6.2795]],[[106.82953,-6.2789],[106.82939,-6.27908]],[[106.8273,-6.25368],[106.82739,-6.25412],[106.82743,-6.25428]],[[106.82603,-6.28624],[106.826,-6.28631]],[[106.82564,-6.28681],[106.82565,-6.28678],[106.82578,-6.28647],[106.82585,-6.28633],[106.82586,-6.2863],[106.82589,-6.28624]],[[106.82869,-6.26001],[106.82866,-6.25984]],[[106.82879,-6.25982],[106.82883,-6.25998]],[[106.82551,-6.28711],[106.82564,-6.28681]],[[106.82605,-6.28618],[106.82603,-6.28624]],[[106.82589,-6.28624],[106.82591,-6.28619]],[[106.82931,-6.27918],[106.82928,-6.27922]],[[106.82582,-6.24199],[106.82582,-6.24206],[106.8258,-6.24217],[106.82581,-6.24251],[106.82581,-6.24257]],[[106.82568,-6.24292],[106.82567,-6.24276],[106.82567,-6.24252],[106.82566,-6.24224],[106.82566,-6.24221],[106.82566,-6.24212]],[[106.82274,-6.29288],[106.82279,-6.29277]]]},"properties":{"length_km":4.9,"focus":[106.83056,-6.26613],"osm_ways":61}},{"type":"Feature","id":"kapten-tendean","geometry":{"type":"MultiLineString","coordinates":[[[106.82652,-6.24015],[106.82545,-6.24015],[106.82438,-6.24013],[106.82421,-6.24014],[106.82404,-6.24015]],[[106.83051,-6.24026],[106.83047,-6.24026],[106.83036,-6.24026],[106.82991,-6.24025],[106.82981,-6.24025],[106.82924,-6.24024],[106.82885,-6.24023],[106.82882,-6.24023],[106.82861,-6.24023],[106.82833,-6.24022],[106.82785,-6.24021]],[[106.81784,-6.23893],[106.818,-6.23901],[106.8182,-6.23913],[106.81839,-6.23926],[106.81856,-6.23937],[106.81867,-6.23944],[106.81874,-6.23948],[106.81882,-6.23953],[106.81893,-6.2396],[106.819,-6.23965],[106.81914,-6.23974],[106.81921,-6.23978],[106.81944,-6.23993],[106.81952,-6.23997],[106.82004,-6.24031],[106.82014,-6.24037],[106.82027,-6.24044],[106.82032,-6.24047],[106.82047,-6.24051],[106.82059,-6.24053],[106.82075,-6.24054],[106.82094,-6.24052],[106.82111,-6.2405]],[[106.8275,-6.24023],[106.82717,-6.24024],[106.82686,-6.24023],[106.82678,-6.24023]],[[106.82488,-6.23994],[106.82544,-6.23995]],[[106.83113,-6.24013],[106.83124,-6.24012],[106.83134,-6.2401],[106.8317,-6.24002],[106.83201,-6.23996],[106.83222,-6.23995],[106.83242,-6.23996],[106.83259,-6.23999],[106.83279,-6.24004],[106.83301,-6.24012],[106.83329,-6.24025],[106.8335,-6.24034]],[[106.82404,-6.24009],[106.82421,-6.24008],[106.82437,-6.24008],[106.82545,-6.24009],[106.82652,-6.2401]],[[106.82596,-6.23985],[106.82597,-6.2399],[106.82599,-6.23993],[106.82602,-6.23995],[106.82612,-6.23999]],[[106.82098,-6.24064],[106.82081,-6.24066],[106.82066,-6.24066],[106.82056,-6.24065],[106.82043,-6.24062],[106.82034,-6.24059],[106.8203,-6.24058],[106.82026,-6.24057],[106.82019,-6.24054],[106.82013,-6.2405],[106.82005,-6.24046],[106.8199,-6.24035],[106.81984,-6.24031],[106.81972,-6.24023],[106.81967,-6.24019],[106.8189,-6.23972],[106.81887,-6.2397],[106.81874,-6.23961],[106.81859,-6.23951],[106.81823,-6.23928]],[[106.82548,-6.23994],[106.8256,-6.23997],[106.82568,-6.24],[106.82575,-6.24004],[106.82581,-6.24008],[106.82586,-6.24011]],[[106.82139,-6.24055],[106.82115,-6.2406]],[[106.82305,-6.24031],[106.82276,-6.24035],[106.82241,-6.24039],[106.82226,-6.2404],[106.8219,-6.24046],[106.82139,-6.24055]],[[106.82125,-6.24047],[106.82129,-6.24046],[106.82202,-6.24033],[106.82234,-6.24027],[106.82259,-6.24023],[106.82283,-6.24019],[106.82313,-6.24015]],[[106.82111,-6.2405],[106.82125,-6.24047]],[[106.8261,-6.24024],[106.82601,-6.24026],[106.82595,-6.24029],[106.82591,-6.24033],[106.82586,-6.24046]],[[106.82536,-6.24021],[106.82514,-6.2402],[106.82507,-6.2402],[106.82464,-6.2402],[106.82458,-6.2402],[106.8244,-6.2402],[106.82421,-6.24021],[106.82393,-6.24023],[106.82363,-6.24026],[106.82352,-6.24026],[106.8234,-6.24026]],[[106.82612,-6.23999],[106.82636,-6.24],[106.82672,-6.24001],[106.82746,-6.24002],[106.82765,-6.24005],[106.82792,-6.2401]],[[106.8234,-6.24026],[106.82332,-6.24027],[106.82305,-6.24031]],[[106.82404,-6.24015],[106.82391,-6.24016],[106.82381,-6.24017],[106.82374,-6.24019],[106.82363,-6.2402],[106.8234,-6.24026]],[[106.8282,-6.24012],[106.82833,-6.24012],[106.82846,-6.24013],[106.82854,-6.24013],[106.82885,-6.24013],[106.82977,-6.24014],[106.83031,-6.24012]],[[106.82586,-6.24011],[106.82576,-6.24019],[106.82571,-6.2402],[106.82563,-6.24021],[106.8255,-6.24021]],[[106.8322,-6.24021],[106.83192,-6.2402],[106.83152,-6.24021],[106.83123,-6.24021]],[[106.82678,-6.24023],[106.82637,-6.24023],[106.8261,-6.24024]],[[106.82785,-6.24021],[106.8275,-6.24023]],[[106.82652,-6.2401],[106.82792,-6.2401]],[[106.82115,-6.2406],[106.82111,-6.24062],[106.82098,-6.24064]],[[106.82544,-6.23995],[106.82548,-6.23994]],[[106.82313,-6.24015],[106.82381,-6.24],[106.82389,-6.23999],[106.82416,-6.23997],[106.82461,-6.23995],[106.82465,-6.23995],[106.82488,-6.23994]],[[106.8308,-6.24014],[106.83113,-6.24013]],[[106.82792,-6.2401],[106.82807,-6.24012],[106.8282,-6.24012]],[[106.83031,-6.24012],[106.83061,-6.24014],[106.8308,-6.24014]],[[106.82785,-6.24021],[106.8275,-6.24016],[106.82652,-6.24015]],[[106.83123,-6.24021],[106.83101,-6.24024],[106.83092,-6.24024],[106.83051,-6.24026]],[[106.82544,-6.24021],[106.82536,-6.24021]],[[106.82313,-6.24015],[106.82339,-6.24015],[106.82373,-6.24011],[106.82404,-6.24009]],[[106.8255,-6.24021],[106.82544,-6.24021]],[[106.81823,-6.23928],[106.81794,-6.23909],[106.81789,-6.23907],[106.8178,-6.23902]]]},"properties":{"length_km":2.2,"focus":[106.82464,-6.2402],"osm_ways":37}},{"type":"Feature","id":"gajah-mada","geometry":{"type":"MultiLineString","coordinates":[[[106.81486,-6.14225],[106.81497,-6.14266]],[[106.82094,-6.16732],[106.82096,-6.16739],[106.821,-6.16754],[106.82103,-6.1676],[106.82107,-6.16768]],[[106.82016,-6.16359],[106.82018,-6.16368],[106.82022,-6.16386],[106.82029,-6.16419],[106.8203,-6.16422],[106.82033,-6.16437],[106.82034,-6.16446],[106.82035,-6.16452],[106.82039,-6.16477],[106.82046,-6.16511],[106.82052,-6.1654]],[[106.81965,-6.1632],[106.81964,-6.16312],[106.81962,-6.16306],[106.81959,-6.16291],[106.81958,-6.16285],[106.81955,-6.16272],[106.81951,-6.16256],[106.81944,-6.16222],[106.81942,-6.16216],[106.81942,-6.16215],[106.81929,-6.1616]],[[106.81738,-6.15261],[106.81749,-6.15307],[106.81749,-6.15308],[106.81752,-6.15321],[106.81757,-6.15346],[106.8176,-6.15363],[106.81765,-6.15382],[106.8177,-6.15406]],[[106.81926,-6.15964],[106.81928,-6.15975]],[[106.81528,-6.14343],[106.81529,-6.14347],[106.81539,-6.14374],[106.81539,-6.14376],[106.81548,-6.144]],[[106.81509,-6.14286],[106.81528,-6.14343]],[[106.81499,-6.14271],[106.81505,-6.14276],[106.81506,-6.14279],[106.81509,-6.14286]],[[106.81625,-6.14675],[106.81632,-6.14699],[106.81634,-6.14708],[106.81635,-6.14712],[106.81642,-6.14737]],[[106.81512,-6.1437],[106.81507,-6.14343],[106.81502,-6.14329],[106.81488,-6.14284],[106.81486,-6.14275]],[[106.81526,-6.1442],[106.81517,-6.14388],[106.81517,-6.14385],[106.81512,-6.1437]],[[106.82089,-6.16737],[106.82088,-6.16728]],[[106.82088,-6.16725],[106.82086,-6.16715],[106.82078,-6.16687],[106.82071,-6.16661],[106.8206,-6.16609],[106.82053,-6.16575]],[[106.81695,-6.14991],[106.81692,-6.14997]],[[106.81928,-6.15975],[106.81931,-6.15985],[106.81937,-6.16011],[106.8194,-6.16023],[106.81943,-6.16034],[106.81945,-6.1604],[106.81951,-6.16069],[106.81955,-6.16083],[106.81956,-6.16092],[106.81964,-6.16126],[106.81969,-6.16147],[106.81972,-6.16159]],[[106.81672,-6.15006],[106.81671,-6.15]],[[106.81966,-6.16172],[106.81948,-6.16092],[106.81935,-6.16036],[106.8193,-6.16015]],[[106.81671,-6.15],[106.8167,-6.14993],[106.81669,-6.14989],[106.81669,-6.14984],[106.81651,-6.14911],[106.8165,-6.14905],[106.81647,-6.14896],[106.81633,-6.14841],[106.81628,-6.14822]],[[106.81674,-6.15013],[106.81672,-6.15006]],[[106.82067,-6.16759],[106.82064,-6.16746],[106.82063,-6.16742],[106.82061,-6.16735],[106.82046,-6.16684],[106.82033,-6.16623],[106.82027,-6.16594],[106.82026,-6.16589],[106.82021,-6.16567],[106.8202,-6.16563],[106.82,-6.16473]],[[106.81803,-6.15431],[106.81805,-6.1544]],[[106.81704,-6.14999],[106.81708,-6.15013],[106.81711,-6.15022],[106.81721,-6.15064],[106.81724,-6.15079],[106.81729,-6.151],[106.81734,-6.15118],[106.81735,-6.15121],[106.81737,-6.15131],[106.81745,-6.15164],[106.81747,-6.15171],[106.81749,-6.15179],[106.81759,-6.15218]],[[106.82053,-6.16575],[106.82045,-6.16541],[106.82042,-6.16526],[106.82041,-6.1652],[106.82039,-6.16513],[106.82037,-6.16498],[106.82031,-6.16464]],[[106.81674,-6.14886],[106.81675,-6.14886],[106.8168,-6.14906],[106.81687,-6.14935],[106.81689,-6.14942],[106.81692,-6.14956],[106.81694,-6.14968],[106.81696,-6.14978]],[[106.81565,-6.14577],[106.81562,-6.14565]],[[106.82093,-6.16725],[106.82094,-6.16727],[106.82094,-6.1673],[106.82094,-6.16732]],[[106.82068,-6.16619],[106.82073,-6.16637],[106.8208,-6.16667]],[[106.82052,-6.1654],[106.82059,-6.16572],[106.8206,-6.16577],[106.82061,-6.16581],[106.82064,-6.16598],[106.82068,-6.16619]],[[106.81972,-6.16159],[106.81983,-6.16208],[106.8199,-6.16241],[106.81991,-6.16246],[106.82002,-6.16295],[106.82002,-6.16296],[106.82005,-6.16308]],[[106.81929,-6.1616],[106.81928,-6.16155],[106.81919,-6.16116],[106.81917,-6.16109],[106.81914,-6.16094],[106.81907,-6.16064],[106.81898,-6.16024]],[[106.81886,-6.15971],[106.81885,-6.15964],[106.81879,-6.15936],[106.81859,-6.15842],[106.81852,-6.15813],[106.81842,-6.1577],[106.8183,-6.15717],[106.81827,-6.15705],[106.81827,-6.15705],[106.81823,-6.15686],[106.81811,-6.15632]],[[106.81853,-6.15659],[106.81854,-6.15664],[106.81857,-6.15677],[106.8186,-6.15688],[106.81862,-6.15696],[106.81867,-6.15721],[106.81869,-6.15726],[106.81877,-6.15761],[106.81881,-6.15784],[106.81884,-6.15797],[106.81892,-6.15828],[106.819,-6.15858],[106.81918,-6.15932],[106.81926,-6.15964]],[[106.81769,-6.15442],[106.81757,-6.15384],[106.81753,-6.15365],[106.81747,-6.15345],[106.81742,-6.15323],[106.8174,-6.1531],[106.81737,-6.15296]],[[106.81759,-6.15218],[106.81767,-6.15251],[106.81778,-6.15301],[106.81779,-6.15304],[106.81782,-6.15317],[106.8179,-6.15349],[106.81795,-6.15384],[106.81797,-6.15394]],[[106.81728,-6.15257],[106.8172,-6.15219],[106.81717,-6.15207],[106.81713,-6.15187],[106.81701,-6.15136]],[[106.81701,-6.15136],[106.81699,-6.15128],[106.81687,-6.15074],[106.81683,-6.15053],[106.81675,-6.1502],[106.81674,-6.15013]],[[106.81702,-6.14993],[106.81704,-6.14999]],[[106.81642,-6.14737],[106.81654,-6.14789],[106.81662,-6.14823],[106.81674,-6.14886]],[[106.81628,-6.14822],[106.81614,-6.14767],[106.81608,-6.14745]],[[106.81608,-6.14745],[106.816,-6.14715],[106.81594,-6.14693],[106.81593,-6.1469],[106.81586,-6.14659]],[[106.81586,-6.14659],[106.81571,-6.14604],[106.81565,-6.14577]],[[106.81562,-6.14565],[106.81561,-6.1456],[106.8156,-6.14555],[106.81552,-6.14522]],[[106.81486,-6.14275],[106.81484,-6.1427]],[[106.8177,-6.15406],[106.81778,-6.15438]],[[106.81679,-6.15004],[106.81683,-6.15019],[106.81686,-6.15029]],[[106.8193,-6.16015],[106.81923,-6.15985],[106.8192,-6.15976]],[[106.81915,-6.15952],[106.81893,-6.15863],[106.81886,-6.15828],[106.81885,-6.15825],[106.81883,-6.1582],[106.81881,-6.15811],[106.81878,-6.15802],[106.81861,-6.15728],[106.81856,-6.15702],[106.81852,-6.15686],[106.81851,-6.1568],[106.81851,-6.15679],[106.8185,-6.15677],[106.81847,-6.15658],[106.8184,-6.15621],[106.81835,-6.15594],[106.81833,-6.15587],[106.81829,-6.15569]],[[106.82031,-6.16464],[106.82027,-6.16448],[106.82012,-6.16373],[106.82004,-6.16339]],[[106.81994,-6.16301],[106.81993,-6.16298],[106.8199,-6.16289],[106.81987,-6.16277],[106.8198,-6.16248],[106.8197,-6.16198],[106.81966,-6.16172]],[[106.81797,-6.15394],[106.818,-6.1541],[106.81803,-6.15431]],[[106.81889,-6.15982],[106.81886,-6.15971]],[[106.81898,-6.16024],[106.81889,-6.15982]],[[106.81692,-6.14997],[106.81691,-6.14999],[106.81688,-6.15002]],[[106.81996,-6.16305],[106.81994,-6.16301]],[[106.82004,-6.16339],[106.81996,-6.16305]],[[106.82005,-6.16308],[106.8201,-6.16331],[106.82016,-6.16359]],[[106.81997,-6.16457],[106.81987,-6.16415],[106.81985,-6.16402],[106.81979,-6.16379],[106.81976,-6.16367],[106.8197,-6.16341]],[[106.81783,-6.15459],[106.81795,-6.15508]],[[106.81805,-6.1544],[106.81809,-6.15461],[106.81825,-6.15529],[106.81828,-6.15541],[106.81832,-6.15556]],[[106.81783,-6.15502],[106.81771,-6.15448]],[[106.81696,-6.14978],[106.81699,-6.14984],[106.817,-6.14986],[106.81702,-6.14993]],[[106.81679,-6.15004],[106.81678,-6.14999],[106.81676,-6.14995],[106.81673,-6.1499],[106.81669,-6.14984]],[[106.81696,-6.14978],[106.81696,-6.14984]],[[106.81778,-6.15438],[106.81783,-6.15459]],[[106.8192,-6.15976],[106.81918,-6.15965],[106.81915,-6.15952]],[[106.81696,-6.14984],[106.81695,-6.14991]],[[106.82,-6.16473],[106.81999,-6.16469],[106.81998,-6.16463],[106.81997,-6.16457]],[[106.81497,-6.14266],[106.81499,-6.14271]],[[106.8197,-6.16341],[106.81968,-6.16332],[106.81965,-6.1632]],[[106.82069,-6.16766],[106.82067,-6.16759]],[[106.82087,-6.16698],[106.82091,-6.16716],[106.82093,-6.16725]],[[106.82088,-6.16728],[106.82088,-6.16725]],[[106.8154,-6.14468],[106.81526,-6.1442]],[[106.81552,-6.14522],[106.81546,-6.14493],[106.81545,-6.1449],[106.8154,-6.14468]],[[106.81737,-6.15255],[106.81738,-6.15261]],[[106.81686,-6.15029],[106.81694,-6.15067],[106.81707,-6.15124],[106.81718,-6.15175],[106.8173,-6.15225],[106.81737,-6.15255]],[[106.8173,-6.15264],[106.81729,-6.15258],[106.81728,-6.15257]],[[106.81737,-6.15296],[106.8173,-6.15264]],[[106.81811,-6.15632],[106.81805,-6.15604],[106.81802,-6.15593],[106.81783,-6.15502]],[[106.81771,-6.15448],[106.81769,-6.15442]],[[106.81596,-6.14572],[106.81606,-6.14604],[106.81625,-6.14675]],[[106.8159,-6.1455],[106.81594,-6.14566],[106.81596,-6.14572]],[[106.81552,-6.14413],[106.81574,-6.14489],[106.8159,-6.1455]],[[106.81548,-6.144],[106.8155,-6.14408],[106.81552,-6.14413]],[[106.8208,-6.16667],[106.82085,-6.16692],[106.82087,-6.16698]],[[106.81832,-6.15556],[106.81836,-6.15573],[106.81844,-6.15608],[106.81845,-6.15617],[106.81846,-6.15619]],[[106.81846,-6.15619],[106.81853,-6.15659]]]},"properties":{"length_km":3.9,"focus":[106.81833,-6.15587],"osm_ways":88}},{"type":"Feature","id":"gunung-sahari","geometry":{"type":"MultiLineString","coordinates":[[[106.83839,-6.16364],[106.83834,-6.16347],[106.83824,-6.16306],[106.83814,-6.16264],[106.8381,-6.16248],[106.83799,-6.16207],[106.83793,-6.16181],[106.8379,-6.16163],[106.83785,-6.1614],[106.83758,-6.16034]],[[106.83091,-6.1304],[106.8309,-6.13034],[106.8309,-6.13033],[106.83087,-6.1302]],[[106.83259,-6.13822],[106.8325,-6.13778],[106.83243,-6.13747],[106.83241,-6.13739],[106.83236,-6.13711]],[[106.83266,-6.13856],[106.83259,-6.13822]],[[106.83101,-6.13055],[106.83104,-6.13071],[106.83107,-6.13084]],[[106.83882,-6.16459],[106.83894,-6.16508],[106.83907,-6.16561],[106.83911,-6.16578],[106.83916,-6.16594],[106.83919,-6.16607],[106.83931,-6.1666]],[[106.83181,-6.13465],[106.83178,-6.13454],[106.83162,-6.13394],[106.83158,-6.13374],[106.83152,-6.13344],[106.83152,-6.13342],[106.83139,-6.13282],[106.83138,-6.1328],[106.83131,-6.13248]],[[106.83183,-6.13472],[106.83181,-6.13465]],[[106.83236,-6.13639],[106.83243,-6.13667],[106.83246,-6.13682],[106.83249,-6.13694],[106.83254,-6.13719],[106.83262,-6.1375]],[[106.83747,-6.15916],[106.83748,-6.15921]],[[106.83082,-6.12994],[106.83079,-6.12988]],[[106.83087,-6.1302],[106.83082,-6.12994]],[[106.83441,-6.14624],[106.8344,-6.14645],[106.8344,-6.14654],[106.8344,-6.14657],[106.83439,-6.1469],[106.83439,-6.14707],[106.83441,-6.14723],[106.83445,-6.14743],[106.83446,-6.14746],[106.8345,-6.14766],[106.83453,-6.14778],[106.83458,-6.14801],[106.8346,-6.14808],[106.83469,-6.14838],[106.83477,-6.14865],[106.83479,-6.14872],[106.83491,-6.14913]],[[106.83614,-6.1539],[106.8362,-6.15416],[106.83628,-6.15447],[106.83633,-6.15467],[106.8364,-6.15495],[106.83641,-6.15499],[106.83645,-6.15515],[106.83648,-6.15526],[106.83653,-6.15544],[106.83658,-6.15565],[106.8366,-6.15573],[106.83661,-6.15578],[106.83668,-6.15603],[106.8367,-6.15615],[106.83672,-6.15622],[106.8368,-6.15651],[106.83681,-6.15656],[106.83692,-6.15699],[106.837,-6.15733],[106.83705,-6.15753],[106.83711,-6.15778]],[[106.84006,-6.17023],[106.83998,-6.16994],[106.83997,-6.16989],[106.83992,-6.16971]],[[106.84064,-6.17186],[106.84069,-6.17204],[106.8408,-6.17248],[106.84081,-6.17254],[106.84083,-6.17259],[106.84083,-6.17261],[106.84089,-6.17285],[106.84101,-6.17334]],[[106.83506,-6.15028],[106.83501,-6.15012]],[[106.83516,-6.15007],[106.8352,-6.15025]],[[106.8346,-6.14873],[106.83453,-6.14848],[106.83446,-6.14826],[106.83434,-6.1478],[106.83426,-6.14749],[106.83421,-6.14721],[106.8342,-6.14693]],[[106.83557,-6.15167],[106.83558,-6.15171],[106.83561,-6.15182],[106.83566,-6.15206],[106.83572,-6.15229],[106.83574,-6.15235],[106.8358,-6.15257],[106.83581,-6.15263],[106.83582,-6.15268],[106.83588,-6.15292],[106.8359,-6.15297],[106.83597,-6.15324],[106.83601,-6.1534],[106.83606,-6.1536],[106.83608,-6.15368],[106.83614,-6.1539]],[[106.83422,-6.14557],[106.83419,-6.14535]],[[106.83436,-6.14534],[106.83438,-6.14546],[106.8344,-6.14556],[106.83441,-6.14568]],[[106.83314,-6.1398],[106.83317,-6.13994],[106.83319,-6.14],[106.83327,-6.14035],[106.83333,-6.14063],[106.83344,-6.14113],[106.83345,-6.14117],[106.83345,-6.1412],[106.83348,-6.14134],[106.83354,-6.1416],[106.83355,-6.14165]],[[106.83334,-6.14159],[106.83328,-6.1413],[106.83325,-6.1412],[106.83324,-6.14116]],[[106.83951,-6.16805],[106.83948,-6.16798],[106.83932,-6.16731],[106.83919,-6.1668],[106.83912,-6.16651]],[[106.83753,-6.15944],[106.83758,-6.15964],[106.83761,-6.15978],[106.83765,-6.1599],[106.83772,-6.16021],[106.83775,-6.16034],[106.83777,-6.16041],[106.83781,-6.16057],[106.83783,-6.16064],[106.83788,-6.16087],[106.83789,-6.16091],[106.83792,-6.16099],[106.83802,-6.16142],[106.83812,-6.16183],[106.83824,-6.16231],[106.83825,-6.16235],[106.83831,-6.1626],[106.83836,-6.1628],[106.83841,-6.163]],[[106.83744,-6.15904],[106.83746,-6.15909],[106.83747,-6.15916]],[[106.83395,-6.14357],[106.83404,-6.14388],[106.83405,-6.14394],[106.83406,-6.14398],[106.83409,-6.14412],[106.83411,-6.14426],[106.83414,-6.14439]],[[106.83397,-6.14443],[106.83382,-6.14376],[106.83376,-6.14346],[106.8337,-6.14314],[106.83362,-6.14281],[106.83346,-6.14214],[106.83345,-6.14209],[106.83339,-6.14181]],[[106.83339,-6.14181],[106.83338,-6.14177],[106.83336,-6.14171]],[[106.83358,-6.14181],[106.83359,-6.14186],[106.83367,-6.14228],[106.8338,-6.14289],[106.8339,-6.14336]],[[106.8388,-6.16527],[106.83875,-6.16503],[106.83873,-6.16494],[106.83872,-6.1649],[106.83866,-6.16463]],[[106.84101,-6.17334],[106.84111,-6.17368]],[[106.8401,-6.16972],[106.84012,-6.16978],[106.84013,-6.16985],[106.84014,-6.16989],[106.84016,-6.16998],[106.84018,-6.17005]],[[106.83262,-6.1375],[106.8327,-6.13784]],[[106.83229,-6.13609],[106.83232,-6.1362],[106.83236,-6.13639]],[[106.83222,-6.13576],[106.83222,-6.13578]],[[106.83208,-6.13515],[106.83208,-6.13516],[106.83215,-6.13546],[106.83216,-6.13551],[106.83219,-6.13563],[106.83222,-6.13576]],[[106.83542,-6.15175],[106.83526,-6.1511],[106.83525,-6.15106],[106.83512,-6.15053]],[[106.83545,-6.15185],[106.83542,-6.15175]],[[106.83512,-6.15053],[106.83506,-6.15028]],[[106.83475,-6.14918],[106.8346,-6.14873]],[[106.83501,-6.15012],[106.83492,-6.1498],[106.83478,-6.14926],[106.83475,-6.14918]],[[106.83421,-6.14646],[106.83422,-6.1463],[106.83422,-6.14622],[106.83423,-6.1458],[106.83423,-6.14569]],[[106.8342,-6.14693],[106.8342,-6.14667],[106.8342,-6.14661],[106.83421,-6.14646]],[[106.83119,-6.13153],[106.83122,-6.13156],[106.83123,-6.13165],[106.83125,-6.13173],[106.83129,-6.13192],[106.83131,-6.13199],[106.83134,-6.1321],[106.83137,-6.13219],[106.83138,-6.13225],[106.83142,-6.13244]],[[106.83114,-6.13127],[106.83118,-6.13149],[106.83119,-6.13153]],[[106.83866,-6.16463],[106.8385,-6.16401]],[[106.83883,-6.1654],[106.8388,-6.16527]],[[106.83847,-6.16387],[106.83844,-6.16376]],[[106.83858,-6.16368],[106.83861,-6.16378]],[[106.83119,-6.13153],[106.83117,-6.13157],[106.83118,-6.13166],[106.83122,-6.13184],[106.83124,-6.13192],[106.83125,-6.13198],[106.83132,-6.13221]],[[106.83142,-6.13244],[106.83163,-6.13329],[106.83165,-6.13338],[106.83165,-6.1334]],[[106.83696,-6.15781],[106.83673,-6.15693],[106.83671,-6.15685],[106.8367,-6.15679],[106.83667,-6.1567],[106.83665,-6.15659],[106.8366,-6.15639],[106.8365,-6.15602],[106.83632,-6.15531],[106.83616,-6.15467],[106.83597,-6.15391],[106.83597,-6.15389],[106.83568,-6.15277],[106.83564,-6.15259],[106.83545,-6.15185]],[[106.83199,-6.13476],[106.83202,-6.13489]],[[106.83191,-6.13505],[106.8319,-6.13501],[106.83186,-6.13485],[106.83183,-6.13472]],[[106.83274,-6.13888],[106.8327,-6.13871],[106.83266,-6.13856]],[[106.83131,-6.13248],[106.83123,-6.13226],[106.8312,-6.1321],[106.83113,-6.13186],[106.83112,-6.1318],[106.8311,-6.13157],[106.8311,-6.13156]],[[106.83111,-6.13154],[106.83108,-6.13144],[106.83106,-6.1313],[106.83097,-6.13072],[106.83094,-6.13056]],[[106.83126,-6.13222],[106.83125,-6.13216],[106.83122,-6.13205],[106.83119,-6.13191],[106.83116,-6.13179],[106.83112,-6.13156],[106.83111,-6.13154]],[[106.83414,-6.14439],[106.83416,-6.1445],[106.83418,-6.14457],[106.83418,-6.14458],[106.83419,-6.14463],[106.83423,-6.14479],[106.83436,-6.14534]],[[106.83418,-6.1453],[106.83417,-6.14525],[106.83416,-6.14519],[106.83413,-6.14507],[106.83411,-6.14499],[106.83407,-6.14475],[106.83402,-6.14462],[106.83397,-6.14443]],[[106.83725,-6.15897],[106.83716,-6.15862],[106.83699,-6.15795]],[[106.83165,-6.1334],[106.83167,-6.13352],[106.83178,-6.13389],[106.83181,-6.13404],[106.83183,-6.13408],[106.83183,-6.13411],[106.83193,-6.13451],[106.83194,-6.13454],[106.83197,-6.13468]],[[106.83107,-6.13084],[106.83114,-6.13127]],[[106.8327,-6.13784],[106.83276,-6.13813],[106.83281,-6.13836],[106.83285,-6.13854],[106.83295,-6.139],[106.83299,-6.1392],[106.833,-6.13921],[106.83311,-6.13969],[106.83314,-6.1398]],[[106.83968,-6.16802],[106.8397,-6.16807],[106.8397,-6.16808],[106.83974,-6.16826],[106.83976,-6.16836],[106.83987,-6.16879],[106.83989,-6.16889],[106.83991,-6.16895],[106.83994,-6.16907],[106.83996,-6.16914],[106.83997,-6.16922]],[[106.83841,-6.163],[106.83847,-6.16324],[106.83849,-6.16335],[106.83856,-6.1636]],[[106.83758,-6.16034],[106.83751,-6.16006],[106.83737,-6.15948]],[[106.83992,-6.16971],[106.83987,-6.1695],[106.83979,-6.16916],[106.83968,-6.16875],[106.83952,-6.16811],[106.83951,-6.16805]],[[106.83997,-6.16922],[106.84007,-6.16958],[106.84009,-6.16966],[106.8401,-6.16972]],[[106.83335,-6.14166],[106.83335,-6.14163],[106.83334,-6.14159]],[[106.83355,-6.14165],[106.83356,-6.1417],[106.83357,-6.14174]],[[106.83931,-6.1666],[106.83935,-6.16674],[106.83939,-6.16691],[106.83951,-6.16739],[106.83954,-6.16748],[106.8396,-6.16771],[106.83962,-6.16777],[106.83966,-6.16794],[106.83968,-6.16802]],[[106.83725,-6.15826],[106.83726,-6.15831],[106.83734,-6.15864],[106.83741,-6.15893]],[[106.83699,-6.15795],[106.83696,-6.15781]],[[106.83094,-6.13056],[106.83091,-6.1304]],[[106.83732,-6.15929],[106.83731,-6.15924]],[[106.83197,-6.13468],[106.83198,-6.13472],[106.83199,-6.13476]],[[106.83748,-6.15921],[106.83753,-6.15943]],[[106.83729,-6.15912],[106.83727,-6.15907],[106.83725,-6.15897]],[[106.83731,-6.15924],[106.83729,-6.15912]],[[106.83132,-6.13221],[106.83134,-6.13225],[106.83142,-6.13244]],[[106.83131,-6.13248],[106.83127,-6.13225],[106.83126,-6.13222]],[[106.83909,-6.16643],[106.83895,-6.16588],[106.83893,-6.1658],[106.83887,-6.16558],[106.83883,-6.1654]],[[106.83912,-6.16651],[106.83909,-6.16643]],[[106.83866,-6.16396],[106.83869,-6.16408],[106.83882,-6.16459]],[[106.83098,-6.13039],[106.83101,-6.13055]],[[106.83296,-6.13985],[106.83274,-6.13888]],[[106.8311,-6.13156],[106.83111,-6.13154]],[[106.83082,-6.13021],[106.83082,-6.13021],[106.83079,-6.13006],[106.83077,-6.12995]],[[106.83077,-6.12995],[106.83077,-6.12994],[106.83076,-6.12993],[106.83074,-6.12992],[106.8307,-6.12991]],[[106.8309,-6.13033],[106.83086,-6.13031],[106.83084,-6.13029],[106.83082,-6.13022],[106.83082,-6.13021]],[[106.8352,-6.15025],[106.83521,-6.1503],[106.83534,-6.15078],[106.83546,-6.15124],[106.83557,-6.15167]],[[106.83208,-6.13514],[106.83208,-6.13515]],[[106.83202,-6.13489],[106.83206,-6.13507],[106.83207,-6.13513],[106.83208,-6.13514]],[[106.83222,-6.13578],[106.83229,-6.13609]],[[106.84018,-6.17005],[106.84023,-6.17022],[106.84027,-6.17038],[106.84031,-6.17052],[106.84035,-6.17068],[106.84052,-6.17137],[106.84064,-6.17186]],[[106.8405,-6.17198],[106.84033,-6.1713],[106.84027,-6.17108],[106.84017,-6.17069],[106.84012,-6.1705],[106.84006,-6.17023]],[[106.8339,-6.14336],[106.83395,-6.14357]],[[106.83357,-6.14174],[106.83357,-6.14178],[106.83358,-6.14181]],[[106.83711,-6.15778],[106.8372,-6.15809]],[[106.8372,-6.15809],[106.83725,-6.15826]],[[106.84098,-6.17386],[106.84077,-6.17299],[106.84075,-6.17293],[106.84059,-6.17233],[106.8405,-6.17198]],[[106.83741,-6.15893],[106.83744,-6.15904]],[[106.83753,-6.15943],[106.83753,-6.15944]],[[106.83737,-6.15948],[106.83732,-6.15929]],[[106.8385,-6.16401],[106.83847,-6.16387]],[[106.83844,-6.16376],[106.83839,-6.16364]],[[106.83861,-6.16378],[106.83866,-6.16396]],[[106.83856,-6.1636],[106.83858,-6.16368]],[[106.83423,-6.14569],[106.83422,-6.14557]],[[106.83419,-6.14535],[106.83418,-6.1453]],[[106.83336,-6.14171],[106.83335,-6.14166]],[[106.83324,-6.14116],[106.83296,-6.13985]],[[106.83236,-6.13711],[106.83233,-6.13697],[106.83232,-6.13692],[106.83225,-6.1366],[106.832,-6.13552],[106.83193,-6.13516],[106.83192,-6.13511],[106.83191,-6.13505]],[[106.83441,-6.14568],[106.83442,-6.14582],[106.83441,-6.14589],[106.83441,-6.14624]],[[106.83491,-6.14913],[106.83493,-6.14921],[106.83504,-6.14964],[106.83509,-6.14982],[106.8351,-6.14983],[106.83516,-6.15007]]]},"properties":{"length_km":5.1,"focus":[106.83493,-6.14921],"osm_ways":118}},{"type":"Feature","id":"salemba-kramat","geometry":{"type":"MultiLineString","coordinates":[[[106.84646,-6.18904],[106.84623,-6.18865]],[[106.85018,-6.1955],[106.85036,-6.1958],[106.85051,-6.19602],[106.8506,-6.19614],[106.85075,-6.19631],[106.85078,-6.19635],[106.85091,-6.19648],[106.85114,-6.19671],[106.85118,-6.19676],[106.85136,-6.19693]],[[106.84823,-6.19225],[106.8479,-6.19167]],[[106.84244,-6.17936],[106.84251,-6.1797],[106.84267,-6.18046],[106.84271,-6.18069],[106.84275,-6.18086],[106.84279,-6.18104],[106.84286,-6.18132],[106.84296,-6.18176],[106.84298,-6.18188],[106.84303,-6.18217],[106.84305,-6.18224],[106.84312,-6.18255],[106.84311,-6.18262]],[[106.84266,-6.18143],[106.84261,-6.18118],[106.84211,-6.17875]],[[106.85124,-6.19712],[106.85121,-6.19708],[106.85113,-6.19701],[106.85105,-6.19693],[106.85068,-6.19656],[106.8505,-6.19636],[106.85032,-6.19616],[106.85015,-6.19592]],[[106.84402,-6.18441],[106.84405,-6.18446],[106.84413,-6.18459],[106.84415,-6.18462],[106.84428,-6.18482],[106.84438,-6.18497]],[[106.85385,-6.19959],[106.85375,-6.1995],[106.85374,-6.19948],[106.85371,-6.19946],[106.85368,-6.19944],[106.85365,-6.19941],[106.85351,-6.19928]],[[106.85351,-6.19928],[106.8532,-6.199],[106.85311,-6.19892],[106.85285,-6.19869],[106.85284,-6.19868],[106.85251,-6.19836]],[[106.8416,-6.17582],[106.84218,-6.17865],[106.84256,-6.1805],[106.8428,-6.18152],[106.84289,-6.18187],[106.8429,-6.18191]],[[106.84296,-6.18295],[106.84291,-6.18274],[106.84289,-6.18268],[106.84289,-6.18266],[106.84283,-6.18239],[106.84282,-6.18235],[106.8428,-6.18224],[106.84267,-6.18152]],[[106.84773,-6.19087],[106.84792,-6.19122],[106.84796,-6.19129],[106.84798,-6.19132],[106.848,-6.19137],[106.84817,-6.1917],[106.84837,-6.19208]],[[106.84939,-6.19403],[106.84957,-6.19437],[106.8496,-6.19443],[106.84967,-6.19456],[106.84982,-6.19484],[106.84983,-6.19487]],[[106.85223,-6.19771],[106.85243,-6.1979],[106.85266,-6.19813],[106.85286,-6.19831],[106.85298,-6.19842],[106.85304,-6.19848]],[[106.85347,-6.19889],[106.8538,-6.19918],[106.85384,-6.19922],[106.85391,-6.19928]],[[106.85304,-6.19848],[106.85332,-6.19875],[106.85337,-6.19879],[106.85347,-6.19889]],[[106.85234,-6.19821],[106.85207,-6.19797],[106.85198,-6.19789],[106.8519,-6.19781],[106.85179,-6.1977],[106.85152,-6.19744],[106.85151,-6.19742],[106.85142,-6.19734],[106.85128,-6.19718],[106.85124,-6.19712]],[[106.85251,-6.19836],[106.85234,-6.19821]],[[106.85015,-6.19592],[106.84989,-6.19551]],[[106.84963,-6.19499],[106.84955,-6.19484],[106.84924,-6.19421],[106.84904,-6.19381],[106.84891,-6.19356],[106.84882,-6.19338],[106.84868,-6.1931],[106.8486,-6.19296]],[[106.8474,-6.19076],[106.84734,-6.19065],[106.8471,-6.19021],[106.84696,-6.18993],[106.84683,-6.1897],[106.84667,-6.1894]],[[106.8479,-6.19167],[106.84776,-6.19144]],[[106.84598,-6.18821],[106.84595,-6.18817],[106.8459,-6.18809],[106.84559,-6.18755],[106.84538,-6.1872],[106.84528,-6.18703],[106.8451,-6.18673],[106.84506,-6.18667],[106.84483,-6.18624],[106.8447,-6.18599]],[[106.84297,-6.18299],[106.84296,-6.18295]],[[106.84301,-6.18308],[106.84297,-6.18299]],[[106.84305,-6.1832],[106.84303,-6.18314],[106.84301,-6.18308]],[[106.84361,-6.18416],[106.84354,-6.18406],[106.84337,-6.18378],[106.84327,-6.18362],[106.8432,-6.18351],[106.84315,-6.1834],[106.84305,-6.1832]],[[106.84238,-6.18053],[106.84231,-6.18027],[106.84218,-6.17973],[106.84208,-6.17923]],[[106.84662,-6.18887],[106.84671,-6.18902],[106.84673,-6.18906],[106.84692,-6.18938],[106.84696,-6.18945]],[[106.84632,-6.18835],[106.84647,-6.18862],[106.84662,-6.18887]],[[106.84837,-6.19208],[106.84839,-6.19213],[106.84863,-6.19256]],[[106.84844,-6.19265],[106.84842,-6.19261],[106.84831,-6.19241],[106.84823,-6.19225]],[[106.84322,-6.18292],[106.84323,-6.18297],[106.84328,-6.18308],[106.84334,-6.18325],[106.84338,-6.18332],[106.84342,-6.18338],[106.84349,-6.1835],[106.84356,-6.1836],[106.84378,-6.18396],[106.84383,-6.18404]],[[106.8429,-6.18191],[106.84297,-6.18228],[106.84307,-6.18256],[106.84311,-6.18262]],[[106.84234,-6.17891],[106.84235,-6.17898],[106.84238,-6.17908],[106.84244,-6.17936]],[[106.85391,-6.19928],[106.85396,-6.19933],[106.85406,-6.19941]],[[106.84196,-6.17872],[106.84194,-6.17866],[106.84193,-6.17863],[106.84191,-6.17858]],[[106.85007,-6.19531],[106.85012,-6.19539],[106.85018,-6.1955]],[[106.84989,-6.19551],[106.84985,-6.19543]],[[106.84667,-6.1894],[106.84651,-6.18913],[106.84647,-6.18907]],[[106.84863,-6.19256],[106.84878,-6.19285]],[[106.8486,-6.19296],[106.84857,-6.19289],[106.84844,-6.19265]],[[106.84623,-6.18865],[106.84612,-6.18846],[106.84598,-6.18821]],[[106.84211,-6.17875],[106.8415,-6.17575]],[[106.84208,-6.17923],[106.84201,-6.17897],[106.84198,-6.17881],[106.84197,-6.17878],[106.84196,-6.17872]],[[106.84494,-6.18589],[106.84504,-6.18607],[106.84507,-6.18613],[106.84514,-6.18624],[106.84533,-6.18659],[106.84535,-6.18663],[106.84547,-6.18684],[106.8456,-6.18711],[106.84604,-6.18787],[106.84614,-6.18805],[106.84632,-6.18835]],[[106.84383,-6.18404],[106.84391,-6.18422],[106.84399,-6.18435],[106.84402,-6.18441]],[[106.84384,-6.18452],[106.84376,-6.1844],[106.84361,-6.18416]],[[106.84267,-6.18152],[106.84254,-6.18116],[106.84238,-6.18053]],[[106.84696,-6.18945],[106.84716,-6.18983]],[[106.84438,-6.18497],[106.84461,-6.18535],[106.84472,-6.18553]],[[106.84418,-6.18509],[106.84405,-6.18486],[106.84393,-6.18468],[106.8439,-6.18462],[106.84384,-6.18452]],[[106.85136,-6.19693],[106.85157,-6.19712]],[[106.85157,-6.19712],[106.85164,-6.19718],[106.85169,-6.19723],[106.85176,-6.1973],[106.85198,-6.1975],[106.85223,-6.19771]],[[106.8447,-6.18599],[106.84462,-6.18585],[106.84453,-6.18567],[106.84452,-6.18565],[106.84425,-6.18521],[106.84418,-6.18509]],[[106.8475,-6.19094],[106.8474,-6.19076]],[[106.84776,-6.19144],[106.84768,-6.1913],[106.84758,-6.1911],[106.84752,-6.19098],[106.8475,-6.19094]],[[106.84759,-6.19062],[106.84773,-6.19087]],[[106.84716,-6.18983],[106.8473,-6.19008],[106.84759,-6.19062]],[[106.84985,-6.19543],[106.84982,-6.19537],[106.84963,-6.19499]],[[106.84983,-6.19487],[106.84989,-6.19497],[106.84992,-6.19504],[106.85001,-6.19519],[106.85003,-6.19522]],[[106.84191,-6.17858],[106.842,-6.17857],[106.84204,-6.17858],[106.84206,-6.17858],[106.84209,-6.17859],[106.84213,-6.17863],[106.84215,-6.17865],[106.84217,-6.17868],[106.84225,-6.17876],[106.84228,-6.17879],[106.84234,-6.17891]],[[106.84311,-6.18262],[106.84312,-6.18266],[106.84322,-6.18292]],[[106.84472,-6.18553],[106.84494,-6.18589]],[[106.84267,-6.18152],[106.84266,-6.18145],[106.84266,-6.18143]],[[106.84647,-6.18907],[106.84646,-6.18904]],[[106.85003,-6.19522],[106.85004,-6.19525],[106.85007,-6.19531]],[[106.84878,-6.19285],[106.84918,-6.19363],[106.84919,-6.19365],[106.84927,-6.19381],[106.84939,-6.19403]]]},"properties":{"length_km":3.4,"focus":[106.84671,-6.18902],"osm_ways":68}},{"type":"Feature","id":"pramuka","geometry":{"type":"MultiLineString","coordinates":[[[106.84976,-6.20235],[106.84991,-6.20224],[106.8502,-6.20205]],[[106.87,-6.19223],[106.8699,-6.19224],[106.86968,-6.19227],[106.86943,-6.1923],[106.86933,-6.19231],[106.86927,-6.19231],[106.86923,-6.19232],[106.86918,-6.19232],[106.86895,-6.19235],[106.86875,-6.19237],[106.8685,-6.19239],[106.86849,-6.1924],[106.86844,-6.1924],[106.86839,-6.1924],[106.8683,-6.19241],[106.86791,-6.19245],[106.86775,-6.19246],[106.86747,-6.19249],[106.86721,-6.19252],[106.86695,-6.19254],[106.86692,-6.19254],[106.86683,-6.19255],[106.86675,-6.19256],[106.86654,-6.19258],[106.86642,-6.19259],[106.86617,-6.19261],[106.86586,-6.19264],[106.86547,-6.19271],[106.86546,-6.19271],[106.86527,-6.19275],[106.86518,-6.19276],[106.8651,-6.19278],[106.86476,-6.19284],[106.86449,-6.1929],[106.86446,-6.19291],[106.86436,-6.19294],[106.86418,-6.19299],[106.86385,-6.19309],[106.86326,-6.1933],[106.8632,-6.19333],[106.86277,-6.19352],[106.86234,-6.19374]],[[106.86394,-6.19277],[106.86433,-6.19264],[106.86438,-6.19262],[106.86445,-6.1926],[106.86465,-6.19256],[106.86494,-6.19249],[106.86512,-6.19246],[106.86529,-6.19243],[106.86548,-6.1924],[106.8659,-6.19236],[106.86657,-6.19228],[106.86707,-6.19223],[106.86792,-6.19215],[106.86812,-6.19213],[106.8684,-6.1921],[106.8685,-6.1921],[106.86857,-6.19209],[106.86895,-6.19206],[106.86903,-6.19205]],[[106.86148,-6.19394],[106.86159,-6.1939],[106.86167,-6.19387],[106.86178,-6.19381],[106.86209,-6.19363],[106.86228,-6.19352],[106.86239,-6.19347],[106.86264,-6.19334],[106.86282,-6.19326],[106.86293,-6.19321],[106.86309,-6.19315],[106.86328,-6.19307],[106.86347,-6.193],[106.86371,-6.19292],[106.86409,-6.1928],[106.86429,-6.19274],[106.8644,-6.19271],[106.86484,-6.19261],[106.86518,-6.19254],[106.86546,-6.1925]],[[106.8585,-6.19613],[106.85829,-6.19626],[106.85816,-6.19635]],[[106.85072,-6.20187],[106.85063,-6.20192],[106.85057,-6.20196],[106.84982,-6.20245]],[[106.85812,-6.19629],[106.85845,-6.19606]],[[106.85717,-6.19709],[106.85711,-6.19713],[106.85661,-6.19746],[106.85638,-6.19762],[106.85635,-6.19764]],[[106.85626,-6.19748],[106.8564,-6.19742],[106.85687,-6.19711],[106.85705,-6.19699],[106.85724,-6.19686],[106.85734,-6.19679]],[[106.86488,-6.19275],[106.86443,-6.19285],[106.86403,-6.19296],[106.86352,-6.19314],[106.86322,-6.19325],[106.8628,-6.19343],[106.86239,-6.19362],[106.86223,-6.19372],[106.86171,-6.194],[106.86122,-6.19433],[106.86099,-6.19449],[106.86085,-6.19459],[106.86075,-6.19465],[106.86068,-6.1947],[106.86045,-6.19484]],[[106.85783,-6.19669],[106.85773,-6.19675]],[[106.85761,-6.19684],[106.8576,-6.19684],[106.85741,-6.19697],[106.85736,-6.19699],[106.85722,-6.19706],[106.85717,-6.19709]],[[106.85777,-6.19661],[106.85773,-6.19664],[106.85764,-6.1967]],[[106.85816,-6.19635],[106.85795,-6.19649],[106.85777,-6.19661]],[[106.85751,-6.19658],[106.8576,-6.19653]],[[106.85766,-6.19658],[106.85773,-6.19654],[106.85787,-6.19645],[106.85812,-6.19629]],[[106.8576,-6.19662],[106.85766,-6.19658]],[[106.87012,-6.19222],[106.87,-6.19223]],[[106.87515,-6.19245],[106.8751,-6.19244],[106.87499,-6.19243]],[[106.87015,-6.19215],[106.87001,-6.19216]],[[106.87463,-6.19238],[106.87457,-6.19235],[106.87449,-6.19233],[106.87399,-6.19225],[106.87382,-6.19223],[106.87357,-6.19219],[106.87345,-6.19217],[106.87315,-6.19212],[106.8731,-6.19212],[106.87287,-6.19209],[106.8724,-6.19205],[106.87226,-6.19204],[106.87197,-6.19203]],[[106.87128,-6.19189],[106.87142,-6.19189],[106.87156,-6.19188],[106.8719,-6.19188],[106.8721,-6.19189],[106.87223,-6.19189],[106.87236,-6.1919],[106.87267,-6.19192],[106.87291,-6.19194],[106.87354,-6.19203],[106.87385,-6.19208],[106.87399,-6.1921],[106.87419,-6.19213],[106.8744,-6.19215],[106.87447,-6.19216],[106.87459,-6.19215]],[[106.87008,-6.19201],[106.87018,-6.192]],[[106.87022,-6.19193],[106.87025,-6.19193],[106.87051,-6.19191],[106.87133,-6.19183],[106.87142,-6.19182],[106.87156,-6.19182],[106.87185,-6.19181],[106.87226,-6.19182],[106.87237,-6.19182],[106.87237,-6.19182],[106.87283,-6.19186]],[[106.87009,-6.19195],[106.87013,-6.19194],[106.87022,-6.19193]],[[106.85486,-6.19877],[106.85457,-6.199],[106.85425,-6.19926],[106.8542,-6.1993],[106.85413,-6.19935],[106.85406,-6.19941]],[[106.87503,-6.1922],[106.87514,-6.19221],[106.87519,-6.19222]],[[106.87499,-6.19243],[106.87491,-6.19242]],[[106.87494,-6.19219],[106.87498,-6.19219],[106.87503,-6.1922]],[[106.87479,-6.1924],[106.87463,-6.19238],[106.87458,-6.1924],[106.87454,-6.1924],[106.87448,-6.1924],[106.87442,-6.1924],[106.87405,-6.19234],[106.87383,-6.1923],[106.87381,-6.1923],[106.8737,-6.19228],[106.87349,-6.19224],[106.87344,-6.19223],[106.87339,-6.19223],[106.8732,-6.1922],[106.8726,-6.19213],[106.87249,-6.19212],[106.87246,-6.19212],[106.87235,-6.19211],[106.8722,-6.1921],[106.87209,-6.1921],[106.87182,-6.19209]],[[106.85626,-6.19748],[106.85635,-6.19739],[106.8564,-6.19733],[106.85665,-6.19716],[106.85689,-6.19699],[106.85716,-6.19681],[106.85718,-6.19679],[106.85729,-6.19672],[106.85744,-6.19663],[106.85747,-6.19661],[106.85751,-6.19658]],[[106.85371,-6.19946],[106.85375,-6.19942],[106.85376,-6.19942],[106.85382,-6.19936],[106.85383,-6.19935],[106.85391,-6.19928]],[[106.8576,-6.19653],[106.85761,-6.19652],[106.85767,-6.19647],[106.85779,-6.19639],[106.85817,-6.19614],[106.8582,-6.19612],[106.85827,-6.19607],[106.8583,-6.19606],[106.8584,-6.19598],[106.85848,-6.19593],[106.85858,-6.19586],[106.85859,-6.19585],[106.85931,-6.19537],[106.85947,-6.19525],[106.85972,-6.19508],[106.85979,-6.19504],[106.86036,-6.19465],[106.86044,-6.19459],[106.86072,-6.19441],[106.86097,-6.19425],[106.86116,-6.19412],[106.86128,-6.19408]],[[106.8557,-6.19782],[106.85598,-6.19765],[106.85626,-6.19748]],[[106.87001,-6.19216],[106.86998,-6.19217],[106.86922,-6.19224],[106.86884,-6.19228],[106.86866,-6.1923],[106.86839,-6.19233],[106.86809,-6.19236],[106.86778,-6.19239],[106.86763,-6.19241],[106.86719,-6.19245],[106.86692,-6.19248],[106.86685,-6.19249],[106.86656,-6.19252],[106.86627,-6.19254],[106.86602,-6.19257],[106.86568,-6.19261],[106.86549,-6.19263]],[[106.86546,-6.1925],[106.8662,-6.19241],[106.86644,-6.19238],[106.86684,-6.19234],[106.86743,-6.19228],[106.8678,-6.19224],[106.86785,-6.19224],[106.86841,-6.19218],[106.86893,-6.19213],[106.86968,-6.19205]],[[106.85851,-6.19622],[106.85844,-6.19627],[106.85841,-6.19629],[106.85834,-6.19634],[106.85831,-6.19636]],[[106.8502,-6.20205],[106.85036,-6.20194],[106.85054,-6.20183],[106.85066,-6.20176]],[[106.85734,-6.19679],[106.8576,-6.19662]],[[106.8546,-6.19868],[106.85517,-6.19825],[106.85553,-6.19799],[106.85563,-6.19791],[106.8557,-6.19782]],[[106.85947,-6.19558],[106.8591,-6.19582],[106.85901,-6.19589],[106.85855,-6.1962],[106.85851,-6.19622]],[[106.85441,-6.19883],[106.8546,-6.19868]],[[106.85416,-6.19904],[106.85441,-6.19883]],[[106.85391,-6.19928],[106.85413,-6.19909]],[[106.86968,-6.19205],[106.86986,-6.19203],[106.87004,-6.19201],[106.87008,-6.19201]],[[106.87459,-6.19215],[106.87475,-6.19216],[106.87485,-6.19217]],[[106.86903,-6.19205],[106.86974,-6.19198]],[[106.86974,-6.19198],[106.86985,-6.19197],[106.86994,-6.19196],[106.87003,-6.19196],[106.87009,-6.19195]],[[106.86148,-6.19394],[106.86164,-6.19381],[106.86176,-6.19373],[106.86224,-6.19347],[106.86241,-6.19337],[106.86255,-6.1933],[106.86277,-6.1932],[106.86287,-6.19315],[106.86293,-6.19313],[106.86309,-6.19306],[106.86318,-6.19303],[106.8632,-6.19303],[106.86356,-6.1929]],[[106.86128,-6.19408],[106.86137,-6.19402],[106.86148,-6.19394]],[[106.86037,-6.19472],[106.86059,-6.19457],[106.86121,-6.19416],[106.86128,-6.19408]],[[106.85831,-6.19636],[106.85791,-6.19663],[106.85787,-6.19666]],[[106.86234,-6.19374],[106.86209,-6.19387],[106.86197,-6.19394],[106.86171,-6.19409],[106.86128,-6.19437],[106.86124,-6.19439],[106.86118,-6.19444],[106.86096,-6.19459],[106.86088,-6.19464],[106.86062,-6.19481]],[[106.85764,-6.1967],[106.85733,-6.19691],[106.85717,-6.19709]],[[106.85929,-6.1956],[106.8585,-6.19613]],[[106.87128,-6.19205],[106.87124,-6.19205],[106.87077,-6.19209],[106.8702,-6.19214]],[[106.87182,-6.19209],[106.87174,-6.1921],[106.87131,-6.19211],[106.87108,-6.19213],[106.87064,-6.19217],[106.87042,-6.19219],[106.87019,-6.19221],[106.87016,-6.19222],[106.87012,-6.19222]],[[106.86549,-6.19263],[106.86542,-6.19264],[106.86488,-6.19275]],[[106.86049,-6.1949],[106.86033,-6.19499],[106.86016,-6.19511],[106.86006,-6.19518],[106.85993,-6.19528],[106.85983,-6.19534],[106.85959,-6.1955],[106.85947,-6.19558]],[[106.85845,-6.19606],[106.85925,-6.19553]],[[106.85413,-6.19909],[106.85416,-6.19904]],[[106.85561,-6.19788],[106.85562,-6.19787],[106.8557,-6.19782]],[[106.851,-6.20175],[106.85092,-6.20178],[106.85083,-6.20182]],[[106.87283,-6.19186],[106.87345,-6.19194],[106.87375,-6.19198],[106.87382,-6.19199],[106.87383,-6.19199],[106.87386,-6.19199],[106.8742,-6.19203],[106.87443,-6.19206],[106.8745,-6.19208],[106.87459,-6.19215]],[[106.87485,-6.19217],[106.87494,-6.19219]],[[106.85635,-6.19764],[106.85624,-6.19774],[106.85611,-6.19787],[106.85564,-6.19819],[106.85526,-6.19846],[106.855,-6.19867]],[[106.855,-6.19867],[106.85486,-6.19877]],[[106.85769,-6.19678],[106.85761,-6.19684]],[[106.85787,-6.19666],[106.85783,-6.19669]],[[106.86062,-6.19481],[106.86049,-6.1949]],[[106.87491,-6.19242],[106.87479,-6.1924]],[[106.85773,-6.19675],[106.85769,-6.19678]],[[106.86356,-6.1929],[106.86365,-6.19287],[106.86394,-6.19277]],[[106.8702,-6.19214],[106.87015,-6.19215]],[[106.87018,-6.192],[106.87067,-6.19195],[106.87087,-6.19193],[106.87128,-6.19189]],[[106.87197,-6.19203],[106.87176,-6.19203],[106.87128,-6.19205]],[[106.85925,-6.19553],[106.85938,-6.19544],[106.85959,-6.19529]],[[106.85964,-6.19536],[106.85939,-6.19554],[106.85929,-6.1956]],[[106.84946,-6.20255],[106.84952,-6.20251],[106.8496,-6.20246],[106.84976,-6.20235]],[[106.84982,-6.20245],[106.84981,-6.20246],[106.84971,-6.20253]],[[106.85083,-6.20182],[106.85076,-6.20185],[106.85072,-6.20187]],[[106.85066,-6.20176],[106.85071,-6.20174],[106.85095,-6.20162]],[[106.86045,-6.19484],[106.85993,-6.19518],[106.85977,-6.19528]],[[106.85979,-6.19515],[106.85987,-6.19507],[106.86011,-6.1949],[106.86037,-6.19472]],[[106.85959,-6.19529],[106.85979,-6.19515]],[[106.85977,-6.19528],[106.85964,-6.19536]]]},"properties":{"length_km":4.9,"focus":[106.8632,-6.19333],"osm_ways":86}},{"type":"Feature","id":"yos-sudarso","geometry":{"type":"MultiLineString","coordinates":[[[106.89297,-6.13426],[106.89292,-6.13459],[106.89287,-6.13493],[106.8928,-6.13519],[106.89265,-6.13587],[106.8925,-6.13652],[106.89246,-6.1367],[106.89215,-6.13792],[106.89213,-6.13801],[106.89203,-6.13847],[106.89183,-6.13937],[106.89167,-6.14011],[106.89154,-6.14064],[106.89137,-6.1414]],[[106.87883,-6.16613],[106.87894,-6.16594],[106.87924,-6.16545],[106.87954,-6.16501],[106.88028,-6.16386]],[[106.88016,-6.16469],[106.88011,-6.16477],[106.87959,-6.16555],[106.8793,-6.166]],[[106.88063,-6.16389],[106.88054,-6.16396],[106.88035,-6.1643],[106.88,-6.16482]],[[106.88715,-6.15259],[106.88767,-6.1517]],[[106.88995,-6.14781],[106.88984,-6.14835],[106.88974,-6.14866],[106.88945,-6.1493],[106.88883,-6.15058]],[[106.88273,-6.1601],[106.88301,-6.15952],[106.88309,-6.15935],[106.88337,-6.15888],[106.88352,-6.15863],[106.88363,-6.15844],[106.88382,-6.15813],[106.88384,-6.15809],[106.88392,-6.15796],[106.88398,-6.15785],[106.88415,-6.15759],[106.88421,-6.15748],[106.8844,-6.15718],[106.8844,-6.15716],[106.88455,-6.15695],[106.88468,-6.15674],[106.88484,-6.15648],[106.88508,-6.15612],[106.88513,-6.15605],[106.88529,-6.1558],[106.88538,-6.15562],[106.88545,-6.15551],[106.88551,-6.15541],[106.88569,-6.15507],[106.88574,-6.15501],[106.88587,-6.15488]],[[106.87956,-6.16508],[106.87989,-6.16457],[106.88014,-6.16418],[106.8805,-6.16362],[106.88057,-6.16346]],[[106.87886,-6.16619],[106.87888,-6.16615]],[[106.89298,-6.11104],[106.89298,-6.111],[106.893,-6.11058],[106.89303,-6.11042]],[[106.89295,-6.11188],[106.89297,-6.11123],[106.89298,-6.11104]],[[106.89334,-6.11016],[106.89333,-6.11025],[106.89333,-6.11039],[106.89333,-6.11059],[106.89332,-6.11091],[106.89331,-6.111]],[[106.89097,-6.14099],[106.89102,-6.14073],[106.89111,-6.1403],[106.89115,-6.14014],[106.89127,-6.13962],[106.89132,-6.13942],[106.89136,-6.13922],[106.89142,-6.13899],[106.89154,-6.13841],[106.89171,-6.1377],[106.89177,-6.13742],[106.89195,-6.13658]],[[106.89035,-6.14561],[106.8903,-6.1458]],[[106.89111,-6.14248],[106.89108,-6.1426]],[[106.89062,-6.14246],[106.89064,-6.14239]],[[106.88973,-6.14701],[106.88997,-6.14612],[106.89004,-6.14583],[106.89013,-6.14545],[106.89015,-6.14534],[106.89015,-6.14533]],[[106.89331,-6.11108],[106.89329,-6.11185]],[[106.89331,-6.111],[106.89331,-6.11108]],[[106.88924,-6.14848],[106.88964,-6.1473]],[[106.87881,-6.16628],[106.87886,-6.16619]],[[106.89064,-6.14223],[106.8908,-6.14167],[106.89084,-6.14158]],[[106.88868,-6.15088],[106.88782,-6.1523]],[[106.88883,-6.15058],[106.88868,-6.15088]],[[106.88839,-6.1504],[106.88853,-6.15009]],[[106.88827,-6.15063],[106.88839,-6.1504]],[[106.88102,-6.16283],[106.8811,-6.16273]],[[106.88159,-6.16241],[106.88151,-6.16252]],[[106.88151,-6.16252],[106.88139,-6.16273],[106.8813,-6.16285],[106.88107,-6.16319],[106.88099,-6.16331],[106.88089,-6.16348],[106.88063,-6.16389]],[[106.88281,-6.15999],[106.88289,-6.15986],[106.88316,-6.15941],[106.88318,-6.15938],[106.88323,-6.1593],[106.88344,-6.15896],[106.88367,-6.15859]],[[106.88367,-6.15859],[106.88371,-6.15852],[106.88405,-6.15797],[106.88474,-6.15683],[106.88484,-6.15667],[106.88493,-6.15652],[106.88498,-6.15645],[106.88504,-6.15636],[106.88523,-6.15602],[106.88531,-6.15589],[106.88544,-6.15566],[106.88547,-6.15561],[106.88557,-6.15545],[106.88562,-6.15536],[106.88563,-6.15533],[106.88567,-6.15527],[106.88581,-6.15503],[106.88587,-6.15488]],[[106.88296,-6.16011],[106.88216,-6.1615]],[[106.88616,-6.15498],[106.88591,-6.15542],[106.88587,-6.15547],[106.88583,-6.15554],[106.88566,-6.15581],[106.88562,-6.15587],[106.88532,-6.15634],[106.88508,-6.15671],[106.88476,-6.1572],[106.8845,-6.1576],[106.88431,-6.1579],[106.88427,-6.15795],[106.88403,-6.15834],[106.884,-6.1584],[106.88378,-6.15878],[106.88338,-6.15944],[106.88325,-6.15967],[106.88306,-6.15997],[106.88296,-6.16011]],[[106.88126,-6.16248],[106.88128,-6.16245],[106.88139,-6.16229]],[[106.8811,-6.16273],[106.88126,-6.16248]],[[106.88677,-6.15326],[106.8869,-6.153],[106.88695,-6.15291],[106.88701,-6.15283],[106.88701,-6.15282],[106.88703,-6.15279]],[[106.88708,-6.15349],[106.88645,-6.1545],[106.88616,-6.15498]],[[106.89329,-6.12305],[106.89328,-6.12276],[106.89326,-6.12248],[106.89325,-6.12218],[106.89324,-6.12202],[106.89322,-6.1216],[106.8932,-6.12139],[106.89318,-6.12076],[106.89316,-6.1204],[106.89314,-6.11995],[106.8931,-6.11941],[106.8931,-6.11919],[106.89309,-6.11911],[106.89309,-6.11885],[106.89308,-6.11871],[106.89306,-6.11831],[106.89306,-6.11822],[106.89306,-6.11819],[106.89306,-6.11805],[106.89306,-6.11802],[106.89308,-6.11745],[106.89307,-6.1172],[106.89307,-6.11695],[106.89306,-6.11666]],[[106.89298,-6.11469],[106.89296,-6.11414],[106.89296,-6.11409],[106.89296,-6.11397],[106.89296,-6.11363],[106.89296,-6.1132]],[[106.89344,-6.12884],[106.89342,-6.12864],[106.89341,-6.12845],[106.89341,-6.12834],[106.8934,-6.1281],[106.8934,-6.12783],[106.89339,-6.12749],[106.89341,-6.12704],[106.8934,-6.12636],[106.89338,-6.12564],[106.89338,-6.12556],[106.89337,-6.12524],[106.89337,-6.12521]],[[106.89302,-6.11188],[106.89304,-6.11123],[106.89305,-6.11099]],[[106.89298,-6.11203],[106.89302,-6.11196],[106.89302,-6.11188]],[[106.89305,-6.11099],[106.89306,-6.11082],[106.89306,-6.11056],[106.89303,-6.11042]],[[106.88,-6.16482],[106.87911,-6.16618]],[[106.88081,-6.16312],[106.88102,-6.16283]],[[106.88057,-6.16346],[106.88081,-6.16312]],[[106.89015,-6.14533],[106.89014,-6.1452],[106.89034,-6.14394],[106.8904,-6.14358],[106.89044,-6.14313],[106.89048,-6.143]],[[106.89052,-6.1429],[106.89059,-6.14258],[106.8906,-6.14255]],[[106.89015,-6.14533],[106.89021,-6.14503],[106.89028,-6.14449]],[[106.88587,-6.15488],[106.8859,-6.15483],[106.88607,-6.15453],[106.88619,-6.1543],[106.88628,-6.15414]],[[106.89344,-6.12965],[106.89345,-6.12946]],[[106.89084,-6.14158],[106.89086,-6.14147]],[[106.89064,-6.14239],[106.89074,-6.14201]],[[106.8906,-6.14255],[106.89062,-6.14246]],[[106.8906,-6.14255],[106.89059,-6.14253],[106.89057,-6.1425]],[[106.89057,-6.1425],[106.89059,-6.14245]],[[106.89059,-6.14245],[106.8906,-6.14238]],[[106.89089,-6.14137],[106.89097,-6.14099]],[[106.88063,-6.16389],[106.8806,-6.16402],[106.88047,-6.16421],[106.88023,-6.16461],[106.88019,-6.16465],[106.88016,-6.16469]],[[106.88718,-6.15335],[106.88708,-6.15349]],[[106.89336,-6.11724],[106.89342,-6.11747],[106.89345,-6.11806],[106.89346,-6.11827]],[[106.89325,-6.11533],[106.89328,-6.11573],[106.89329,-6.11595],[106.89331,-6.11631],[106.89332,-6.11641],[106.89333,-6.11667]],[[106.89325,-6.11522],[106.89325,-6.11522],[106.89325,-6.11533]],[[106.89323,-6.11423],[106.89324,-6.11462],[106.89324,-6.11477],[106.89325,-6.11487],[106.89325,-6.11516]],[[106.89324,-6.11357],[106.89324,-6.11367],[106.89324,-6.11374],[106.89323,-6.11394],[106.89323,-6.11402],[106.89323,-6.11408],[106.89323,-6.11423]],[[106.89329,-6.11185],[106.89329,-6.1119],[106.89328,-6.11237],[106.89327,-6.11258],[106.89326,-6.11276],[106.89325,-6.11321],[106.89324,-6.11357]],[[106.89377,-6.13051],[106.8937,-6.13084],[106.89362,-6.13115]],[[106.89384,-6.13019],[106.89377,-6.13051]],[[106.89401,-6.12907],[106.89389,-6.13003]],[[106.89402,-6.12851],[106.89402,-6.12859],[106.894,-6.12879]],[[106.89362,-6.12228],[106.89364,-6.12299],[106.89366,-6.12336],[106.89367,-6.12361],[106.89369,-6.12391],[106.89373,-6.12476],[106.89375,-6.12512],[106.89376,-6.12522],[106.89376,-6.12552],[106.89381,-6.12606],[106.89382,-6.12621],[106.89384,-6.12667],[106.89385,-6.12686],[106.89394,-6.12763],[106.89396,-6.12783],[106.89398,-6.12807],[106.89399,-6.12826],[106.89401,-6.12837],[106.89402,-6.12851]],[[106.89387,-6.1301],[106.89384,-6.13019]],[[106.89226,-6.13282],[106.89245,-6.13238],[106.8926,-6.13209],[106.89267,-6.13194],[106.89271,-6.13188],[106.89278,-6.13174]],[[106.89334,-6.11007],[106.89334,-6.11016]],[[106.89298,-6.11203],[106.89295,-6.11194],[106.89295,-6.11189],[106.89295,-6.11188]],[[106.89304,-6.11018],[106.89305,-6.11007]],[[106.89296,-6.1132],[106.89297,-6.11277],[106.89297,-6.11233],[106.89298,-6.11203]],[[106.893,-6.11516],[106.89299,-6.11487],[106.89298,-6.11469]],[[106.8793,-6.166],[106.87912,-6.16631],[106.87911,-6.16632]],[[106.88028,-6.16386],[106.88037,-6.16373],[106.88046,-6.16359],[106.88057,-6.16346]],[[106.87876,-6.16626],[106.87883,-6.16613]],[[106.89303,-6.11042],[106.89303,-6.11038],[106.89304,-6.11018]],[[106.88169,-6.1618],[106.88171,-6.16177],[106.88186,-6.16151],[106.88226,-6.16085],[106.88269,-6.16018],[106.88273,-6.1601]],[[106.89028,-6.14449],[106.89038,-6.14394],[106.89048,-6.14313],[106.89048,-6.143]],[[106.89062,-6.1445],[106.89059,-6.14459],[106.89054,-6.1448]],[[106.89346,-6.11827],[106.89348,-6.11838],[106.89349,-6.11844],[106.89351,-6.11854],[106.89358,-6.11888],[106.89362,-6.11919],[106.89364,-6.11948],[106.89363,-6.11965],[106.89362,-6.12013],[106.8936,-6.12029],[106.89359,-6.12055],[106.89359,-6.12069],[106.8936,-6.12108],[106.89361,-6.12186],[106.89362,-6.12216],[106.89362,-6.12228]],[[106.89336,-6.11706],[106.89336,-6.11724]],[[106.89306,-6.11666],[106.89304,-6.11641],[106.89304,-6.1163],[106.89302,-6.11579]],[[106.89329,-6.12315],[106.89329,-6.12305]],[[106.88273,-6.1601],[106.88281,-6.15999]],[[106.88708,-6.15349],[106.88708,-6.15349]],[[106.88713,-6.15262],[106.88715,-6.15259]],[[106.8903,-6.1458],[106.8903,-6.14591],[106.89012,-6.14679],[106.89012,-6.1469]],[[106.89337,-6.12521],[106.89333,-6.12447],[106.89332,-6.12423],[106.89332,-6.12413],[106.89329,-6.12315]],[[106.89333,-6.11667],[106.89335,-6.11691],[106.89336,-6.11706]],[[106.894,-6.12879],[106.89401,-6.12907]],[[106.89074,-6.14201],[106.89083,-6.14167],[106.89084,-6.14158]],[[106.89337,-6.13205],[106.89327,-6.13237],[106.89311,-6.13308],[106.89303,-6.13353],[106.89301,-6.13365],[106.893,-6.13381],[106.89297,-6.13426]],[[106.89027,-6.14474],[106.89029,-6.14459],[106.89028,-6.14449]],[[106.88914,-6.14898],[106.88918,-6.14887],[106.88924,-6.14875],[106.88931,-6.14859],[106.88935,-6.1485],[106.88939,-6.14834],[106.88946,-6.14819],[106.8895,-6.1481],[106.88956,-6.14794],[106.88959,-6.14783],[106.88964,-6.14762],[106.88968,-6.14744],[106.88974,-6.14723],[106.88979,-6.14705],[106.88983,-6.14685],[106.88988,-6.14661],[106.88997,-6.14625],[106.89003,-6.14598],[106.89013,-6.14555],[106.89019,-6.14525],[106.89026,-6.14489],[106.89027,-6.14474]],[[106.89214,-6.1331],[106.89222,-6.13292],[106.89226,-6.13282]],[[106.89278,-6.13174],[106.89294,-6.13146],[106.89313,-6.13104],[106.89318,-6.13092],[106.89318,-6.1309],[106.89323,-6.13076],[106.89338,-6.13011],[106.89344,-6.12965]],[[106.8906,-6.14238],[106.89064,-6.14223]],[[106.89137,-6.1414],[106.89118,-6.14214],[106.89111,-6.14248]],[[106.89197,-6.13649],[106.89199,-6.13637],[106.892,-6.13629],[106.89202,-6.13605],[106.89203,-6.13602],[106.89203,-6.13566],[106.89202,-6.13547],[106.89201,-6.13529],[106.89199,-6.13509],[106.89196,-6.13494],[106.89193,-6.13454],[106.89192,-6.13436],[106.89195,-6.13403],[106.89197,-6.13382],[106.892,-6.13356],[106.89206,-6.13334],[106.89214,-6.1331]],[[106.89195,-6.13658],[106.89197,-6.13649]],[[106.89302,-6.11579],[106.89301,-6.11533]],[[106.89086,-6.14147],[106.89089,-6.14137]],[[106.89079,-6.1438],[106.89081,-6.14384],[106.89082,-6.14388],[106.89075,-6.14416],[106.89068,-6.14443],[106.89062,-6.1445]],[[106.89079,-6.1438],[106.89077,-6.14385],[106.89068,-6.14424],[106.89062,-6.1445]],[[106.89091,-6.14328],[106.8908,-6.14375],[106.89079,-6.1438]],[[106.88855,-6.15004],[106.88924,-6.14848]],[[106.88853,-6.15009],[106.88855,-6.15004]],[[106.88767,-6.1517],[106.88827,-6.15063]],[[106.88703,-6.15279],[106.88713,-6.15262]],[[106.89301,-6.11533],[106.89301,-6.11523],[106.893,-6.11523]],[[106.89325,-6.11516],[106.89325,-6.11522]],[[106.893,-6.11523],[106.893,-6.11516]],[[106.89389,-6.13003],[106.89387,-6.1301]],[[106.89362,-6.13115],[106.89352,-6.13151],[106.89346,-6.13173],[106.89337,-6.13205]],[[106.89346,-6.12919],[106.89345,-6.12915],[106.89344,-6.12884]],[[106.89346,-6.12932],[106.89346,-6.12919]],[[106.89345,-6.12946],[106.89346,-6.12932]],[[106.89108,-6.1426],[106.891,-6.14293]],[[106.891,-6.14293],[106.89097,-6.14303],[106.89091,-6.14328]],[[106.88964,-6.1473],[106.88967,-6.14721],[106.8897,-6.14714],[106.88973,-6.14701]],[[106.89048,-6.143],[106.89052,-6.1429]],[[106.89045,-6.14521],[106.89035,-6.14561]],[[106.89054,-6.1448],[106.89045,-6.14521]],[[106.89012,-6.1469],[106.88995,-6.14781]],[[106.88782,-6.1523],[106.88718,-6.15335]],[[106.88139,-6.16229],[106.88169,-6.1618]],[[106.88628,-6.15414],[106.88652,-6.15374],[106.88658,-6.15364],[106.88669,-6.15342],[106.88677,-6.15326]],[[106.88216,-6.1615],[106.88188,-6.16195],[106.88185,-6.162]],[[106.88185,-6.162],[106.88171,-6.16222],[106.88163,-6.16234],[106.88159,-6.16241]],[[106.87911,-6.16618],[106.87903,-6.16632]],[[106.87888,-6.16615],[106.879,-6.16595]],[[106.879,-6.16595],[106.87956,-6.16508]]]},"properties":{"length_km":7.9,"focus":[106.89115,-6.14014],"osm_ways":138}},{"type":"Feature","id":"mt-haryono","geometry":{"type":"MultiLineString","coordinates":[[[106.84444,-6.24302],[106.84452,-6.24304],[106.84459,-6.24306],[106.84471,-6.24308],[106.84488,-6.24312],[106.84528,-6.24318],[106.84558,-6.2432]],[[106.86831,-6.24416],[106.86893,-6.24433]],[[106.87229,-6.24606],[106.87241,-6.2461],[106.8725,-6.24613],[106.87259,-6.24617],[106.87278,-6.24624],[106.87296,-6.24629],[106.87325,-6.24637],[106.87349,-6.24644],[106.87376,-6.24652],[106.874,-6.24661]],[[106.874,-6.24661],[106.87415,-6.24669],[106.87431,-6.24677],[106.87447,-6.24688],[106.87471,-6.24705],[106.87478,-6.24709],[106.87484,-6.24715],[106.87487,-6.24717],[106.87496,-6.24724],[106.87505,-6.24732],[106.87514,-6.2474],[106.87537,-6.24759],[106.87562,-6.24781]],[[106.87562,-6.24781],[106.87596,-6.24809],[106.87617,-6.24823],[106.87635,-6.24836],[106.87653,-6.24845],[106.87677,-6.24854],[106.87704,-6.24858]],[[106.87397,-6.24672],[106.87369,-6.24662],[106.87342,-6.24654],[106.87297,-6.24644],[106.87285,-6.24641],[106.87272,-6.24639],[106.87262,-6.24638],[106.8725,-6.24635],[106.87237,-6.24632]],[[106.87551,-6.24785],[106.8749,-6.24731],[106.87457,-6.24706],[106.87441,-6.24696],[106.87422,-6.24685],[106.87397,-6.24672]],[[106.86893,-6.24433],[106.8692,-6.24442],[106.86947,-6.24455],[106.86961,-6.24462]],[[106.86504,-6.24355],[106.86496,-6.24352],[106.86473,-6.24347],[106.86433,-6.2434],[106.86428,-6.24339],[106.86423,-6.24338],[106.86393,-6.24335],[106.86359,-6.24334],[106.86317,-6.24332],[106.86278,-6.24331],[106.86275,-6.24331]],[[106.8785,-6.24869],[106.87811,-6.24876],[106.87794,-6.24877],[106.87767,-6.24879],[106.87736,-6.24877],[106.87715,-6.24876]],[[106.86974,-6.24529],[106.86952,-6.24514],[106.86929,-6.24502],[106.86911,-6.24493],[106.86892,-6.24486],[106.86871,-6.24478]],[[106.86871,-6.24478],[106.86821,-6.24459]],[[106.8599,-6.24289],[106.86014,-6.24288],[106.86026,-6.24288],[106.86046,-6.24288],[106.86074,-6.2429]],[[106.85836,-6.24293],[106.85888,-6.24291]],[[106.85381,-6.24339],[106.85371,-6.24339],[106.85345,-6.24339],[106.85337,-6.24339],[106.85295,-6.24339],[106.85285,-6.24338],[106.85265,-6.24339],[106.85258,-6.24339],[106.85216,-6.24339],[106.85138,-6.24343],[106.85117,-6.24345],[106.85094,-6.24347],[106.85079,-6.24347],[106.85023,-6.2435],[106.85017,-6.24351],[106.84956,-6.24354],[106.84937,-6.24355],[106.84923,-6.24356],[106.84915,-6.24356],[106.84839,-6.2436]],[[106.8589,-6.24344],[106.85863,-6.24344],[106.8584,-6.24343]],[[106.86231,-6.24332],[106.86221,-6.24332],[106.86206,-6.24332],[106.86188,-6.24333]],[[106.86275,-6.24331],[106.86231,-6.24332]],[[106.86243,-6.24293],[106.86273,-6.24292]],[[106.87181,-6.24595],[106.87205,-6.24601],[106.87229,-6.24606]],[[106.86991,-6.24486],[106.86996,-6.24492],[106.87005,-6.24502],[106.87015,-6.24511],[106.87024,-6.24521],[106.87031,-6.24528],[106.87035,-6.24532],[106.87044,-6.24541],[106.87051,-6.24547]],[[106.85402,-6.24297],[106.85406,-6.24297],[106.85408,-6.24297],[106.85416,-6.24297],[106.85442,-6.24297],[106.85484,-6.24297],[106.85489,-6.24297],[106.85527,-6.24297],[106.85539,-6.24297],[106.85553,-6.24297],[106.85563,-6.24297],[106.8557,-6.24297],[106.8559,-6.24297],[106.8562,-6.24297],[106.85668,-6.24297],[106.85672,-6.24297],[106.85678,-6.24297]],[[106.85378,-6.24297],[106.85402,-6.24297]],[[106.84658,-6.24371],[106.84623,-6.24372],[106.84605,-6.24372],[106.84536,-6.24367],[106.84474,-6.24363],[106.84461,-6.24362],[106.84427,-6.24362]],[[106.84867,-6.24312],[106.84902,-6.24308],[106.84906,-6.24307],[106.84929,-6.24304],[106.84949,-6.24302],[106.84958,-6.24301],[106.84973,-6.24301],[106.84984,-6.243],[106.85,-6.24299],[106.85016,-6.24298],[106.8504,-6.24298],[106.85122,-6.24298],[106.85125,-6.24298],[106.85132,-6.24298],[106.85173,-6.24297],[106.8519,-6.24296],[106.8521,-6.24296],[106.85218,-6.24296],[106.85222,-6.24296],[106.85231,-6.24296],[106.8526,-6.24297],[106.8527,-6.24297],[106.85304,-6.24297],[106.85341,-6.24297],[106.85376,-6.24297],[106.85378,-6.24297]],[[106.84744,-6.24323],[106.84751,-6.24322]],[[106.85403,-6.24338],[106.85381,-6.24339]],[[106.8584,-6.24343],[106.85792,-6.24341],[106.85739,-6.24341],[106.85668,-6.24339],[106.8565,-6.24339],[106.85611,-6.24339],[106.85533,-6.24338],[106.85443,-6.24338],[106.85438,-6.24338],[106.85403,-6.24338]],[[106.8771,-6.24859],[106.87718,-6.24861],[106.87738,-6.24865],[106.87767,-6.24865],[106.87767,-6.24865],[106.87805,-6.24863]],[[106.88011,-6.2482],[106.88001,-6.24826],[106.87988,-6.24831],[106.87974,-6.24836],[106.87948,-6.24845],[106.87927,-6.24851],[106.8791,-6.24856],[106.87893,-6.2486]],[[106.87677,-6.24867],[106.87652,-6.24855],[106.87629,-6.24842],[106.87588,-6.24816],[106.87551,-6.24785]],[[106.84688,-6.24324],[106.84699,-6.24324],[106.84703,-6.24324],[106.84715,-6.24323],[106.84744,-6.24323]],[[106.84384,-6.24284],[106.84395,-6.24287],[106.84404,-6.2429],[106.84429,-6.24298]],[[106.86074,-6.2429],[106.86076,-6.2429],[106.86093,-6.24291]],[[106.86109,-6.24293],[106.86144,-6.24292],[106.86192,-6.24292],[106.86214,-6.24292]],[[106.84558,-6.2432],[106.84585,-6.24321],[106.84639,-6.24323],[106.84649,-6.24323]],[[106.84429,-6.24298],[106.84444,-6.24302]],[[106.86725,-6.24424],[106.86708,-6.24418],[106.86684,-6.2441],[106.86646,-6.24399],[106.86631,-6.24393],[106.86623,-6.2439],[106.86574,-6.24375],[106.86548,-6.24367],[106.86504,-6.24355]],[[106.86093,-6.24291],[106.86109,-6.24293]],[[106.87385,-6.24639],[106.87405,-6.24645],[106.87428,-6.24654],[106.87448,-6.24663],[106.8747,-6.24675]],[[106.87098,-6.24572],[106.87129,-6.24582],[106.8715,-6.24588]],[[106.87062,-6.24556],[106.87072,-6.24561]],[[106.87893,-6.2486],[106.87871,-6.24865],[106.8785,-6.24869]],[[106.85888,-6.24291],[106.85952,-6.24291],[106.8599,-6.24289]],[[106.85678,-6.24297],[106.85755,-6.24296],[106.85799,-6.24294],[106.85836,-6.24293]],[[106.84649,-6.24323],[106.8467,-6.24324],[106.84688,-6.24324]],[[106.86765,-6.24397],[106.8677,-6.24398],[106.86831,-6.24416]],[[106.86273,-6.24292],[106.8628,-6.24292],[106.86305,-6.24291],[106.8632,-6.24291],[106.86329,-6.24291],[106.86333,-6.24291],[106.8635,-6.24291],[106.86377,-6.24292],[106.86379,-6.24292],[106.86383,-6.24292],[106.86406,-6.24294],[106.8643,-6.24297],[106.86432,-6.24297],[106.86454,-6.24301],[106.86466,-6.24303],[106.86474,-6.24305],[106.86493,-6.24309],[106.86536,-6.2432],[106.86588,-6.24337],[106.86697,-6.24371],[106.86708,-6.24375]],[[106.8725,-6.2461],[106.87272,-6.24613],[106.87294,-6.24618],[106.87344,-6.24629]],[[106.8715,-6.24588],[106.87175,-6.24594]],[[106.84427,-6.24362],[106.84396,-6.2436]],[[106.87844,-6.24857],[106.87864,-6.24853],[106.87884,-6.24846],[106.87885,-6.24846],[106.87894,-6.24843],[106.87903,-6.2484],[106.87923,-6.24833],[106.8793,-6.2483],[106.87952,-6.24822]],[[106.86188,-6.24333],[106.86121,-6.24334],[106.86094,-6.24333]],[[106.86094,-6.24333],[106.86059,-6.24339],[106.86019,-6.24343],[106.85978,-6.24344],[106.8589,-6.24344]],[[106.87715,-6.24876],[106.87695,-6.24873],[106.87677,-6.24867]],[[106.86961,-6.24462],[106.8697,-6.24468],[106.86977,-6.24473],[106.86984,-6.24479]],[[106.84755,-6.24322],[106.84806,-6.24319],[106.84816,-6.24319],[106.84819,-6.24319],[106.84821,-6.24318],[106.84827,-6.24318]],[[106.87387,-6.2469],[106.87356,-6.24674],[106.87338,-6.24666],[106.87323,-6.2466]],[[106.87436,-6.24722],[106.874,-6.24698],[106.87387,-6.2469]],[[106.87237,-6.24632],[106.87222,-6.24627],[106.87211,-6.24624],[106.87192,-6.24618],[106.87176,-6.24614]],[[106.86821,-6.24459],[106.86783,-6.24445],[106.86725,-6.24424]],[[106.84692,-6.24367],[106.8469,-6.24368],[106.84658,-6.24371]],[[106.84839,-6.2436],[106.84757,-6.24365],[106.84745,-6.24366],[106.84718,-6.24367],[106.84692,-6.24367]],[[106.87051,-6.24547],[106.87062,-6.24556]],[[106.8747,-6.24675],[106.87482,-6.24683],[106.87493,-6.24691]],[[106.84381,-6.24359],[106.84356,-6.24356]],[[106.87066,-6.24581],[106.87047,-6.24575],[106.8704,-6.24571],[106.87012,-6.24556]],[[106.87163,-6.2461],[106.87124,-6.24599]],[[106.87323,-6.2466],[106.87295,-6.2465],[106.8729,-6.24648],[106.87268,-6.24641],[106.87266,-6.24641],[106.87237,-6.24632]],[[106.87344,-6.24629],[106.87385,-6.24639]],[[106.86984,-6.24479],[106.86991,-6.24486]],[[106.84751,-6.24322],[106.84755,-6.24322]],[[106.86708,-6.24375],[106.86765,-6.24397]],[[106.86869,-6.24487],[106.86816,-6.24467]],[[106.86816,-6.24467],[106.86739,-6.24434],[106.86725,-6.24424]],[[106.86974,-6.24529],[106.86869,-6.24487]],[[106.87012,-6.24556],[106.86983,-6.24534],[106.86974,-6.24529]],[[106.84827,-6.24318],[106.84849,-6.24315],[106.84857,-6.24314],[106.84866,-6.24313],[106.84867,-6.24312]],[[106.87072,-6.24561],[106.8708,-6.24565],[106.87087,-6.24568],[106.87098,-6.24572]],[[106.84396,-6.2436],[106.84381,-6.24359]],[[106.87176,-6.24614],[106.8717,-6.24612],[106.87163,-6.2461]],[[106.87175,-6.24594],[106.87181,-6.24595]],[[106.87124,-6.24599],[106.87084,-6.24587],[106.87066,-6.24581]],[[106.87805,-6.24863],[106.87844,-6.24857]],[[106.87704,-6.24858],[106.8771,-6.24859]],[[106.87229,-6.24606],[106.8725,-6.2461]],[[106.86214,-6.24292],[106.86243,-6.24293]]]},"properties":{"length_km":4.6,"focus":[106.86359,-6.24334],"osm_ways":87}},{"type":"Feature","id":"ahmad-yani","geometry":{"type":"MultiLineString","coordinates":[[[106.87519,-6.19222],[106.87518,-6.19229],[106.87516,-6.19237]],[[106.87548,-6.18188],[106.8755,-6.18157],[106.87554,-6.18113],[106.87557,-6.18078],[106.87564,-6.17992],[106.87567,-6.17963],[106.8757,-6.17932],[106.87571,-6.17917],[106.87578,-6.17849],[106.87582,-6.1779]],[[106.87911,-6.16632],[106.87911,-6.16634],[106.87875,-6.16708],[106.87838,-6.16801]],[[106.87356,-6.20493],[106.87352,-6.20486],[106.87342,-6.20442],[106.87341,-6.2044],[106.87328,-6.20383],[106.87321,-6.20359],[106.87312,-6.20329],[106.87305,-6.20288],[106.87303,-6.20277],[106.87299,-6.20228],[106.87301,-6.20171],[106.87301,-6.20165],[106.87302,-6.20148],[106.87303,-6.20128],[106.87308,-6.20089],[106.87309,-6.2008],[106.87315,-6.20039],[106.87321,-6.20012],[106.87327,-6.19997],[106.87335,-6.19987]],[[106.87619,-6.17633],[106.87611,-6.17729],[106.87608,-6.17764],[106.87601,-6.17892],[106.87592,-6.18051],[106.87591,-6.18078],[106.87585,-6.18168],[106.87583,-6.18192]],[[106.87829,-6.16738],[106.87834,-6.16726],[106.87839,-6.16712],[106.87845,-6.167],[106.87852,-6.16686]],[[106.87887,-6.16663],[106.87873,-6.16694],[106.87867,-6.16706],[106.8783,-6.16797],[106.87805,-6.16896]],[[106.87903,-6.16632],[106.87897,-6.16643]],[[106.87894,-6.16648],[106.87892,-6.16652]],[[106.87897,-6.16643],[106.87894,-6.16648]],[[106.87872,-6.16645],[106.87875,-6.16639]],[[106.87875,-6.16639],[106.87878,-6.16634],[106.87881,-6.16628]],[[106.87516,-6.19237],[106.87515,-6.19245]],[[106.87513,-6.19255],[106.87509,-6.19274],[106.87502,-6.1931]],[[106.87491,-6.19242],[106.87492,-6.19234],[106.87493,-6.19226],[106.87494,-6.19219]],[[106.87398,-6.20739],[106.87399,-6.20767],[106.87399,-6.20771],[106.87402,-6.20824],[106.87403,-6.20844],[106.87405,-6.20884],[106.87407,-6.20947],[106.8741,-6.20987],[106.87412,-6.21032],[106.87416,-6.21082],[106.8742,-6.21132],[106.87429,-6.21232]],[[106.87869,-6.1665],[106.87872,-6.16645]],[[106.87753,-6.16955],[106.87758,-6.16937],[106.87759,-6.1693],[106.87773,-6.1687]],[[106.87585,-6.17806],[106.87585,-6.17801],[106.87584,-6.17796],[106.87582,-6.1779]],[[106.87571,-6.17987],[106.87575,-6.17941],[106.87585,-6.17806]],[[106.87541,-6.18404],[106.87551,-6.18381],[106.87552,-6.18375],[106.87554,-6.18334],[106.87567,-6.18077],[106.87571,-6.17987]],[[106.87405,-6.19691],[106.87412,-6.19642],[106.87419,-6.19609],[106.87428,-6.19564],[106.87436,-6.19519]],[[106.87396,-6.19737],[106.87404,-6.19699]],[[106.87449,-6.19605],[106.87443,-6.19634]],[[106.87497,-6.19205],[106.875,-6.19189],[106.87502,-6.19179],[106.8751,-6.19116],[106.87518,-6.19041],[106.8752,-6.19006],[106.87521,-6.1898],[106.87522,-6.18964],[106.87522,-6.18955],[106.87524,-6.18934],[106.87523,-6.18929]],[[106.87545,-6.19023],[106.87544,-6.19032],[106.87543,-6.19038],[106.87542,-6.19045],[106.87541,-6.19056],[106.87538,-6.19094],[106.87534,-6.19128],[106.87527,-6.19173],[106.87521,-6.19207]],[[106.8778,-6.1686],[106.87789,-6.16827],[106.87803,-6.16784],[106.87816,-6.16753]],[[106.87696,-6.17158],[106.87716,-6.17092],[106.87726,-6.17058],[106.8773,-6.17045],[106.87736,-6.17022]],[[106.87595,-6.17644],[106.87599,-6.1762],[106.87599,-6.17615],[106.87609,-6.1754],[106.87611,-6.17528],[106.87616,-6.17504],[106.87621,-6.1748],[106.87623,-6.17471],[106.87632,-6.17435],[106.87655,-6.17346],[106.87663,-6.17314],[106.87666,-6.17296],[106.87671,-6.17266],[106.87688,-6.17183]],[[106.87582,-6.1779],[106.87583,-6.1778],[106.87583,-6.17776],[106.87584,-6.17762],[106.87585,-6.17745],[106.87586,-6.17737],[106.87586,-6.17734],[106.87587,-6.17715],[106.87589,-6.17696]],[[106.87538,-6.18514],[106.87539,-6.18496],[106.8754,-6.1848],[106.8754,-6.1847],[106.87541,-6.18462],[106.87541,-6.18449],[106.87541,-6.18442],[106.87541,-6.1843],[106.87541,-6.18404]],[[106.87816,-6.16753],[106.87838,-6.16703],[106.87844,-6.16689],[106.87848,-6.16682],[106.87876,-6.16626]],[[106.87536,-6.18584],[106.87537,-6.18555],[106.87538,-6.18545],[106.87538,-6.18514]],[[106.87526,-6.18782],[106.87527,-6.18767],[106.87528,-6.18759],[106.87528,-6.1875],[106.87529,-6.18735],[106.87531,-6.18693],[106.87534,-6.18634],[106.87535,-6.18613],[106.87535,-6.18608],[106.87536,-6.18584]],[[106.87523,-6.18929],[106.87524,-6.189],[106.87525,-6.18869],[106.87525,-6.18845]],[[106.87335,-6.19987],[106.87342,-6.19959],[106.87366,-6.19858],[106.87375,-6.19824],[106.87389,-6.19766],[106.87391,-6.19755],[106.87392,-6.19751],[106.87396,-6.19737]],[[106.87396,-6.21459],[106.87395,-6.21416]],[[106.87383,-6.21175],[106.8738,-6.2112]],[[106.87838,-6.16801],[106.87805,-6.16896],[106.87778,-6.17]],[[106.87554,-6.18825],[106.87554,-6.18848],[106.87553,-6.18866],[106.87552,-6.18884]],[[106.87436,-6.19519],[106.87438,-6.19511],[106.87442,-6.19493],[106.87453,-6.19448],[106.87489,-6.19253]],[[106.87778,-6.17],[106.87751,-6.1708]],[[106.87455,-6.19573],[106.87449,-6.19605]],[[106.87502,-6.1931],[106.87491,-6.1937],[106.87456,-6.19566],[106.87455,-6.19573]],[[106.87443,-6.19634],[106.87436,-6.1967],[106.87435,-6.19675],[106.87431,-6.19694]],[[106.87395,-6.21416],[106.87388,-6.21289],[106.87383,-6.21175]],[[106.8743,-6.19701],[106.87421,-6.19743],[106.87418,-6.19757],[106.87417,-6.19761],[106.87402,-6.1983]],[[106.87386,-6.19895],[106.87365,-6.1998],[106.87353,-6.20029]],[[106.87353,-6.20029],[106.87359,-6.20047],[106.87361,-6.20063],[106.87361,-6.20096],[106.87358,-6.20172],[106.87354,-6.20191],[106.87349,-6.20209],[106.87347,-6.20224]],[[106.87347,-6.20224],[106.87347,-6.20254],[106.87356,-6.20331]],[[106.87551,-6.18912],[106.87549,-6.18922],[106.87549,-6.1894],[106.87549,-6.18963],[106.87548,-6.18982],[106.87545,-6.19023]],[[106.87552,-6.18884],[106.87551,-6.18912]],[[106.87557,-6.18754],[106.87556,-6.18782],[106.87556,-6.18784],[106.87554,-6.18825]],[[106.87736,-6.17022],[106.8774,-6.17009],[106.87753,-6.16955]],[[106.87753,-6.16955],[106.8776,-6.16951],[106.8776,-6.16951],[106.87761,-6.1695],[106.87778,-6.16893],[106.87787,-6.16864],[106.87812,-6.16782],[106.8782,-6.16759],[106.87822,-6.16754]],[[106.87822,-6.16754],[106.87829,-6.16738]],[[106.87429,-6.21232],[106.87433,-6.21331],[106.87433,-6.21343],[106.8744,-6.21462]],[[106.87402,-6.1983],[106.87386,-6.19895]],[[106.87356,-6.20493],[106.87356,-6.20485],[106.87345,-6.2044],[106.87331,-6.20381],[106.87323,-6.20349],[106.87317,-6.20309],[106.87311,-6.20267],[106.87311,-6.20212],[106.87317,-6.20117],[106.87332,-6.20008],[106.87335,-6.19987]],[[106.87365,-6.20563],[106.87364,-6.20552],[106.8736,-6.20521],[106.87356,-6.20493]],[[106.8738,-6.2111],[106.87382,-6.21102],[106.87383,-6.21093],[106.87384,-6.21078],[106.87383,-6.21021],[106.87382,-6.20976],[106.8738,-6.20908],[106.87379,-6.20858],[106.87374,-6.20786],[106.87374,-6.20772],[106.87372,-6.20688],[106.87372,-6.20662],[106.8737,-6.20631],[106.87368,-6.20575],[106.87365,-6.20563]],[[106.87363,-6.20687],[106.87361,-6.20659],[106.87361,-6.20654],[106.87361,-6.20628],[106.87361,-6.20574],[106.87364,-6.20564],[106.87365,-6.20563]],[[106.8737,-6.20976],[106.87369,-6.20908],[106.87368,-6.2086],[106.87363,-6.20687]],[[106.8738,-6.2112],[106.8738,-6.2111]],[[106.87688,-6.17183],[106.87689,-6.17179],[106.87696,-6.17158]],[[106.87657,-6.17284],[106.87659,-6.17275],[106.87661,-6.17267],[106.87664,-6.17256],[106.87666,-6.17249],[106.87679,-6.17203],[106.87684,-6.1719],[106.87688,-6.17183]],[[106.87595,-6.17644],[106.87593,-6.17624],[106.87593,-6.17615],[106.87593,-6.17608],[106.87593,-6.176],[106.87594,-6.17587],[106.87595,-6.17565],[106.87599,-6.17534],[106.87606,-6.17499],[106.87612,-6.17471],[106.87617,-6.17449],[106.87628,-6.17408],[106.87631,-6.17394],[106.87639,-6.1736],[106.87641,-6.17353],[106.87641,-6.17349],[106.87646,-6.17323],[106.87647,-6.17317],[106.8765,-6.17308],[106.87653,-6.17298],[106.87657,-6.17284]],[[106.87738,-6.17122],[106.87734,-6.1713],[106.87653,-6.17436],[106.87643,-6.17476]],[[106.87852,-6.16686],[106.87858,-6.16674],[106.87865,-6.16658]],[[106.87589,-6.17696],[106.87595,-6.17649],[106.87595,-6.17644]],[[106.87751,-6.1708],[106.87738,-6.17122]],[[106.87643,-6.17476],[106.87635,-6.17508],[106.87628,-6.17542],[106.87619,-6.17601],[106.8762,-6.17616],[106.87619,-6.17633]],[[106.87583,-6.18192],[106.8758,-6.1823],[106.87577,-6.18283],[106.87567,-6.18458],[106.87569,-6.18465],[106.87569,-6.18486],[106.87569,-6.18495],[106.87558,-6.18734]],[[106.87431,-6.19694],[106.8743,-6.19701]],[[106.87404,-6.19699],[106.87405,-6.19691]],[[106.87398,-6.20739],[106.87399,-6.20743],[106.874,-6.20746],[106.87401,-6.20748],[106.87407,-6.2082],[106.87409,-6.20842],[106.8741,-6.20856],[106.87411,-6.20868],[106.87412,-6.20883],[106.87415,-6.20908],[106.87416,-6.20947],[106.87417,-6.2097],[106.87418,-6.20989],[106.87422,-6.21031],[106.87425,-6.21057],[106.87433,-6.21129],[106.87434,-6.21158],[106.87437,-6.21206],[106.87436,-6.21212],[106.87434,-6.21219],[106.87429,-6.21232]],[[106.87525,-6.18838],[106.87525,-6.18834],[106.87526,-6.18807]],[[106.87525,-6.18845],[106.87525,-6.18838]],[[106.87541,-6.18404],[106.8754,-6.18397],[106.87539,-6.18366],[106.87539,-6.18352],[106.87539,-6.18325],[106.87541,-6.18279],[106.87545,-6.18242],[106.87548,-6.18188]],[[106.87353,-6.20029],[106.8735,-6.20041],[106.87348,-6.20056],[106.87344,-6.20076],[106.8734,-6.20106],[106.87337,-6.20151],[106.87335,-6.20201],[106.87334,-6.20226],[106.87336,-6.20255],[106.87339,-6.20288],[106.87344,-6.20325],[106.87351,-6.20365],[106.87362,-6.20421],[106.87374,-6.20477],[106.8738,-6.205],[106.87384,-6.20519],[106.87387,-6.20546],[106.87391,-6.20584],[106.87394,-6.20595]],[[106.87356,-6.20331],[106.87359,-6.20347],[106.87367,-6.20385],[106.87375,-6.20427],[106.87376,-6.20435],[106.87379,-6.20452],[106.87389,-6.20513],[106.87392,-6.20534]],[[106.87394,-6.20595],[106.87396,-6.20652],[106.87397,-6.20702],[106.87398,-6.20739]],[[106.87392,-6.20534],[106.87393,-6.20542],[106.87394,-6.2056],[106.87395,-6.20584],[106.87394,-6.20595]],[[106.8738,-6.2111],[106.87373,-6.21096],[106.87372,-6.21089],[106.87372,-6.21069],[106.8737,-6.20976]],[[106.87558,-6.18734],[106.87558,-6.18735],[106.87557,-6.18749],[106.87557,-6.18753],[106.87557,-6.18754]],[[106.87526,-6.18807],[106.87526,-6.18782]],[[106.87521,-6.19207],[106.87519,-6.19222]],[[106.87494,-6.19219],[106.87497,-6.19205]],[[106.87515,-6.19245],[106.87513,-6.19255]],[[106.87489,-6.19253],[106.87491,-6.19242]],[[106.87891,-6.16654],[106.87887,-6.16663]],[[106.87865,-6.16658],[106.87869,-6.16652]],[[106.87773,-6.1687],[106.87778,-6.16864],[106.8778,-6.1686]],[[106.87869,-6.16652],[106.87869,-6.1665]],[[106.87892,-6.16652],[106.87891,-6.16654]]]},"properties":{"length_km":7.6,"focus":[106.87523,-6.18929],"osm_ways":95}},{"type":"Feature","id":"di-panjaitan","geometry":{"type":"MultiLineString","coordinates":[[[106.8744,-6.21462],[106.87442,-6.2151],[106.87443,-6.21516],[106.87443,-6.21519],[106.87443,-6.21547]],[[106.87661,-6.23203],[106.87661,-6.23208],[106.87672,-6.23249],[106.87685,-6.23297],[106.87696,-6.23348],[106.87702,-6.2337],[106.87715,-6.23424],[106.87723,-6.2346],[106.87733,-6.23501],[106.87737,-6.23523],[106.87745,-6.23554],[106.87751,-6.23574],[106.87759,-6.23611],[106.87762,-6.23627],[106.87765,-6.23643],[106.87771,-6.23656]],[[106.874,-6.21546],[106.87396,-6.21459]],[[106.87665,-6.2438],[106.8764,-6.24416],[106.87612,-6.24478]],[[106.87745,-6.24277],[106.87688,-6.24346]],[[106.87605,-6.23074],[106.87563,-6.22905],[106.87558,-6.22882]],[[106.87509,-6.24729],[106.87498,-6.24754]],[[106.87468,-6.22518],[106.8746,-6.22454]],[[106.87437,-6.22177],[106.87432,-6.22085],[106.87431,-6.2206],[106.87429,-6.21982],[106.87427,-6.21933],[106.87422,-6.21908],[106.87422,-6.21907]],[[106.87532,-6.24597],[106.87538,-6.24584],[106.87544,-6.24569],[106.87556,-6.24542]],[[106.87806,-6.24115],[106.87805,-6.24132],[106.87799,-6.24165],[106.87797,-6.24173],[106.87792,-6.24184],[106.8779,-6.24189],[106.87788,-6.24194],[106.87781,-6.24211],[106.87774,-6.24224]],[[106.87412,-6.21816],[106.87405,-6.21656]],[[106.87446,-6.22341],[106.87441,-6.22312],[106.87442,-6.22305],[106.87447,-6.22295]],[[106.87456,-6.22428],[106.87455,-6.22423],[106.87451,-6.22384],[106.8745,-6.22374],[106.87446,-6.22344],[106.87446,-6.22341]],[[106.87688,-6.24346],[106.87665,-6.2438]],[[106.87528,-6.24686],[106.87525,-6.24693],[106.8752,-6.24703]],[[106.87669,-6.24284],[106.87697,-6.24212],[106.87705,-6.24193],[106.87715,-6.24167],[106.87717,-6.2416],[106.87721,-6.24149],[106.87729,-6.24129],[106.87737,-6.24107],[106.87746,-6.2408]],[[106.87746,-6.2408],[106.87749,-6.24072],[106.8775,-6.24068],[106.87757,-6.24044]],[[106.87811,-6.24044],[106.87811,-6.24052],[106.87808,-6.2409],[106.87806,-6.24115]],[[106.87757,-6.24044],[106.87766,-6.24013],[106.8777,-6.24001],[106.87773,-6.2399]],[[106.87475,-6.22318],[106.87478,-6.22345],[106.8748,-6.2236]],[[106.8745,-6.21892],[106.87451,-6.21945],[106.87453,-6.21986],[106.87457,-6.22054],[106.87458,-6.22074],[106.87459,-6.22092],[106.87464,-6.22178],[106.87473,-6.22291],[106.87475,-6.22318]],[[106.87422,-6.21907],[106.8742,-6.21896]],[[106.87405,-6.21656],[106.874,-6.21546]],[[106.8745,-6.21675],[106.87452,-6.21691],[106.87453,-6.2173],[106.87455,-6.21828]],[[106.87492,-6.22629],[106.87488,-6.22618],[106.87486,-6.22607],[106.87475,-6.22563],[106.87472,-6.22547]],[[106.87497,-6.22647],[106.87492,-6.22629]],[[106.8748,-6.2236],[106.8748,-6.22362]],[[106.87456,-6.22333],[106.87452,-6.22316],[106.8745,-6.22308],[106.87447,-6.22295]],[[106.87468,-6.22433],[106.87468,-6.22423],[106.87462,-6.22373],[106.87456,-6.22333]],[[106.8748,-6.22527],[106.87473,-6.22475],[106.87468,-6.22433]],[[106.87502,-6.22628],[106.87498,-6.22616],[106.87496,-6.22608],[106.87493,-6.22592],[106.8748,-6.22527]],[[106.87505,-6.22645],[106.87502,-6.22628]],[[106.87524,-6.22744],[106.87522,-6.22725],[106.87515,-6.22688]],[[106.87524,-6.22744],[106.87518,-6.22729],[106.87509,-6.22689],[106.87502,-6.22663],[106.87497,-6.22647]],[[106.87447,-6.22287],[106.87437,-6.22177]],[[106.87584,-6.22898],[106.87599,-6.22955],[106.87602,-6.22967],[106.87608,-6.22992],[106.87619,-6.2304],[106.87637,-6.23105],[106.87639,-6.23112],[106.87645,-6.23136],[106.87646,-6.23141],[106.87647,-6.23145],[106.87659,-6.23192]],[[106.87736,-6.23633],[106.87734,-6.23595],[106.87718,-6.23528],[106.87709,-6.23495],[106.87699,-6.23459],[106.87695,-6.23444],[106.87683,-6.23396],[106.87678,-6.23372]],[[106.87791,-6.23824],[106.87774,-6.23762],[106.87757,-6.23705]],[[106.87757,-6.23705],[106.87743,-6.23656],[106.87739,-6.23641],[106.87738,-6.23638]],[[106.87784,-6.23955],[106.87788,-6.23942],[106.87791,-6.23926],[106.87791,-6.23925],[106.87793,-6.23917],[106.87793,-6.23905],[106.87792,-6.23881],[106.87792,-6.23859],[106.87792,-6.23853]],[[106.87636,-6.24361],[106.87646,-6.24338],[106.87649,-6.24332],[106.87653,-6.24323],[106.87658,-6.24308],[106.87666,-6.2429],[106.87669,-6.24284]],[[106.87678,-6.23372],[106.87671,-6.23341],[106.87658,-6.23291],[106.87653,-6.23272],[106.87645,-6.23249],[106.87635,-6.23212],[106.87629,-6.23184],[106.87622,-6.23151],[106.8762,-6.23143],[106.87606,-6.23076]],[[106.87824,-6.23962],[106.87821,-6.23985],[106.87811,-6.24044]],[[106.87556,-6.24542],[106.87561,-6.2453],[106.87587,-6.2447],[106.87596,-6.24448],[106.8761,-6.24415],[106.87612,-6.24411],[106.87614,-6.24406],[106.87625,-6.24386]],[[106.87774,-6.24224],[106.87764,-6.24244],[106.87752,-6.24265],[106.87748,-6.24272]],[[106.87748,-6.24272],[106.87745,-6.24277]],[[106.87471,-6.24741],[106.87493,-6.24691],[106.87495,-6.24682],[106.87502,-6.24663]],[[106.87625,-6.24386],[106.87636,-6.24361]],[[106.8782,-6.23895],[106.87821,-6.23906],[106.87821,-6.23908],[106.87821,-6.2391],[106.87822,-6.23919],[106.87822,-6.23922],[106.87822,-6.23922],[106.87824,-6.23962]],[[106.87773,-6.2399],[106.87784,-6.23955]],[[106.87659,-6.23192],[106.8766,-6.23196],[106.87661,-6.23203]],[[106.87771,-6.23656],[106.87776,-6.23674],[106.87785,-6.23707],[106.87788,-6.23716],[106.87793,-6.2374],[106.87795,-6.23749],[106.8781,-6.23819],[106.87817,-6.23865],[106.8782,-6.23895]],[[106.87738,-6.23638],[106.87736,-6.23633]],[[106.87606,-6.23076],[106.87605,-6.23074]],[[106.87558,-6.22882],[106.87547,-6.22836],[106.87537,-6.22797]],[[106.87537,-6.22797],[106.87524,-6.22744]],[[106.87515,-6.22688],[106.87509,-6.22662],[106.87505,-6.22645]],[[106.8748,-6.22362],[106.8749,-6.22441],[106.87502,-6.22531],[106.8751,-6.22574],[106.8752,-6.22618],[106.87535,-6.22685]],[[106.87612,-6.24478],[106.87589,-6.24537],[106.87583,-6.24552],[106.87582,-6.24556]],[[106.87535,-6.22685],[106.87539,-6.22707],[106.87542,-6.22718],[106.87555,-6.22773],[106.87569,-6.22831],[106.87584,-6.22898]],[[106.8752,-6.24703],[106.87509,-6.24729]],[[106.87447,-6.22295],[106.87447,-6.22292],[106.87447,-6.22287]],[[106.87792,-6.23853],[106.87791,-6.23824]],[[106.8742,-6.21896],[106.87417,-6.21867],[106.87415,-6.21841],[106.87414,-6.21832],[106.87412,-6.21816]],[[106.87455,-6.21828],[106.87451,-6.21865],[106.8745,-6.21892]],[[106.87582,-6.24556],[106.87539,-6.24659]],[[106.87539,-6.24659],[106.87528,-6.24686]],[[106.87502,-6.24663],[106.87532,-6.24597]],[[106.8746,-6.22454],[106.87456,-6.22428]],[[106.87443,-6.21547],[106.87446,-6.21583],[106.8745,-6.21675]],[[106.87472,-6.22547],[106.87471,-6.22533],[106.87468,-6.22518]]]},"properties":{"length_km":4.0,"focus":[106.87645,-6.23249],"osm_ways":72}},{"type":"Feature","id":"raya-bogor","geometry":{"type":"MultiLineString","coordinates":[[[106.86322,-6.30941],[106.86333,-6.30919],[106.86348,-6.30892],[106.86377,-6.30842],[106.8639,-6.30816],[106.86422,-6.30757],[106.86439,-6.30726]],[[106.86531,-6.30617],[106.86527,-6.30625],[106.86521,-6.30637],[106.86485,-6.30701]],[[106.86795,-6.27557],[106.86805,-6.27574],[106.86815,-6.27592],[106.86845,-6.27635],[106.86851,-6.27643],[106.86855,-6.27648],[106.86879,-6.27679],[106.86901,-6.27707],[106.86919,-6.27734],[106.86944,-6.27772],[106.86952,-6.27786],[106.86955,-6.2779],[106.8699,-6.27843],[106.87029,-6.27901],[106.87035,-6.2791],[106.87041,-6.2792],[106.87069,-6.27963],[106.8708,-6.27977]],[[106.86673,-6.30359],[106.86634,-6.30411],[106.86354,-6.30914]],[[106.86567,-6.26374],[106.86565,-6.26358],[106.86566,-6.26337],[106.86567,-6.26336],[106.8657,-6.2633],[106.86574,-6.2632]],[[106.86727,-6.26994],[106.86723,-6.26988],[106.86674,-6.26908],[106.86663,-6.26891]],[[106.86667,-6.30354],[106.86672,-6.30346],[106.86676,-6.30339]],[[106.8645,-6.32795],[106.86456,-6.32803],[106.86476,-6.32826],[106.86498,-6.3285],[106.86505,-6.32857],[106.86526,-6.32879],[106.86543,-6.32896],[106.86584,-6.32935],[106.86586,-6.32938],[106.86619,-6.32969],[106.86637,-6.32987],[106.86665,-6.33018],[106.86675,-6.33029],[106.86681,-6.33038],[106.86686,-6.33045],[106.86691,-6.33052],[106.86696,-6.33062],[106.86701,-6.33072],[106.86724,-6.33125],[106.86726,-6.3313],[106.86729,-6.33137],[106.86738,-6.33159],[106.86752,-6.33199],[106.86756,-6.3321],[106.86758,-6.33216],[106.86759,-6.33222],[106.8676,-6.3323],[106.86764,-6.33257],[106.86766,-6.33272],[106.86768,-6.33298],[106.8677,-6.33311],[106.86772,-6.33331],[106.86777,-6.33378],[106.86782,-6.33419],[106.86789,-6.33478],[106.86792,-6.33497],[106.86802,-6.33589],[106.86804,-6.33601],[106.86807,-6.33615],[106.86808,-6.33626],[106.86813,-6.33645],[106.86817,-6.33661],[106.86823,-6.3368],[106.86849,-6.33764]],[[106.86331,-6.30929],[106.86354,-6.30894],[106.86399,-6.3082],[106.86538,-6.30568],[106.86628,-6.30407],[106.86667,-6.30354]],[[106.87088,-6.28747],[106.87088,-6.28754]],[[106.8708,-6.28752],[106.87081,-6.28743]],[[106.86831,-6.30158],[106.86861,-6.30121],[106.86913,-6.30058],[106.86919,-6.30049],[106.86963,-6.29995],[106.86966,-6.29991],[106.86994,-6.29957],[106.87022,-6.29922],[106.87036,-6.29904],[106.8704,-6.29896],[106.87053,-6.29877],[106.87076,-6.29831],[106.87091,-6.298],[106.87101,-6.29776],[106.87109,-6.29759],[106.87115,-6.29745],[106.87136,-6.2969],[106.87141,-6.29679],[106.87147,-6.29661],[106.87152,-6.29641],[106.87155,-6.29633],[106.87159,-6.29619],[106.87166,-6.29592],[106.87178,-6.29542],[106.87192,-6.29477]],[[106.86588,-6.26493],[106.86591,-6.26529],[106.86595,-6.26575],[106.86596,-6.26584],[106.86598,-6.26606],[106.86599,-6.2662],[106.86602,-6.26646],[106.86603,-6.26657],[106.86605,-6.26675],[106.86607,-6.26687],[106.86608,-6.26698],[106.86609,-6.2671],[106.8661,-6.26718],[106.8661,-6.2672],[106.86613,-6.26743],[106.86618,-6.2678],[106.86621,-6.26793],[106.86623,-6.26807]],[[106.86617,-6.26813],[106.86615,-6.26806],[106.86612,-6.26798],[106.86611,-6.2679],[106.86609,-6.2678],[106.866,-6.26703],[106.86591,-6.26604],[106.86589,-6.26585],[106.86585,-6.26549],[106.8658,-6.26502]],[[106.86747,-6.2704],[106.86738,-6.27086],[106.86733,-6.27112],[106.86732,-6.27116]],[[106.8667,-6.26877],[106.86684,-6.26901],[106.86692,-6.26918],[106.86698,-6.26931],[106.86703,-6.2694],[106.86718,-6.26961],[106.86732,-6.26984],[106.86735,-6.26989]],[[106.86728,-6.27361],[106.86733,-6.27384]],[[106.86732,-6.27116],[106.86728,-6.27135],[106.86724,-6.27156],[106.86722,-6.27188],[106.86721,-6.272],[106.86719,-6.27233],[106.86719,-6.27262],[106.86719,-6.2729],[106.8672,-6.27307],[106.86723,-6.27321],[106.86728,-6.27361]],[[106.87118,-6.28503],[106.87125,-6.28475],[106.87132,-6.28448],[106.87132,-6.28445],[106.87138,-6.28423],[106.87146,-6.28389],[106.87148,-6.28381],[106.87168,-6.28305],[106.8718,-6.28272],[106.87195,-6.28228],[106.87198,-6.2822],[106.87199,-6.28212],[106.872,-6.28202],[106.872,-6.28193],[106.87199,-6.28185],[106.87198,-6.28176],[106.87194,-6.28166],[106.87192,-6.28162],[106.87168,-6.28127],[106.87135,-6.28078],[106.87116,-6.28049],[106.87094,-6.28016],[106.87085,-6.28001],[106.87072,-6.27982]],[[106.8708,-6.27977],[106.87099,-6.28005],[106.87103,-6.2801],[106.87105,-6.28013],[106.8715,-6.28082],[106.87162,-6.28101],[106.872,-6.2816],[106.87202,-6.28164],[106.87205,-6.28171],[106.87207,-6.28184],[106.87208,-6.28194],[106.87207,-6.28215],[106.87206,-6.28221],[106.87204,-6.28229],[106.87176,-6.28307],[106.87169,-6.28329],[106.87161,-6.28359]],[[106.87072,-6.27982],[106.87066,-6.27972],[106.87062,-6.27967],[106.87044,-6.2794],[106.87043,-6.27939],[106.87026,-6.27913],[106.87021,-6.27906],[106.8701,-6.2789],[106.8698,-6.27847],[106.86946,-6.27789]],[[106.86946,-6.27789],[106.86942,-6.27784],[106.86941,-6.27781],[106.86912,-6.27737],[106.86897,-6.27714],[106.86893,-6.27709],[106.86873,-6.27684],[106.86848,-6.27652],[106.86844,-6.27648],[106.86838,-6.27639],[106.86827,-6.27622],[106.8681,-6.27597],[106.8679,-6.27563]],[[106.86721,-6.27362],[106.86713,-6.27311],[106.8671,-6.27288],[106.86711,-6.27234]],[[106.86735,-6.26989],[106.86739,-6.26997],[106.86742,-6.27002],[106.86743,-6.27004],[106.86744,-6.27005],[106.86746,-6.27012],[106.86747,-6.27018],[106.86748,-6.27025],[106.86748,-6.27033],[106.86747,-6.2704]],[[106.86724,-6.27115],[106.86725,-6.27111],[106.86727,-6.27102],[106.86734,-6.2707],[106.86737,-6.27055],[106.8674,-6.27039],[106.8674,-6.27031],[106.8674,-6.27024],[106.86739,-6.27018],[106.86737,-6.27011],[106.86733,-6.27004],[106.86727,-6.26994]],[[106.86621,-6.2682],[106.86618,-6.26815],[106.86617,-6.26813]],[[106.86623,-6.26807],[106.86625,-6.26813],[106.86627,-6.26818]],[[106.87122,-6.28972],[106.87103,-6.28907],[106.87086,-6.28837],[106.87083,-6.2882],[106.87081,-6.28805],[106.8708,-6.28787],[106.8708,-6.28752]],[[106.87208,-6.29388],[106.87212,-6.2937],[106.87213,-6.29366],[106.87215,-6.29355],[106.87216,-6.29344],[106.87216,-6.2934],[106.87216,-6.29338],[106.87216,-6.29332],[106.87213,-6.29308],[106.87211,-6.29296],[106.87209,-6.29286],[106.87186,-6.29186],[106.87158,-6.29089],[106.87154,-6.29076],[106.87153,-6.29072],[106.87144,-6.29041],[106.87138,-6.29021],[106.87132,-6.29004],[106.87122,-6.28972]],[[106.868,-6.30192],[106.86801,-6.3019],[106.8681,-6.30179],[106.86816,-6.30173],[106.86825,-6.30165],[106.86831,-6.30158]],[[106.87211,-6.29427],[106.87207,-6.2945],[106.87202,-6.29475],[106.87199,-6.29491],[106.87189,-6.29539],[106.87185,-6.29554],[106.87177,-6.29592],[106.87174,-6.29608],[106.87169,-6.29622],[106.87165,-6.29637],[106.87163,-6.29644],[106.8715,-6.29682],[106.87148,-6.29691],[106.87123,-6.29748],[106.87117,-6.29762],[106.87109,-6.29779],[106.87098,-6.29804],[106.87087,-6.29825],[106.87084,-6.29832],[106.8706,-6.2988],[106.87047,-6.29901],[106.87042,-6.29908],[106.87028,-6.29927],[106.86999,-6.29964],[106.86989,-6.29976],[106.86969,-6.30001],[106.86945,-6.30028],[106.86926,-6.30053],[106.86923,-6.30057],[106.86918,-6.30063],[106.86904,-6.30082],[106.86869,-6.30125],[106.86859,-6.30138],[106.86842,-6.30159],[106.8681,-6.30197],[106.86806,-6.30203]],[[106.87088,-6.28754],[106.87088,-6.28777],[106.87087,-6.28792],[106.87088,-6.28807],[106.87089,-6.28815],[106.87097,-6.28857],[106.8711,-6.28905],[106.87122,-6.28946],[106.8714,-6.29002],[106.87145,-6.29018],[106.87147,-6.29024],[106.87152,-6.29039],[106.87157,-6.29056],[106.87161,-6.29071],[106.87162,-6.29074],[106.87166,-6.29087],[106.87194,-6.29184],[106.87213,-6.29262]],[[106.86733,-6.27384],[106.86742,-6.27433],[106.86751,-6.27463],[106.86771,-6.27508],[106.86795,-6.27557]],[[106.86504,-6.30603],[106.86513,-6.30588],[106.86562,-6.30503],[106.86626,-6.30394],[106.86669,-6.30344],[106.86676,-6.30339]],[[106.86477,-6.30654],[106.86485,-6.30638]],[[106.86439,-6.30726],[106.86473,-6.30662],[106.86477,-6.30654]],[[106.86352,-6.30918],[106.86349,-6.30921],[106.86333,-6.30945],[106.86318,-6.30966],[106.86311,-6.30976],[106.86293,-6.31007]],[[106.86485,-6.30701],[106.86477,-6.30713],[106.86449,-6.30765],[106.86446,-6.3077],[106.86431,-6.30795]],[[106.86431,-6.30795],[106.86366,-6.30907],[106.86352,-6.30918]],[[106.86751,-6.3027],[106.86745,-6.30278],[106.86743,-6.3028],[106.86716,-6.30311]],[[106.86415,-6.35121],[106.86438,-6.35104],[106.86456,-6.35091],[106.86479,-6.35075],[106.86496,-6.3506],[106.865,-6.35055]],[[106.8659,-6.26335],[106.86588,-6.2634],[106.86585,-6.26372]],[[106.8658,-6.26502],[106.86579,-6.26493],[106.86575,-6.26441],[106.86574,-6.26426]],[[106.85936,-6.35773],[106.85934,-6.35791],[106.8593,-6.35827],[106.85928,-6.35855],[106.85927,-6.35864],[106.8592,-6.35931],[106.85918,-6.35951],[106.85916,-6.36012],[106.85915,-6.36063],[106.85915,-6.36093],[106.85917,-6.36167],[106.85918,-6.36188],[106.8592,-6.36319],[106.8592,-6.3635],[106.8592,-6.36365],[106.85922,-6.3643],[106.85923,-6.36478],[106.85926,-6.36501],[106.85934,-6.36538],[106.8594,-6.36555],[106.85955,-6.366],[106.85966,-6.36632],[106.85983,-6.36685],[106.86004,-6.36756],[106.86008,-6.36769],[106.86025,-6.36827],[106.86033,-6.36853],[106.86036,-6.36864],[106.86051,-6.36912],[106.86069,-6.3697],[106.86081,-6.36998],[106.86124,-6.3708],[106.86152,-6.37128]],[[106.87083,-6.28708],[106.87083,-6.28699]],[[106.87089,-6.28708],[106.87088,-6.28747]],[[106.87081,-6.28743],[106.87083,-6.28708]],[[106.8709,-6.287],[106.87089,-6.28708]],[[106.87096,-6.28615],[106.87095,-6.28618],[106.87094,-6.28627],[106.87094,-6.28637],[106.8709,-6.287]],[[106.87122,-6.2852],[106.87104,-6.28583],[106.87096,-6.28615]],[[106.87083,-6.28699],[106.87084,-6.28691],[106.87085,-6.28659],[106.87086,-6.28636],[106.87087,-6.28627],[106.87088,-6.28617],[106.87089,-6.28613],[106.87103,-6.28558],[106.87111,-6.2853]],[[106.87137,-6.28458],[106.87128,-6.28496],[106.87126,-6.28505]],[[106.86569,-6.26391],[106.86567,-6.26374]],[[106.86574,-6.26426],[106.86571,-6.26401],[106.86569,-6.26391]],[[106.87126,-6.28505],[106.87122,-6.2852]],[[106.87111,-6.2853],[106.87118,-6.28503]],[[106.86792,-6.3022],[106.86783,-6.30232]],[[106.86772,-6.30225],[106.86782,-6.30214]],[[106.86782,-6.30214],[106.86792,-6.30202]],[[106.86676,-6.30339],[106.86728,-6.30278],[106.86758,-6.30242]],[[106.86798,-6.30213],[106.86792,-6.3022]],[[106.86783,-6.30232],[106.86771,-6.30246],[106.86769,-6.30248],[106.86768,-6.3025]],[[106.8661,-6.30472],[106.86598,-6.30492],[106.86584,-6.30518],[106.86568,-6.3055],[106.86558,-6.30569]],[[106.86693,-6.30339],[106.86691,-6.30347],[106.86682,-6.3036],[106.86654,-6.304],[106.8661,-6.30472]],[[106.86558,-6.30569],[106.86539,-6.30603],[106.86534,-6.30612],[106.86531,-6.30617]],[[106.86485,-6.30638],[106.86488,-6.30632],[106.865,-6.3061]],[[106.86257,-6.31106],[106.86258,-6.31095],[106.8626,-6.31086],[106.86263,-6.31071],[106.86268,-6.31052],[106.86271,-6.31041],[106.86275,-6.3103],[106.8628,-6.31018],[106.86284,-6.31009]],[[106.86293,-6.31007],[106.86289,-6.31014],[106.86284,-6.31027],[106.86279,-6.31039],[106.86276,-6.31051],[106.86273,-6.31064],[106.8627,-6.31076],[106.86266,-6.31099],[106.86264,-6.31118],[106.86263,-6.31136]],[[106.86262,-6.31142],[106.8626,-6.31167],[106.86259,-6.31179],[106.86259,-6.31192],[106.86259,-6.31204],[106.86259,-6.31215],[106.8626,-6.31225],[106.86261,-6.31238],[106.86263,-6.31248],[106.86266,-6.31261],[106.86269,-6.31276],[106.86281,-6.31323],[106.86288,-6.31354],[106.86296,-6.31383],[106.86321,-6.31458],[106.86322,-6.3146],[106.86335,-6.31499],[106.86345,-6.31527],[106.86353,-6.31552],[106.86375,-6.31608],[106.86415,-6.31701],[106.86416,-6.31705],[106.86418,-6.31708],[106.86427,-6.31729],[106.8644,-6.31768],[106.86442,-6.31774],[106.86475,-6.3188],[106.86479,-6.31891]],[[106.86471,-6.31894],[106.86465,-6.31874],[106.86456,-6.31846],[106.86435,-6.31777],[106.86433,-6.31771],[106.86421,-6.31734],[106.86408,-6.31704],[106.86362,-6.31597],[106.86345,-6.31554],[106.86325,-6.31497],[106.86314,-6.31463],[106.86307,-6.31444],[106.86299,-6.31419],[106.86292,-6.31397],[106.86286,-6.31376],[106.86283,-6.31365],[106.86265,-6.3129],[106.86259,-6.31268],[106.86256,-6.31253],[106.86253,-6.31238],[106.86251,-6.31228],[106.8625,-6.31217],[106.8625,-6.31203]],[[106.86505,-6.35059],[106.86501,-6.35063],[106.86482,-6.35079],[106.86463,-6.35095],[106.86442,-6.3511],[106.86419,-6.35127]],[[106.8684,-6.33766],[106.8681,-6.33662],[106.86809,-6.33656],[106.86806,-6.33647],[106.86804,-6.33638],[106.868,-6.33619],[106.86799,-6.33612],[106.86797,-6.33605],[106.86796,-6.33597],[106.86794,-6.33586],[106.86793,-6.33578],[106.86782,-6.33479],[106.8678,-6.33468],[106.86775,-6.33423],[106.86759,-6.33283],[106.86758,-6.33273],[106.86757,-6.33258],[106.86754,-6.33238],[106.86754,-6.33234],[106.86753,-6.3323],[106.86753,-6.33227],[106.86752,-6.33224],[106.86751,-6.3322],[106.8675,-6.33216],[106.86746,-6.33205],[106.86742,-6.33191],[106.86737,-6.33179],[106.86733,-6.33169],[106.86729,-6.33158],[106.86695,-6.33075],[106.86691,-6.33068],[106.86687,-6.3306],[106.86685,-6.33055],[106.86682,-6.3305],[106.86678,-6.33045],[106.86671,-6.33036],[106.86666,-6.33029],[106.86661,-6.33024],[106.86623,-6.32984],[106.8658,-6.32941],[106.86575,-6.32936],[106.86539,-6.32901],[106.86521,-6.32883],[106.86501,-6.32863],[106.86491,-6.32853],[106.86481,-6.32842],[106.8647,-6.3283],[106.86459,-6.32817],[106.86451,-6.32808],[106.86445,-6.328]],[[106.86585,-6.26384],[106.86584,-6.26421],[106.86584,-6.2643],[106.86588,-6.26493]],[[106.8679,-6.27563],[106.86764,-6.27512],[106.8676,-6.27504],[106.8674,-6.27457],[106.86733,-6.27436],[106.86725,-6.27386],[106.86721,-6.27362]],[[106.86716,-6.30311],[106.86693,-6.30339]],[[106.86284,-6.31009],[106.8629,-6.30995],[106.86295,-6.30986],[106.86301,-6.30977],[106.86307,-6.30965],[106.86316,-6.30951],[106.86322,-6.30941]],[[106.86876,-6.34349],[106.86893,-6.34309],[106.86905,-6.34281],[106.86914,-6.34258],[106.86918,-6.34244],[106.86921,-6.3423],[106.86922,-6.34218],[106.86924,-6.34206],[106.86924,-6.34197],[106.86926,-6.34152],[106.86927,-6.34124],[106.86926,-6.34118],[106.86926,-6.34111],[106.86924,-6.34099],[106.86919,-6.34065],[106.86918,-6.34056],[106.86904,-6.34004],[106.86901,-6.3399],[106.86886,-6.33931],[106.8687,-6.33871],[106.86845,-6.33785],[106.8684,-6.33766]],[[106.86145,-6.37131],[106.86128,-6.37101],[106.86111,-6.37073],[106.86108,-6.37066],[106.86087,-6.37027],[106.8608,-6.37012],[106.86074,-6.37002],[106.86064,-6.36975],[106.8604,-6.36899],[106.86027,-6.36854],[106.86019,-6.36828],[106.86002,-6.36769],[106.85964,-6.36645],[106.85961,-6.36633],[106.8595,-6.36602],[106.85943,-6.36583],[106.85935,-6.36557],[106.85929,-6.36539],[106.85921,-6.36502],[106.85918,-6.36478],[106.85918,-6.36474],[106.85916,-6.3643],[106.85914,-6.36364],[106.85914,-6.3635],[106.85914,-6.36318],[106.85913,-6.36259],[106.85912,-6.36188],[106.85911,-6.36166],[106.8591,-6.36093],[106.8591,-6.36063],[106.8591,-6.3601],[106.85912,-6.3595],[106.85914,-6.3593],[106.85921,-6.35857],[106.8593,-6.35772]],[[106.86419,-6.35127],[106.86349,-6.35171],[106.86338,-6.35177],[106.86319,-6.35189],[106.86283,-6.35211],[106.86255,-6.35228],[106.86249,-6.35232],[106.86197,-6.35263],[106.86176,-6.35275],[106.86142,-6.35295],[106.86137,-6.35298],[106.86125,-6.35306],[106.86104,-6.35319],[106.86081,-6.35334],[106.86069,-6.35342],[106.86062,-6.35347],[106.86053,-6.35354],[106.86045,-6.35362],[106.86039,-6.35368],[106.86031,-6.35378],[106.86024,-6.35388],[106.86013,-6.35403],[106.86004,-6.35419],[106.85995,-6.35437],[106.85988,-6.35455],[106.85971,-6.3553],[106.85961,-6.35589],[106.8596,-6.35597],[106.85954,-6.35637],[106.85953,-6.35647],[106.8595,-6.35667],[106.85936,-6.35773]],[[106.86849,-6.33764],[106.86878,-6.33869],[106.86893,-6.33929],[106.86894,-6.33934],[106.86903,-6.33968],[106.86908,-6.33988],[106.86919,-6.34032],[106.86922,-6.34046],[106.86924,-6.34054],[106.86926,-6.34066],[106.86927,-6.34071],[106.86931,-6.34102],[106.86932,-6.34109],[106.86932,-6.34117],[106.86932,-6.34125],[106.86932,-6.34152],[106.8693,-6.34198],[106.86929,-6.34206],[106.86929,-6.34214],[106.86928,-6.34222],[106.86924,-6.34246],[106.86921,-6.34258],[106.86917,-6.34269],[106.86908,-6.34292],[106.86902,-6.34306],[106.86899,-6.34312],[106.86882,-6.34352]],[[106.86322,-6.30941],[106.86331,-6.30929]],[[106.86768,-6.3025],[106.86751,-6.3027]],[[106.86758,-6.30242],[106.86772,-6.30225]],[[106.86253,-6.31142],[106.86254,-6.31136]],[[106.86263,-6.31136],[106.86262,-6.31142]],[[106.86354,-6.30914],[106.86352,-6.30918]],[[106.86502,-6.31985],[106.86485,-6.31937]],[[106.86515,-6.32123],[106.86516,-6.3211],[106.86517,-6.32093],[106.86517,-6.32083],[106.86516,-6.32065],[106.86515,-6.32057],[106.86514,-6.32041],[106.86513,-6.32035],[106.86511,-6.3202],[106.86508,-6.3201],[106.86506,-6.32001],[106.86502,-6.31985]],[[106.86479,-6.31891],[106.86493,-6.31933]],[[106.86485,-6.31937],[106.86471,-6.31894]],[[106.86251,-6.31164],[106.86253,-6.31142]],[[106.8625,-6.31203],[106.86249,-6.3119],[106.8625,-6.3118],[106.8625,-6.31174],[106.86251,-6.31167],[106.86251,-6.31164]],[[106.8593,-6.35772],[106.85948,-6.35636],[106.85961,-6.35543],[106.85968,-6.35508],[106.85981,-6.35453],[106.85988,-6.35434],[106.85998,-6.35414],[106.86007,-6.35399],[106.86016,-6.35385],[106.86025,-6.35373],[106.8603,-6.35367],[106.86043,-6.35354],[106.86046,-6.35351],[106.8605,-6.35347],[106.86057,-6.35341],[106.86065,-6.35336],[106.86079,-6.35326],[106.861,-6.35312],[106.86139,-6.3529],[106.86173,-6.3527],[106.86194,-6.35258],[106.86246,-6.35227],[106.86259,-6.35219],[106.86279,-6.35206],[106.86345,-6.35164],[106.86366,-6.3515],[106.86415,-6.35121]],[[106.865,-6.3061],[106.86504,-6.30603]],[[106.86792,-6.30202],[106.868,-6.30192]],[[106.87192,-6.29477],[106.87195,-6.29447],[106.87197,-6.2943],[106.87199,-6.29422],[106.87202,-6.29408],[106.87208,-6.29388]],[[106.86663,-6.26891],[106.86659,-6.26884],[106.86634,-6.26847],[106.86625,-6.26829],[106.86621,-6.2682]],[[106.86627,-6.26818],[106.86633,-6.2683],[106.8664,-6.26842],[106.86657,-6.26859],[106.86663,-6.26867],[106.8667,-6.26877]],[[106.86693,-6.30339],[106.86673,-6.30359]],[[106.86806,-6.30203],[106.86803,-6.30206],[106.86798,-6.30213]],[[106.87213,-6.29262],[106.87219,-6.29285],[106.8722,-6.29292],[106.87221,-6.29297],[106.87222,-6.29303],[106.87224,-6.29324],[106.87224,-6.29334],[106.87224,-6.2935],[106.8722,-6.29373],[106.87217,-6.29394],[106.87211,-6.29424],[106.87211,-6.29427]],[[106.86585,-6.26372],[106.86585,-6.26384]],[[106.86254,-6.31136],[106.86257,-6.31106]],[[106.86522,-6.32124],[106.86521,-6.32129]],[[106.86521,-6.32129],[106.86521,-6.32134],[106.8652,-6.32144],[106.86518,-6.32153],[106.86516,-6.32157],[106.86499,-6.32215]],[[106.86515,-6.32128],[106.86515,-6.32123]],[[106.86493,-6.31933],[106.86508,-6.31982],[106.86512,-6.31994],[106.86515,-6.32004],[106.86518,-6.32021],[106.8652,-6.32036],[106.86522,-6.3205],[106.86522,-6.32057],[106.86524,-6.32083],[106.86524,-6.32096],[106.86523,-6.3211],[106.86522,-6.32124]],[[106.86485,-6.3224],[106.86511,-6.32151],[106.86513,-6.32141],[106.86514,-6.32134],[106.86515,-6.32128]],[[106.86593,-6.26325],[106.8659,-6.26335]],[[106.86377,-6.32635],[106.86377,-6.32626],[106.86378,-6.32615],[106.86379,-6.32606],[106.8638,-6.326],[106.86382,-6.3259]],[[106.86445,-6.328],[106.86431,-6.32782],[106.86423,-6.3277],[106.86414,-6.32754],[106.86406,-6.32741],[106.86402,-6.32735],[106.86395,-6.32719],[106.86389,-6.32705],[106.86385,-6.3269],[106.86382,-6.32679],[106.8638,-6.32669],[106.86378,-6.32646],[106.86377,-6.3264],[106.86377,-6.32635]],[[106.86382,-6.3259],[106.86385,-6.32576],[106.86388,-6.3256],[106.86393,-6.32544],[106.86396,-6.32534],[106.86402,-6.32514],[106.86402,-6.32512],[106.86438,-6.32402],[106.86441,-6.32394],[106.86449,-6.32364],[106.86461,-6.32325],[106.86485,-6.3224]],[[106.86499,-6.32215],[106.86492,-6.32242],[106.8649,-6.32251],[106.86468,-6.32327],[106.86448,-6.32397],[106.86446,-6.32404],[106.86412,-6.32506],[106.86408,-6.32516],[106.86405,-6.32524],[106.86404,-6.32528],[106.86402,-6.32533],[106.86396,-6.32554],[106.86392,-6.32569],[106.86389,-6.32583],[106.86387,-6.32595],[106.86386,-6.32608],[106.86385,-6.32622],[106.86385,-6.32628],[106.86385,-6.32643],[106.86386,-6.32653],[106.86387,-6.32662],[106.86388,-6.32666],[106.86391,-6.3268],[106.86396,-6.32698],[106.864,-6.32712],[106.86405,-6.32724],[106.86412,-6.32737],[106.86417,-6.32748],[106.86423,-6.32757],[106.86429,-6.32766],[106.86441,-6.32783],[106.8645,-6.32795]],[[106.865,-6.35055],[106.86511,-6.35045],[106.86521,-6.35034],[106.86532,-6.35022],[106.8654,-6.35011],[106.86548,-6.35001],[106.86555,-6.3499],[106.86565,-6.34976],[106.86575,-6.3496],[106.86578,-6.34955],[106.86585,-6.34945],[106.86613,-6.3489],[106.86644,-6.34829],[106.86649,-6.34818],[106.86719,-6.34677],[106.86758,-6.34596],[106.86785,-6.34541],[106.86876,-6.34349]],[[106.86882,-6.34352],[106.86786,-6.34552],[106.86764,-6.34598],[106.86724,-6.3468],[106.86654,-6.34821],[106.8665,-6.34831],[106.8659,-6.34948],[106.86584,-6.34959],[106.86579,-6.34967],[106.86571,-6.34979],[106.86562,-6.34992],[106.86552,-6.35005],[106.86545,-6.35015],[106.86538,-6.35024],[106.86521,-6.35043],[106.86513,-6.35051],[106.86505,-6.35059]],[[106.86711,-6.27234],[106.86712,-6.27212],[106.86717,-6.27156],[106.86724,-6.27115]],[[106.87161,-6.28359],[106.87154,-6.28391],[106.87145,-6.28427],[106.87141,-6.28441],[106.8714,-6.28446],[106.87139,-6.2845]],[[106.87139,-6.2845],[106.87137,-6.28458]]]},"properties":{"length_km":14.0,"focus":[106.86263,-6.31136],"osm_ways":118}},{"type":"Feature","id":"s-parman","geometry":{"type":"MultiLineString","coordinates":[[[106.79529,-6.17855],[106.79511,-6.17832],[106.7949,-6.17808],[106.79472,-6.17794],[106.79466,-6.1779]],[[106.79642,-6.18124],[106.79643,-6.18117],[106.79646,-6.18106],[106.79645,-6.18089],[106.79644,-6.18076],[106.79641,-6.18064]],[[106.78767,-6.16798],[106.78766,-6.16757],[106.78766,-6.16742]],[[106.78772,-6.16972],[106.7877,-6.16952],[106.78768,-6.16895],[106.78767,-6.16889],[106.78767,-6.16875],[106.78767,-6.16861],[106.78767,-6.16818],[106.78767,-6.16798]],[[106.79568,-6.17955],[106.79562,-6.17942]],[[106.79399,-6.17728],[106.79383,-6.17713],[106.79333,-6.17668],[106.79319,-6.17653],[106.79317,-6.17651],[106.79293,-6.17629],[106.79268,-6.17607],[106.79265,-6.17604],[106.79221,-6.17564],[106.79178,-6.17526],[106.79152,-6.17503],[106.79136,-6.17489],[106.79124,-6.1748]],[[106.79576,-6.17976],[106.79568,-6.17955]],[[106.78773,-6.16709],[106.78774,-6.16706],[106.78778,-6.16697],[106.78781,-6.16689]],[[106.78971,-6.17364],[106.78953,-6.17348],[106.7894,-6.17335],[106.78928,-6.1732],[106.78914,-6.17299],[106.78883,-6.17254],[106.78861,-6.17218],[106.78846,-6.17192],[106.78839,-6.17177],[106.78824,-6.17145],[106.78814,-6.17122],[106.78807,-6.17101],[106.7879,-6.17049],[106.78785,-6.17033],[106.7878,-6.17015],[106.78777,-6.17001],[106.78775,-6.1699],[106.78774,-6.16988],[106.78773,-6.16979],[106.78772,-6.16973],[106.78772,-6.16972]],[[106.79082,-6.17447],[106.79075,-6.17441],[106.7898,-6.1737]],[[106.79967,-6.2011],[106.79985,-6.20145],[106.79998,-6.20172]],[[106.78768,-6.16739],[106.7877,-6.16721],[106.78773,-6.16709]],[[106.79843,-6.1997],[106.79827,-6.19932],[106.79812,-6.19885],[106.79808,-6.19872],[106.79797,-6.19838],[106.79793,-6.19824],[106.79783,-6.19794],[106.79774,-6.19765],[106.7977,-6.19749],[106.79763,-6.19716],[106.79762,-6.19712],[106.79756,-6.19686],[106.79745,-6.19643],[106.7973,-6.19578],[106.7972,-6.19518],[106.79716,-6.19489],[106.79709,-6.19422],[106.79709,-6.19416],[106.79708,-6.19394],[106.79707,-6.19374],[106.79705,-6.19342],[106.79704,-6.19306],[106.79702,-6.19277],[106.79701,-6.19251],[106.79699,-6.19215],[106.79697,-6.19183],[106.79696,-6.19165],[106.79696,-6.19161],[106.79695,-6.19145],[106.79695,-6.19138],[106.79694,-6.19118],[106.79693,-6.19106],[106.79694,-6.19084],[106.79695,-6.19068],[106.79696,-6.19059]],[[106.79641,-6.18064],[106.7963,-6.18033],[106.79617,-6.18001],[106.79604,-6.17973],[106.79595,-6.17953],[106.79583,-6.17932],[106.79574,-6.17917],[106.79559,-6.17894],[106.79529,-6.17855]],[[106.79747,-6.19375],[106.79752,-6.19408],[106.79756,-6.1944],[106.79761,-6.19476],[106.79763,-6.19489],[106.79769,-6.19521],[106.79771,-6.19532],[106.79771,-6.19537],[106.79772,-6.19543],[106.79775,-6.1956],[106.79775,-6.19562],[106.79778,-6.19583],[106.79788,-6.19634],[106.79789,-6.1964],[106.7979,-6.19644],[106.79795,-6.19664],[106.79797,-6.19675],[106.79803,-6.19697],[106.79809,-6.19726],[106.79822,-6.19772],[106.79825,-6.19781],[106.79846,-6.19845],[106.79857,-6.19871],[106.79872,-6.19909],[106.79875,-6.19914],[106.79886,-6.19938]],[[106.79545,-6.17807],[106.7956,-6.17824],[106.79569,-6.17835],[106.79576,-6.17843],[106.79588,-6.1786],[106.79593,-6.17868],[106.79597,-6.17875]],[[106.79266,-6.17532],[106.79283,-6.17549],[106.79311,-6.17575],[106.79321,-6.17585],[106.79337,-6.176],[106.79356,-6.17619],[106.7938,-6.17643]],[[106.79197,-6.17478],[106.79212,-6.17486],[106.79228,-6.17499],[106.79263,-6.1753],[106.79266,-6.17532]],[[106.78939,-6.17208],[106.7896,-6.17235],[106.78977,-6.17253],[106.78991,-6.17268],[106.79007,-6.17285],[106.79019,-6.17297],[106.79023,-6.17301],[106.79042,-6.1732],[106.79073,-6.17358],[106.79076,-6.17361],[106.79133,-6.17417],[106.79168,-6.17449],[106.79176,-6.17458],[106.79197,-6.17478]],[[106.78875,-6.17075],[106.78888,-6.17113]],[[106.78866,-6.1705],[106.78875,-6.17075]],[[106.7884,-6.16938],[106.78841,-6.16945],[106.78855,-6.17019],[106.78866,-6.1705]],[[106.79632,-6.18092],[106.7963,-6.18087],[106.79631,-6.1808],[106.79629,-6.18074],[106.79621,-6.18046]],[[106.79621,-6.18046],[106.79616,-6.18041],[106.79604,-6.18025]],[[106.79604,-6.18025],[106.79602,-6.18021],[106.79599,-6.18018],[106.79595,-6.18012],[106.79588,-6.18004],[106.79584,-6.17997],[106.79576,-6.17976]],[[106.79642,-6.18124],[106.79636,-6.18109],[106.79632,-6.18092]],[[106.79652,-6.18176],[106.79646,-6.18149]],[[106.79657,-6.18229],[106.79656,-6.182]],[[106.79696,-6.19059],[106.79695,-6.19045],[106.79695,-6.19028],[106.79694,-6.19016],[106.79693,-6.18993],[106.79693,-6.18982],[106.79691,-6.18927]],[[106.79685,-6.18862],[106.7968,-6.18682],[106.7968,-6.18677],[106.79679,-6.18634],[106.79677,-6.1859],[106.79675,-6.18534],[106.79675,-6.18516],[106.79672,-6.18482],[106.79672,-6.18469],[106.79669,-6.18404],[106.79666,-6.18349],[106.79657,-6.18229]],[[106.79646,-6.18149],[106.79642,-6.18124]],[[106.79946,-6.20167],[106.79923,-6.20125],[106.79915,-6.20112],[106.79911,-6.20106],[106.79908,-6.20099],[106.79902,-6.20088],[106.79869,-6.20025]],[[106.79735,-6.18986],[106.79735,-6.18995],[106.79735,-6.19004],[106.79736,-6.19029],[106.79736,-6.1904],[106.79737,-6.1906],[106.79737,-6.19076],[106.79738,-6.19107],[106.79739,-6.19122]],[[106.79724,-6.18726],[106.79726,-6.18766],[106.79728,-6.18864],[106.79729,-6.18898],[106.79731,-6.1892]],[[106.79708,-6.1825],[106.79711,-6.18297],[106.79712,-6.18316],[106.79712,-6.18349],[106.79713,-6.18389],[106.79715,-6.18429],[106.79715,-6.18434],[106.79716,-6.18452],[106.79718,-6.1848],[106.7972,-6.1853],[106.79721,-6.18591]],[[106.79678,-6.18046],[106.79686,-6.18071],[106.79688,-6.18081],[106.79688,-6.18094],[106.79691,-6.18121],[106.79693,-6.18132],[106.797,-6.18162],[106.79704,-6.18186]],[[106.79637,-6.17946],[106.79655,-6.1798],[106.79661,-6.17996],[106.79668,-6.18015],[106.79672,-6.18025],[106.79678,-6.18046]],[[106.78888,-6.17113],[106.78894,-6.17126],[106.78917,-6.17172],[106.78938,-6.17206],[106.78939,-6.17208]],[[106.79704,-6.18186],[106.79707,-6.18226],[106.79708,-6.1825]],[[106.78777,-6.16958],[106.78781,-6.16946],[106.78782,-6.16937],[106.78783,-6.16929]],[[106.79656,-6.182],[106.79652,-6.18176]],[[106.7898,-6.1737],[106.78971,-6.17364]],[[106.79981,-6.20235],[106.79973,-6.20218]],[[106.79497,-6.17752],[106.79513,-6.17768],[106.79538,-6.17798],[106.79545,-6.17807]],[[106.7938,-6.17643],[106.79404,-6.17666],[106.79418,-6.17679],[106.79435,-6.17695],[106.79441,-6.17701],[106.79451,-6.1771],[106.79482,-6.17738],[106.79497,-6.17752]],[[106.7992,-6.20016],[106.79934,-6.20046],[106.79942,-6.20061]],[[106.79886,-6.19938],[106.79899,-6.19966],[106.79918,-6.20011],[106.7992,-6.20016]],[[106.79942,-6.20061],[106.79952,-6.20079],[106.79957,-6.20091],[106.79959,-6.20094]],[[106.79519,-6.17874],[106.79508,-6.17855],[106.795,-6.17839],[106.79493,-6.17825],[106.79489,-6.17817],[106.79483,-6.17809],[106.79466,-6.1779]],[[106.78807,-6.16747],[106.78811,-6.16729]],[[106.78783,-6.16929],[106.78784,-6.16887],[106.78786,-6.16863],[106.78789,-6.16841],[106.78798,-6.16787],[106.78807,-6.16747]],[[106.78842,-6.16762],[106.78838,-6.16793],[106.78834,-6.16842],[106.78835,-6.16887],[106.78836,-6.16906],[106.78836,-6.16915],[106.78837,-6.16923],[106.7884,-6.16938]],[[106.78846,-6.16742],[106.78842,-6.16762]],[[106.79124,-6.1748],[106.79106,-6.17466],[106.79082,-6.17447]],[[106.79959,-6.20192],[106.79954,-6.20182],[106.79946,-6.20167]],[[106.79959,-6.20094],[106.79967,-6.2011]],[[106.79739,-6.19122],[106.7974,-6.19158],[106.79741,-6.19182],[106.79742,-6.1921],[106.79742,-6.1922],[106.79743,-6.19249],[106.79744,-6.19257],[106.79745,-6.19295],[106.79745,-6.19307],[106.79746,-6.19338],[106.79746,-6.19349],[106.79746,-6.19355],[106.79747,-6.19363],[106.79747,-6.19375]],[[106.79731,-6.1892],[106.79732,-6.18944]],[[106.79732,-6.18944],[106.79735,-6.18986]],[[106.79562,-6.17942],[106.79558,-6.17934]],[[106.79973,-6.20218],[106.79959,-6.20192]],[[106.79721,-6.18591],[106.79721,-6.18607]],[[106.79721,-6.18607],[106.79724,-6.18651],[106.79724,-6.18669],[106.79724,-6.187],[106.79724,-6.18717],[106.79724,-6.18726]],[[106.79629,-6.17931],[106.79637,-6.17946]],[[106.79597,-6.17875],[106.79605,-6.1789],[106.79608,-6.17894],[106.79619,-6.17914],[106.79624,-6.17922],[106.79625,-6.17925]],[[106.79625,-6.17925],[106.79629,-6.17931]],[[106.80021,-6.20219],[106.80022,-6.20222],[106.80025,-6.20228]],[[106.79869,-6.20025],[106.79861,-6.20011],[106.79855,-6.19999],[106.79843,-6.1997]],[[106.79546,-6.17916],[106.79537,-6.17902],[106.7952,-6.17877]],[[106.78772,-6.16972],[106.78777,-6.16958]],[[106.79998,-6.20172],[106.80008,-6.20192],[106.80013,-6.20203],[106.80016,-6.2021],[106.80021,-6.20219]],[[106.79691,-6.18927],[106.7969,-6.18924],[106.79689,-6.18922],[106.79687,-6.18917],[106.79687,-6.18915],[106.79686,-6.18905],[106.79686,-6.18901],[106.79685,-6.18862]],[[106.79558,-6.17934],[106.79546,-6.17916]],[[106.79466,-6.1779],[106.79443,-6.17769],[106.79399,-6.17728]],[[106.7952,-6.17877],[106.79519,-6.17874]],[[106.78766,-6.16742],[106.78768,-6.16739]]]},"properties":{"length_km":4.7,"focus":[106.79666,-6.18349],"osm_ways":76}},{"type":"Feature","id":"daan-mogot","geometry":{"type":"MultiLineString","coordinates":[[[106.72483,-6.15352],[106.72489,-6.15353]],[[106.70307,-6.15733],[106.70262,-6.15754],[106.70173,-6.1579],[106.70156,-6.15796],[106.69983,-6.15857],[106.69971,-6.15862],[106.69858,-6.15897],[106.69779,-6.15918],[106.69498,-6.15948],[106.69458,-6.15951],[106.69442,-6.15951],[106.69423,-6.1595],[106.69375,-6.15945],[106.69348,-6.15942],[106.69307,-6.15937],[106.69291,-6.15937],[106.69276,-6.15937],[106.69253,-6.15938],[106.69223,-6.15941],[106.692,-6.15943],[106.69191,-6.15944],[106.69111,-6.15954],[106.69015,-6.15966],[106.69002,-6.15967],[106.68988,-6.15967],[106.68952,-6.15965],[106.68919,-6.15964],[106.68893,-6.15963],[106.6887,-6.15963],[106.68831,-6.15965],[106.68737,-6.15967]],[[106.77218,-6.16226],[106.77212,-6.16219],[106.77207,-6.16215],[106.77182,-6.16205]],[[106.75984,-6.15768],[106.75987,-6.15771],[106.75991,-6.15773],[106.7602,-6.15784]],[[106.7602,-6.15784],[106.7615,-6.15831],[106.76182,-6.15838],[106.76198,-6.15841],[106.76214,-6.15842],[106.76247,-6.15842],[106.7641,-6.15838],[106.76458,-6.1583],[106.76473,-6.15827],[106.76511,-6.15815],[106.7664,-6.1576],[106.76662,-6.15753],[106.76679,-6.1575],[106.76691,-6.15751],[106.76709,-6.15754],[106.76718,-6.15757],[106.76735,-6.15766],[106.76745,-6.15772],[106.76833,-6.15831],[106.76852,-6.15846],[106.76867,-6.15861],[106.76874,-6.1587],[106.76882,-6.15881],[106.76887,-6.15889],[106.76892,-6.159],[106.76899,-6.15918],[106.76954,-6.16066],[106.76961,-6.16084],[106.76972,-6.161],[106.76981,-6.1611],[106.7699,-6.16119],[106.77005,-6.16129],[106.77026,-6.16139],[106.77183,-6.16201]],[[106.76018,-6.15789],[106.76004,-6.15785],[106.75992,-6.15782],[106.75987,-6.15782],[106.75983,-6.15783]],[[106.77183,-6.16201],[106.77209,-6.1621],[106.77214,-6.16211],[106.77222,-6.16212]],[[106.77182,-6.16205],[106.77022,-6.16142],[106.7701,-6.16136],[106.77002,-6.16133],[106.7699,-6.16125],[106.76982,-6.16119],[106.76976,-6.16112],[106.76968,-6.16101],[106.7696,-6.16091],[106.76953,-6.16077],[106.76949,-6.16066],[106.76894,-6.15916],[106.76886,-6.15896],[106.76877,-6.1588],[106.76868,-6.15867],[106.7686,-6.1586],[106.76848,-6.15848],[106.76829,-6.15833],[106.76733,-6.1577],[106.76728,-6.15767],[106.76717,-6.15762],[106.76705,-6.15758],[106.76688,-6.15756],[106.76677,-6.15757],[106.76665,-6.15758],[106.76653,-6.15761],[106.76637,-6.15767],[106.76513,-6.15818],[106.76477,-6.1583],[106.76457,-6.15835],[106.7641,-6.15842],[106.76252,-6.15847],[106.76229,-6.15847],[106.76202,-6.15846],[106.76178,-6.15842],[106.76148,-6.15835],[106.76018,-6.15789]],[[106.68898,-6.15947],[106.68919,-6.15947],[106.68938,-6.15948],[106.68953,-6.15949],[106.68968,-6.1595],[106.68979,-6.1595],[106.68994,-6.15951],[106.69009,-6.1595],[106.69023,-6.15949],[106.69131,-6.15936],[106.69141,-6.15935],[106.69161,-6.15932],[106.69199,-6.15928],[106.69256,-6.15923],[106.69274,-6.15922],[106.69294,-6.15921],[106.69313,-6.15922],[106.69351,-6.15927],[106.69377,-6.1593],[106.69414,-6.15934],[106.69442,-6.15935],[106.69463,-6.15935],[106.69483,-6.15933],[106.69545,-6.15928],[106.69621,-6.15922],[106.6963,-6.15921],[106.69664,-6.15918],[106.69763,-6.15907],[106.69774,-6.15905],[106.69852,-6.15883],[106.69917,-6.15864],[106.69976,-6.15844],[106.69981,-6.15843],[106.70048,-6.15818],[106.70095,-6.15802],[106.70129,-6.1579],[106.70151,-6.15782],[106.70166,-6.15776],[106.70274,-6.15731],[106.70282,-6.15728],[106.70311,-6.15715],[106.70328,-6.15707],[106.70331,-6.15706]],[[106.76524,-6.15822],[106.76508,-6.15827],[106.76479,-6.15837],[106.76468,-6.1584],[106.76458,-6.15843],[106.76442,-6.15845],[106.76429,-6.15847],[106.76411,-6.15849],[106.76401,-6.1585],[106.76378,-6.15852]],[[106.78308,-6.1654],[106.78283,-6.16535],[106.78212,-6.16519],[106.78203,-6.16517],[106.78192,-6.16514],[106.78124,-6.16501],[106.78113,-6.16499],[106.78104,-6.16497],[106.78086,-6.16495],[106.7804,-6.16498],[106.7802,-6.16499],[106.77948,-6.16503],[106.77926,-6.16501],[106.77898,-6.16494],[106.7788,-6.16487],[106.77867,-6.16482],[106.77847,-6.16474],[106.77835,-6.1647],[106.77804,-6.16457],[106.77757,-6.16439],[106.77728,-6.16428],[106.77718,-6.16424],[106.77706,-6.16419]],[[106.78122,-6.16483],[106.78144,-6.16487],[106.78167,-6.16492],[106.78189,-6.16497],[106.78219,-6.16503],[106.7828,-6.16516],[106.78287,-6.16517],[106.78304,-6.16521],[106.78311,-6.16522]],[[106.7675,-6.1577],[106.76781,-6.1579],[106.76788,-6.15796]],[[106.73742,-6.15467],[106.73567,-6.15464],[106.73534,-6.15463],[106.73487,-6.15461],[106.73462,-6.15459],[106.7344,-6.1546],[106.73413,-6.15464],[106.73375,-6.15471],[106.73322,-6.1548],[106.73312,-6.15482],[106.73301,-6.15484]],[[106.74821,-6.15545],[106.74768,-6.15539]],[[106.74768,-6.15521],[106.74769,-6.15521],[106.74769,-6.15521]],[[106.7299,-6.1546],[106.73009,-6.15464],[106.73038,-6.1547],[106.73068,-6.15474],[106.73086,-6.15476],[106.73097,-6.15477],[106.73115,-6.15478],[106.73149,-6.1548],[106.73183,-6.1548],[106.73219,-6.15478],[106.73272,-6.15473],[106.73293,-6.15469],[106.73308,-6.15466],[106.73323,-6.15462],[106.73376,-6.15452],[106.73407,-6.15447],[106.7344,-6.15442],[106.73461,-6.15441],[106.73556,-6.15446],[106.73569,-6.15446],[106.73581,-6.15446],[106.73608,-6.15447],[106.73625,-6.15447],[106.73651,-6.15447],[106.73705,-6.15447],[106.73722,-6.15447],[106.73743,-6.15448]],[[106.75983,-6.15783],[106.75976,-6.15781],[106.75966,-6.15779],[106.75935,-6.1577],[106.75807,-6.15731],[106.75775,-6.1572],[106.75771,-6.15719],[106.75763,-6.15716],[106.75579,-6.15664],[106.75473,-6.1563]],[[106.75984,-6.15768],[106.75987,-6.15768],[106.75991,-6.15769],[106.75994,-6.1577],[106.76016,-6.15778],[106.76091,-6.15804],[106.76095,-6.15806],[106.76107,-6.1581],[106.76119,-6.15814],[106.76148,-6.15825],[106.76158,-6.15828],[106.76165,-6.1583],[106.76179,-6.15834],[106.76186,-6.15836],[106.76199,-6.15838],[106.76211,-6.15839],[106.76241,-6.15838],[106.76267,-6.15837],[106.76299,-6.15835],[106.76313,-6.15835]],[[106.76783,-6.15812],[106.76741,-6.15785]],[[106.72714,-6.1542],[106.72691,-6.15415],[106.72637,-6.15403],[106.72609,-6.15396]],[[106.75235,-6.15579],[106.75255,-6.1558],[106.75291,-6.15583],[106.75337,-6.15587],[106.75386,-6.15593],[106.75394,-6.15594],[106.75418,-6.15598],[106.75451,-6.15604],[106.75485,-6.15614],[106.75507,-6.15622],[106.75515,-6.15625],[106.75531,-6.1563],[106.75559,-6.15639],[106.75577,-6.15646]],[[106.72482,-6.1537],[106.72437,-6.15361],[106.72391,-6.15349],[106.72257,-6.15307],[106.72237,-6.15303],[106.72211,-6.15299],[106.72207,-6.15299]],[[106.74136,-6.15462],[106.74142,-6.15462],[106.74157,-6.15463],[106.74165,-6.15464],[106.74195,-6.15465],[106.74199,-6.15465],[106.74204,-6.15466],[106.74233,-6.15467],[106.74274,-6.15471],[106.74333,-6.15478],[106.74344,-6.15479],[106.74346,-6.15479],[106.744,-6.15489],[106.74409,-6.1549],[106.74436,-6.15494],[106.74473,-6.15498],[106.7451,-6.155],[106.74537,-6.15502],[106.74545,-6.15503],[106.74582,-6.15505],[106.74586,-6.15506],[106.74625,-6.15508],[106.74662,-6.15511],[106.74719,-6.15517],[106.74759,-6.15521]],[[106.75015,-6.15565],[106.74873,-6.1555],[106.74855,-6.15549],[106.74821,-6.15545]],[[106.768,-6.15823],[106.7679,-6.15817],[106.76783,-6.15812]],[[106.72791,-6.15416],[106.7288,-6.15435],[106.72899,-6.15439],[106.72942,-6.15448]],[[106.74823,-6.15526],[106.74835,-6.15528]],[[106.74769,-6.15521],[106.74823,-6.15526]],[[106.77023,-6.16132],[106.7703,-6.16135],[106.7704,-6.16139]],[[106.77032,-6.16155],[106.77012,-6.16146]],[[106.76809,-6.15809],[106.7684,-6.1583],[106.76853,-6.15841],[106.76865,-6.15852],[106.76878,-6.15867],[106.76889,-6.15884],[106.76894,-6.15892],[106.76904,-6.15914],[106.76926,-6.15976],[106.76936,-6.16004],[106.76955,-6.16056],[106.76957,-6.16061],[106.76962,-6.16073],[106.76966,-6.16082],[106.7697,-6.1609],[106.76973,-6.16095],[106.76975,-6.16097],[106.76983,-6.16107],[106.76987,-6.16112],[106.76994,-6.16116],[106.77006,-6.16123],[106.77014,-6.16128],[106.77023,-6.16132]],[[106.77012,-6.16146],[106.77003,-6.16141],[106.7699,-6.16134],[106.76972,-6.16122],[106.76966,-6.16115],[106.76954,-6.16099],[106.7695,-6.16091],[106.76949,-6.16088],[106.76944,-6.16079],[106.7694,-6.16071],[106.76931,-6.1605],[106.76907,-6.15982],[106.76905,-6.15974],[106.76899,-6.15956],[106.7689,-6.15931],[106.76875,-6.15896],[106.76871,-6.15888],[106.76859,-6.1587],[106.76847,-6.15857],[106.76832,-6.15845],[106.768,-6.15823]],[[106.76312,-6.15852],[106.76212,-6.15855],[106.76179,-6.1585],[106.7614,-6.1584],[106.76118,-6.15832]],[[106.76329,-6.15834],[106.76353,-6.15833],[106.76378,-6.15833],[106.76408,-6.15832],[106.76439,-6.15828],[106.76453,-6.15826],[106.76459,-6.15824],[106.76472,-6.15821],[106.76506,-6.15809],[106.76512,-6.15807],[106.76569,-6.15784],[106.76589,-6.15775],[106.76636,-6.15755],[106.76653,-6.1575],[106.76675,-6.15746],[106.7669,-6.15747],[106.767,-6.15748],[106.76712,-6.15751],[106.76725,-6.15756],[106.7674,-6.15763],[106.76743,-6.15765],[106.76747,-6.15768],[106.7675,-6.1577]],[[106.75577,-6.15646],[106.75598,-6.15651],[106.7561,-6.15655],[106.7564,-6.15663],[106.75654,-6.15667],[106.7567,-6.15671],[106.75704,-6.15681],[106.75714,-6.15683],[106.75747,-6.15693],[106.75764,-6.15697],[106.75777,-6.15701],[106.75778,-6.15701],[106.75795,-6.15707],[106.75819,-6.15715],[106.75847,-6.15725],[106.75884,-6.15736],[106.75896,-6.1574],[106.75919,-6.15747],[106.7595,-6.15757],[106.75956,-6.15759],[106.75966,-6.15762],[106.75972,-6.15764],[106.75981,-6.15767],[106.75984,-6.15768]],[[106.7704,-6.16139],[106.77131,-6.16174],[106.77133,-6.16175]],[[106.76788,-6.15796],[106.76796,-6.158]],[[106.78754,-6.16685],[106.78701,-6.16674],[106.7866,-6.16668]],[[106.78781,-6.16689],[106.78772,-6.16688],[106.78754,-6.16685]],[[106.78614,-6.16626],[106.78622,-6.16629],[106.78644,-6.16638],[106.78653,-6.1664],[106.78672,-6.16646],[106.7868,-6.16647],[106.78683,-6.16648],[106.78713,-6.16654]],[[106.77808,-6.16441],[106.77831,-6.1645],[106.77878,-6.16469],[106.77918,-6.16482],[106.77929,-6.16485],[106.77949,-6.16485],[106.78009,-6.16483],[106.78065,-6.1648],[106.78076,-6.1648],[106.78095,-6.1648],[106.78107,-6.16481],[106.78122,-6.16483]],[[106.77712,-6.16404],[106.77725,-6.16409],[106.77746,-6.16417],[106.77781,-6.16431],[106.77808,-6.16441]],[[106.77343,-6.16259],[106.77367,-6.16269],[106.77395,-6.1628],[106.77429,-6.16293],[106.77471,-6.1631],[106.77492,-6.16318],[106.77519,-6.16329],[106.77539,-6.16336],[106.77551,-6.16341],[106.77553,-6.16342],[106.77561,-6.16345],[106.77603,-6.16362],[106.77619,-6.16368],[106.77626,-6.1637],[106.77682,-6.16392],[106.77712,-6.16404]],[[106.7726,-6.16227],[106.7727,-6.16231],[106.77293,-6.1624],[106.77303,-6.16244],[106.77311,-6.16247],[106.77314,-6.16249],[106.77343,-6.16259]],[[106.71434,-6.15529],[106.71458,-6.15513],[106.71481,-6.15497],[106.71506,-6.15482],[106.71534,-6.15464],[106.71618,-6.15418],[106.71649,-6.15403],[106.71677,-6.15391],[106.71688,-6.15386],[106.71695,-6.15382],[106.71716,-6.15372],[106.71734,-6.15364],[106.7177,-6.15348],[106.71811,-6.1533],[106.71854,-6.15311],[106.71875,-6.15304],[106.71878,-6.15302],[106.71887,-6.15301],[106.71923,-6.15296],[106.71953,-6.15292],[106.71979,-6.15289],[106.72002,-6.15286],[106.72072,-6.15278],[106.72078,-6.15278],[106.72089,-6.15277]],[[106.68672,-6.15965],[106.68695,-6.1596],[106.68699,-6.15959],[106.68722,-6.15955],[106.68729,-6.15954],[106.68756,-6.15951],[106.68766,-6.1595],[106.68811,-6.15948],[106.68833,-6.15947],[106.68849,-6.15947]],[[106.72207,-6.15299],[106.72204,-6.15298],[106.7217,-6.15294],[106.72137,-6.15293],[106.7209,-6.15294],[106.72079,-6.15294],[106.72054,-6.15296],[106.71984,-6.15305],[106.71949,-6.1531],[106.71903,-6.15316],[106.71885,-6.1532],[106.71858,-6.15328],[106.71819,-6.15344],[106.71762,-6.1537],[106.71703,-6.15396],[106.71696,-6.15399],[106.71683,-6.15406],[106.71643,-6.15424],[106.71622,-6.15435],[106.71587,-6.15453],[106.71561,-6.15469],[106.71551,-6.15474],[106.71517,-6.15497],[106.71487,-6.15516],[106.71452,-6.15538]],[[106.71369,-6.15554],[106.71382,-6.15551],[106.71392,-6.15549],[106.71401,-6.15545],[106.7142,-6.15536]],[[106.70654,-6.15573],[106.7069,-6.15568],[106.70704,-6.15566],[106.70746,-6.15568],[106.70829,-6.15575],[106.70874,-6.15578],[106.70897,-6.15578],[106.70919,-6.15576],[106.70941,-6.15572],[106.71018,-6.15557],[106.71034,-6.15555],[106.71046,-6.15554],[106.71059,-6.15553],[106.71074,-6.15552],[106.71109,-6.15553],[106.71149,-6.15554],[106.71172,-6.15554],[106.71215,-6.15555],[106.71227,-6.15555],[106.71295,-6.15557],[106.71315,-6.15558],[106.71327,-6.15558],[106.71351,-6.15556],[106.71365,-6.15555],[106.71369,-6.15554]],[[106.78713,-6.16654],[106.78729,-6.16658],[106.78735,-6.16659],[106.78776,-6.16668],[106.78788,-6.16671]],[[106.77234,-6.16217],[106.7726,-6.16227]],[[106.76741,-6.15785],[106.76734,-6.1578],[106.76728,-6.15777],[106.76725,-6.15775],[106.76712,-6.15769],[106.76696,-6.15764],[106.76678,-6.15763]],[[106.76678,-6.15763],[106.76663,-6.15765],[106.7665,-6.15769],[106.76633,-6.15776],[106.76629,-6.15777],[106.76604,-6.15788],[106.76583,-6.15798],[106.76573,-6.15803],[106.76524,-6.15822]],[[106.68737,-6.15967],[106.68719,-6.15968],[106.68702,-6.1597],[106.68698,-6.15971]],[[106.70691,-6.15582],[106.70671,-6.15583],[106.70653,-6.15587]],[[106.72714,-6.15399],[106.72741,-6.15406],[106.72791,-6.15416]],[[106.72609,-6.15396],[106.72482,-6.1537]],[[106.76796,-6.158],[106.76802,-6.15804],[106.76809,-6.15809]],[[106.77218,-6.16226],[106.77208,-6.16223],[106.77199,-6.1622],[106.77189,-6.16217],[106.77139,-6.16199],[106.77032,-6.16155]],[[106.70713,-6.15583],[106.70692,-6.15582],[106.70691,-6.15582]],[[106.70647,-6.15575],[106.70653,-6.15573]],[[106.75473,-6.1563],[106.7545,-6.15622],[106.75427,-6.15618],[106.75388,-6.15613],[106.75339,-6.15606],[106.75246,-6.15597],[106.75233,-6.15595],[106.7522,-6.15594],[106.75186,-6.15589],[106.75135,-6.15581],[106.75123,-6.15579]],[[106.6844,-6.16051],[106.68429,-6.16055]],[[106.68698,-6.15971],[106.68674,-6.15976],[106.68646,-6.15983],[106.68627,-6.15989],[106.686,-6.15998],[106.68569,-6.1601],[106.68535,-6.16021],[106.6845,-6.16047],[106.6844,-6.16051]],[[106.68437,-6.1604],[106.68446,-6.16037],[106.68531,-6.16012],[106.68567,-6.16],[106.68611,-6.15984],[106.68632,-6.15977],[106.68651,-6.15971],[106.68672,-6.15965]],[[106.70397,-6.15681],[106.70411,-6.15675],[106.70454,-6.15659],[106.70482,-6.15647],[106.70492,-6.15643],[106.70502,-6.15638],[106.70514,-6.15633],[106.70589,-6.15599],[106.70607,-6.15591]],[[106.7038,-6.15687],[106.70397,-6.15681]],[[106.72489,-6.15353],[106.72517,-6.15356],[106.72578,-6.15369],[106.7264,-6.15383],[106.72703,-6.15397],[106.72714,-6.15399]],[[106.73073,-6.15493],[106.73054,-6.15492],[106.73039,-6.1549],[106.73025,-6.15488],[106.7291,-6.15461],[106.72795,-6.15436],[106.7272,-6.15421]],[[106.67858,-6.16304],[106.67878,-6.16295],[106.67906,-6.16283],[106.6793,-6.1627],[106.67956,-6.16255],[106.67996,-6.16234],[106.68035,-6.16216],[106.68081,-6.16197],[106.68108,-6.16186],[106.68115,-6.16184],[106.68151,-6.16169],[106.68164,-6.16163],[106.68184,-6.16155],[106.68193,-6.16151],[106.6824,-6.16129],[106.68326,-6.16088],[106.68399,-6.16056],[106.68425,-6.16045],[106.68437,-6.1604]],[[106.68429,-6.16055],[106.68403,-6.16065],[106.68348,-6.16089],[106.68323,-6.161],[106.6821,-6.16154],[106.68162,-6.16174],[106.68149,-6.1618],[106.68117,-6.16192],[106.68081,-6.16207],[106.68045,-6.16221],[106.67999,-6.16243],[106.67974,-6.16255],[106.67951,-6.16269],[106.67928,-6.16281],[106.67905,-6.16295],[106.67887,-6.16304],[106.67873,-6.1631],[106.67862,-6.16314]],[[106.70331,-6.15706],[106.7038,-6.15687]],[[106.70642,-6.1559],[106.70641,-6.15591],[106.7054,-6.15634],[106.70523,-6.15642],[106.70504,-6.15651],[106.70428,-6.15684],[106.70307,-6.15733]],[[106.68849,-6.15947],[106.68856,-6.15947],[106.68898,-6.15947]],[[106.76378,-6.15852],[106.76326,-6.15852],[106.76312,-6.15852]],[[106.76118,-6.15832],[106.76082,-6.15819],[106.76015,-6.15796],[106.7599,-6.15788],[106.75986,-6.15785],[106.75983,-6.15783]],[[106.74768,-6.15539],[106.74759,-6.15538],[106.74699,-6.15532],[106.74659,-6.15528],[106.74591,-6.15523],[106.74553,-6.15521],[106.74478,-6.15515],[106.74427,-6.15509],[106.74376,-6.15502],[106.74327,-6.15494],[106.74315,-6.15493],[106.74293,-6.1549],[106.74193,-6.15483],[106.74166,-6.15482]],[[106.74759,-6.15521],[106.74768,-6.15521]],[[106.7272,-6.15421],[106.72714,-6.1542]],[[106.76313,-6.15835],[106.76329,-6.15834]],[[106.7723,-6.16231],[106.77218,-6.16226]],[[106.77222,-6.16212],[106.77228,-6.16214],[106.77234,-6.16217]],[[106.77133,-6.16175],[106.77135,-6.16176],[106.77196,-6.16199],[106.77207,-6.16204],[106.77215,-6.16208],[106.77222,-6.16212]],[[106.77706,-6.16419],[106.77676,-6.16408],[106.77648,-6.16396],[106.77625,-6.16388],[106.77613,-6.16383],[106.77607,-6.1638],[106.7758,-6.1637],[106.77562,-6.16363],[106.77555,-6.1636],[106.77552,-6.16359],[106.77534,-6.16352],[106.77525,-6.16348],[106.77492,-6.16335],[106.77464,-6.16324],[106.77434,-6.16312],[106.77423,-6.16308],[106.77387,-6.16293],[106.77377,-6.1629],[106.77345,-6.16277],[106.77322,-6.16268],[106.77313,-6.16264],[106.77309,-6.16263],[106.77306,-6.16261],[106.77301,-6.16259],[106.7728,-6.16251],[106.77239,-6.16235],[106.7723,-6.16231]],[[106.78403,-6.16542],[106.78432,-6.16547],[106.78457,-6.16552],[106.7848,-6.16556],[106.78487,-6.16558],[106.78498,-6.16562],[106.78524,-6.16574]],[[106.70653,-6.15573],[106.70654,-6.15573]],[[106.72089,-6.15277],[106.72108,-6.15276],[106.72134,-6.15276],[106.72169,-6.15278],[106.72186,-6.15279],[106.7221,-6.15281],[106.72214,-6.15282],[106.72216,-6.15282],[106.7223,-6.15284],[106.72243,-6.15286],[106.72263,-6.15291],[106.72367,-6.15325],[106.7244,-6.15344],[106.72483,-6.15352]],[[106.72942,-6.15448],[106.7299,-6.1546]],[[106.73743,-6.15448],[106.73748,-6.15448],[106.73763,-6.15448],[106.73777,-6.15449],[106.73825,-6.15449],[106.73834,-6.15448],[106.73854,-6.15448],[106.73866,-6.15448],[106.73886,-6.15447],[106.739,-6.15447],[106.73959,-6.15451],[106.73968,-6.15451],[106.73982,-6.15453],[106.73998,-6.15454],[106.7409,-6.1546],[106.74103,-6.1546],[106.74136,-6.15462]],[[106.74166,-6.15482],[106.74038,-6.15474],[106.73929,-6.15468],[106.73907,-6.15467],[106.73858,-6.1547],[106.73842,-6.15469],[106.73763,-6.15467],[106.73742,-6.15467]],[[106.73301,-6.15484],[106.73281,-6.15488],[106.73254,-6.15493],[106.73232,-6.15496],[106.73206,-6.15497],[106.73183,-6.15498],[106.731,-6.15495],[106.73073,-6.15493]],[[106.70607,-6.15591],[106.70637,-6.15578],[106.70641,-6.15576],[106.70646,-6.15575]],[[106.70653,-6.15587],[106.70653,-6.15587],[106.70642,-6.1559]],[[106.70646,-6.15575],[106.70647,-6.15575]],[[106.75124,-6.15562],[106.75141,-6.15564],[106.75152,-6.15566],[106.75172,-6.15569],[106.75193,-6.15573],[106.75212,-6.15576],[106.75221,-6.15577],[106.75228,-6.15578],[106.75235,-6.15579]],[[106.75123,-6.15579],[106.75111,-6.15577],[106.75015,-6.15565]],[[106.74835,-6.15528],[106.74858,-6.1553],[106.74884,-6.15532],[106.74919,-6.15536],[106.74928,-6.15537],[106.74951,-6.1554],[106.74967,-6.15541],[106.74982,-6.15543],[106.7503,-6.15548],[106.75113,-6.1556],[106.75124,-6.15562]],[[106.78311,-6.16522],[106.78358,-6.16532],[106.78364,-6.16534],[106.78398,-6.16541]],[[106.7866,-6.16668],[106.78639,-6.16662],[106.78615,-6.16654],[106.78595,-6.16643],[106.78581,-6.16634],[106.78554,-6.16613],[106.7854,-6.16603],[106.78524,-6.16593],[106.7851,-6.16587],[106.78495,-6.1658],[106.78478,-6.16575],[106.78476,-6.16575],[106.78446,-6.16568],[106.78417,-6.16563],[106.7839,-6.16557],[106.78362,-6.16552],[106.78308,-6.1654]],[[106.71452,-6.15538],[106.71432,-6.15551],[106.71421,-6.15557],[106.71409,-6.15562],[106.71397,-6.15566],[106.71386,-6.15569],[106.71374,-6.15571],[106.7136,-6.15573],[106.7132,-6.15574],[106.71227,-6.15572],[106.71214,-6.15571],[106.71131,-6.15569],[106.71077,-6.15569],[106.71062,-6.15569],[106.71049,-6.1557],[106.71028,-6.15572],[106.71012,-6.15575],[106.7093,-6.1559],[106.70911,-6.15594],[106.70896,-6.15595],[106.70883,-6.15595],[106.7087,-6.15595],[106.70713,-6.15583]],[[106.7142,-6.15536],[106.71434,-6.15529]],[[106.78524,-6.16574],[106.7855,-6.16589],[106.78573,-6.16604],[106.78597,-6.16618],[106.78614,-6.16626]],[[106.78398,-6.16541],[106.78403,-6.16542]]]},"properties":{"length_km":14.4,"focus":[106.74193,-6.15483],"osm_ways":104}},{"type":"Feature","id":"panjang","geometry":{"type":"MultiLineString","coordinates":[[[106.76895,-6.19206],[106.76896,-6.19263],[106.76896,-6.19297],[106.76896,-6.19354],[106.76897,-6.19374],[106.76897,-6.19403],[106.76896,-6.19469],[106.76896,-6.19543],[106.76898,-6.19614],[106.76899,-6.19636]],[[106.76885,-6.19061],[106.76874,-6.18948]],[[106.77127,-6.21108],[106.77121,-6.21091],[106.77098,-6.21029],[106.77073,-6.20965],[106.77047,-6.20914],[106.77035,-6.2088],[106.77026,-6.20853],[106.77025,-6.20849],[106.7702,-6.20834],[106.77011,-6.20808],[106.77003,-6.20782],[106.76971,-6.2067],[106.76953,-6.20601],[106.76948,-6.20579],[106.76946,-6.20566],[106.76945,-6.2056],[106.76941,-6.20528],[106.76938,-6.20482],[106.76938,-6.20468],[106.76937,-6.20408],[106.76936,-6.20363],[106.76936,-6.20348]],[[106.76885,-6.18947],[106.76896,-6.1906]],[[106.76848,-6.18735],[106.76847,-6.18679],[106.76847,-6.18662],[106.76847,-6.18632],[106.76847,-6.18611]],[[106.76952,-6.20297],[106.76955,-6.20336],[106.76955,-6.20407],[106.76955,-6.20448],[106.76956,-6.2049],[106.76958,-6.2053],[106.76962,-6.20555],[106.76966,-6.20577],[106.7697,-6.20602],[106.76989,-6.20677],[106.77001,-6.20723],[106.77005,-6.20738],[106.7704,-6.20846],[106.77044,-6.20857],[106.77054,-6.20889],[106.77062,-6.20911],[106.77066,-6.20921],[106.77077,-6.2094],[106.77083,-6.20954],[106.77092,-6.20972],[106.77097,-6.20987],[106.77111,-6.21024],[106.77136,-6.21092],[106.77142,-6.21103]],[[106.76872,-6.19173],[106.76873,-6.19167],[106.76874,-6.19162],[106.76878,-6.19142]],[[106.76317,-6.15862],[106.76316,-6.15899]],[[106.76481,-6.16928],[106.76497,-6.16964],[106.76502,-6.16979],[106.7651,-6.17006],[106.76537,-6.17095],[106.76544,-6.17127],[106.76551,-6.17163],[106.76552,-6.1717],[106.76561,-6.17223],[106.76563,-6.17231],[106.76566,-6.17248],[106.7657,-6.17265],[106.76572,-6.17277],[106.76577,-6.17302],[106.76586,-6.1737],[106.76588,-6.1739],[106.7659,-6.1741],[106.76599,-6.17482],[106.766,-6.17494],[106.7661,-6.17561],[106.76618,-6.17637],[106.76623,-6.1767],[106.76629,-6.1772],[106.76634,-6.17753],[106.76639,-6.178],[106.7664,-6.17817],[106.76641,-6.17826],[106.76642,-6.17838],[106.76645,-6.17863],[106.76648,-6.17885],[106.76656,-6.17946],[106.76661,-6.17969],[106.76666,-6.17986],[106.76675,-6.18015],[106.76681,-6.18039],[106.76682,-6.18043],[106.76683,-6.18046],[106.76696,-6.18092],[106.76705,-6.18123],[106.7671,-6.18142],[106.76721,-6.18173],[106.76763,-6.18282],[106.76795,-6.18373]],[[106.76313,-6.15835],[106.76312,-6.15852]],[[106.76303,-6.15898],[106.76305,-6.15861]],[[106.76467,-6.16934],[106.76462,-6.16924]],[[106.76476,-6.1692],[106.76481,-6.16928]],[[106.76314,-6.16212],[106.76314,-6.16306],[106.76312,-6.16382],[106.76312,-6.16389],[106.76312,-6.1643],[106.76312,-6.16436]],[[106.76462,-6.16924],[106.76442,-6.16888],[106.76435,-6.16875],[106.76391,-6.16794],[106.7637,-6.16755]],[[106.7639,-6.16761],[106.76412,-6.16803],[106.7643,-6.16834],[106.76438,-6.16849]],[[106.7682,-6.18433],[106.76836,-6.18472],[106.76844,-6.18498],[106.76849,-6.18515],[106.76852,-6.18528],[106.76853,-6.18536],[106.76854,-6.18541],[106.76858,-6.18561],[106.7686,-6.18574],[106.76861,-6.18586],[106.76861,-6.18599],[106.76861,-6.18615],[106.76861,-6.18618],[106.76862,-6.18628],[106.76862,-6.18633],[106.76861,-6.18663],[106.76862,-6.187],[106.76863,-6.18744],[106.76863,-6.18756],[106.76865,-6.18774],[106.76866,-6.18789],[106.76869,-6.18809],[106.76872,-6.18826],[106.76876,-6.18848]],[[106.7678,-6.18372],[106.76744,-6.18281],[106.76731,-6.18247],[106.76731,-6.18244],[106.76719,-6.18213],[106.76705,-6.1817],[106.76702,-6.18159],[106.76692,-6.18127],[106.7669,-6.18118],[106.76684,-6.18097],[106.76676,-6.1807],[106.76666,-6.18032],[106.76663,-6.18025],[106.76655,-6.17996],[106.76651,-6.1798],[106.76643,-6.17948],[106.76634,-6.17899],[106.76633,-6.17882],[106.7663,-6.17851],[106.76627,-6.17819],[106.76626,-6.17812],[106.76625,-6.17803],[106.76624,-6.17796],[106.7662,-6.17761],[106.76614,-6.17716],[106.76605,-6.17657],[106.766,-6.17615],[106.76594,-6.17561],[106.76591,-6.17542],[106.76588,-6.17506],[106.76587,-6.17499],[106.76584,-6.17475],[106.76582,-6.17463],[106.76582,-6.17461],[106.76581,-6.17454],[106.76576,-6.17422],[106.76575,-6.17413],[106.76571,-6.17379],[106.76565,-6.17329],[106.76562,-6.17313],[106.76555,-6.17272],[106.76552,-6.1725],[106.76548,-6.17232],[106.76547,-6.17222],[106.76545,-6.17214],[106.76542,-6.17195],[106.76531,-6.17142],[106.76528,-6.17129]],[[106.76305,-6.15861],[106.76312,-6.15852]],[[106.76903,-6.19722],[106.76907,-6.19814]],[[106.76892,-6.19798],[106.76889,-6.19723]],[[106.76901,-6.19682],[106.76901,-6.19685],[106.76902,-6.19708],[106.76903,-6.19722]],[[106.76889,-6.19723],[106.76887,-6.19683]],[[106.76332,-6.16595],[106.76337,-6.16622],[106.76346,-6.16653],[106.76357,-6.16689],[106.76371,-6.16725]],[[106.76356,-6.1673],[106.76344,-6.16704],[106.7634,-6.16694],[106.7633,-6.16666],[106.76323,-6.16641],[106.7632,-6.16628],[106.76311,-6.16583],[106.7631,-6.16579]],[[106.7637,-6.16755],[106.76364,-6.16743]],[[106.76378,-6.1674],[106.7639,-6.16761]],[[106.76895,-6.19147],[106.76895,-6.19166]],[[106.76896,-6.1906],[106.76897,-6.19076],[106.76897,-6.19092],[106.76895,-6.1911],[106.76892,-6.19132]],[[106.76881,-6.19499],[106.76881,-6.19469],[106.76881,-6.19454]],[[106.76887,-6.19683],[106.76887,-6.19671],[106.76886,-6.19663],[106.76883,-6.19599],[106.76882,-6.19528],[106.76881,-6.19504],[106.76881,-6.19499]],[[106.76879,-6.18871],[106.76881,-6.18896],[106.76885,-6.18947]],[[106.76297,-6.16455],[106.76296,-6.16443],[106.76295,-6.16429],[106.76295,-6.16399],[106.76294,-6.16389],[106.76296,-6.16335],[106.76297,-6.16212]],[[106.76321,-6.16536],[106.76326,-6.16563]],[[106.76312,-6.15852],[106.76317,-6.15862]],[[106.76895,-6.19166],[106.76895,-6.19206]],[[106.76935,-6.20332],[106.76934,-6.20297]],[[106.76934,-6.20297],[106.76931,-6.20267],[106.76926,-6.20235],[106.76918,-6.20197],[106.76911,-6.20155],[106.76908,-6.20125],[106.76905,-6.20094],[106.76904,-6.20088],[106.76901,-6.20022],[106.76895,-6.19956],[106.76894,-6.19931],[106.76894,-6.19895],[106.76893,-6.19819]],[[106.76893,-6.19819],[106.76892,-6.19798]],[[106.76947,-6.20251],[106.7695,-6.2027],[106.76952,-6.20297]],[[106.76907,-6.19814],[106.76908,-6.19893],[106.76909,-6.1993],[106.7691,-6.19955],[106.7691,-6.19962],[106.76916,-6.20038],[106.76916,-6.20043],[106.76918,-6.20071]],[[106.77442,-6.21578],[106.7748,-6.21614],[106.77484,-6.21617],[106.77489,-6.2162]],[[106.76918,-6.20071],[106.76919,-6.20079],[106.7692,-6.20096],[106.76923,-6.20126],[106.76929,-6.20171],[106.76943,-6.20236],[106.76947,-6.20251]],[[106.76881,-6.19129],[106.76886,-6.19101],[106.76886,-6.19079],[106.76885,-6.19061]],[[106.76852,-6.18801],[106.76851,-6.18795],[106.76851,-6.18789],[106.76851,-6.1878]],[[106.7683,-6.18501],[106.76825,-6.18485],[106.7682,-6.18471]],[[106.7682,-6.18471],[106.76802,-6.18426]],[[106.76845,-6.18566],[106.76842,-6.18552],[106.7684,-6.18543],[106.76835,-6.18521],[106.76832,-6.18511],[106.7683,-6.18501]],[[106.76874,-6.18948],[106.76869,-6.18903],[106.76868,-6.18886],[106.76866,-6.18874]],[[106.76851,-6.1878],[106.76849,-6.18756],[106.76848,-6.18735]],[[106.76847,-6.18611],[106.76846,-6.18587],[106.76846,-6.18576],[106.76845,-6.18566]],[[106.76936,-6.20348],[106.76935,-6.20332]],[[106.76881,-6.19454],[106.76881,-6.19302],[106.7688,-6.19273],[106.76878,-6.19219],[106.76877,-6.19216],[106.76876,-6.19195],[106.76874,-6.19183],[106.76873,-6.19179],[106.76872,-6.19173]],[[106.7631,-6.16579],[106.76309,-6.16568]],[[106.76326,-6.16563],[106.76331,-6.16588]],[[106.76899,-6.19636],[106.76901,-6.19672],[106.76901,-6.19682]],[[106.7681,-6.1841],[106.7682,-6.18433]],[[106.76802,-6.18426],[106.76791,-6.18401]],[[106.76315,-6.15921],[106.76314,-6.15994],[106.76314,-6.15997],[106.76314,-6.16],[106.76314,-6.16002]],[[106.76297,-6.16212],[106.76297,-6.16207],[106.76297,-6.16195],[106.76298,-6.16123],[106.76299,-6.16],[106.76299,-6.15998],[106.76299,-6.15994],[106.76299,-6.15992]],[[106.76791,-6.18401],[106.7678,-6.18372]],[[106.76528,-6.17129],[106.76522,-6.17102],[106.76516,-6.17082],[106.76504,-6.1704],[106.76502,-6.17033],[106.76497,-6.17015],[106.76485,-6.16975],[106.76467,-6.16934]],[[106.76299,-6.15992],[106.76302,-6.15923]],[[106.76312,-6.16436],[106.76312,-6.16458],[106.76312,-6.16466]],[[106.76312,-6.16466],[106.76313,-6.16483],[106.76314,-6.1649],[106.76318,-6.16518],[106.76321,-6.16536]],[[106.76298,-6.16467],[106.76298,-6.16461],[106.76297,-6.16455]],[[106.76309,-6.16568],[106.76307,-6.16547],[106.763,-6.16495],[106.76298,-6.16467]],[[106.76331,-6.16588],[106.76332,-6.16595]],[[106.76314,-6.16008],[106.76314,-6.16212]],[[106.76438,-6.16849],[106.76476,-6.1692]],[[106.76892,-6.19132],[106.76892,-6.19138],[106.76895,-6.19147]],[[106.76878,-6.19142],[106.76881,-6.19129]],[[106.76876,-6.18848],[106.76878,-6.18862],[106.76879,-6.18871]],[[106.76866,-6.18874],[106.76863,-6.18851],[106.7686,-6.18833],[106.76852,-6.18801]],[[106.7631,-6.16579],[106.76306,-6.16571],[106.76303,-6.16565],[106.76301,-6.16555],[106.76295,-6.16518],[106.76292,-6.16496],[106.7629,-6.16484],[106.76288,-6.16444],[106.76288,-6.1643],[106.76288,-6.16399],[106.76288,-6.1639],[106.76288,-6.16377],[106.76289,-6.16336],[106.7629,-6.16304],[106.76292,-6.16227],[106.76292,-6.16222],[106.76297,-6.16212]],[[106.76316,-6.15899],[106.76315,-6.15921]],[[106.76302,-6.15923],[106.76303,-6.159],[106.76303,-6.15898]],[[106.77471,-6.21624],[106.77463,-6.21618],[106.77431,-6.2159]],[[106.77431,-6.2159],[106.774,-6.2156],[106.77381,-6.2154],[106.77356,-6.21511],[106.77313,-6.21465],[106.773,-6.21448],[106.77267,-6.21394],[106.77262,-6.21384],[106.77237,-6.21334],[106.77217,-6.21294],[106.77208,-6.21277],[106.77197,-6.21255],[106.77169,-6.21195],[106.77148,-6.21151],[106.77141,-6.21138],[106.77127,-6.21108]],[[106.77142,-6.21103],[106.77155,-6.2113],[106.77163,-6.21146],[106.77174,-6.21169],[106.77186,-6.21193],[106.77202,-6.21226],[106.77217,-6.21258],[106.77221,-6.21266],[106.77233,-6.2129],[106.77242,-6.2131],[106.77251,-6.21331],[106.77271,-6.21371],[106.77281,-6.21388],[106.77322,-6.21454],[106.77329,-6.21461],[106.77413,-6.21551],[106.77442,-6.21578]],[[106.76364,-6.16743],[106.76356,-6.1673]],[[106.76371,-6.16725],[106.76374,-6.16732],[106.76378,-6.1674]],[[106.76795,-6.18373],[106.7681,-6.1841]],[[106.76314,-6.16002],[106.76314,-6.16008]]]},"properties":{"length_km":6.9,"focus":[106.7682,-6.18471],"osm_ways":84}},{"type":"Feature","id":"tb-simatupang","geometry":{"type":"MultiLineString","coordinates":[[[106.85406,-6.30267],[106.85385,-6.30268],[106.85371,-6.30269],[106.85347,-6.30271],[106.85318,-6.30278],[106.85302,-6.30283],[106.85288,-6.30288],[106.85251,-6.30304],[106.85235,-6.30312],[106.85228,-6.30316],[106.85218,-6.30322],[106.85206,-6.3033],[106.8519,-6.30343],[106.85176,-6.30356],[106.85154,-6.30377],[106.85141,-6.30391],[106.8513,-6.30403]],[[106.86504,-6.30603],[106.86524,-6.30614]],[[106.8178,-6.29211],[106.81788,-6.29212],[106.81808,-6.29214],[106.81843,-6.29217],[106.81871,-6.29222],[106.81902,-6.29228],[106.81916,-6.29231],[106.81976,-6.29247],[106.82001,-6.29253],[106.82029,-6.29263],[106.8208,-6.2928],[106.82107,-6.29292]],[[106.80443,-6.29206],[106.80488,-6.29208],[106.8052,-6.29208],[106.80551,-6.29206],[106.806,-6.292]],[[106.8426,-6.30324],[106.84281,-6.30328],[106.8429,-6.30329],[106.84329,-6.30336],[106.84377,-6.30344]],[[106.83758,-6.30197],[106.83765,-6.30199],[106.83908,-6.30251],[106.83965,-6.30267],[106.8399,-6.30274],[106.84006,-6.30277],[106.84196,-6.30313]],[[106.84169,-6.3036],[106.83997,-6.30325],[106.83945,-6.30315],[106.83942,-6.30314],[106.83828,-6.30278],[106.83742,-6.30245]],[[106.83649,-6.30193],[106.83644,-6.3019],[106.83634,-6.30184],[106.83628,-6.30181],[106.83601,-6.30165],[106.83583,-6.30155],[106.83548,-6.30135],[106.83534,-6.30127],[106.83521,-6.30118],[106.83481,-6.30093],[106.8347,-6.30085],[106.8345,-6.30071],[106.83427,-6.30055],[106.83418,-6.30048],[106.83384,-6.30026],[106.83362,-6.30012],[106.83355,-6.30007],[106.83345,-6.30001],[106.83329,-6.2999],[106.83326,-6.29989]],[[106.82237,-6.2941],[106.82231,-6.29407],[106.82228,-6.29406]],[[106.82748,-6.29597],[106.82824,-6.29637],[106.82894,-6.29675],[106.82939,-6.29699],[106.82965,-6.29713],[106.82984,-6.29723],[106.82992,-6.29727],[106.83052,-6.29759],[106.83068,-6.29768],[106.83088,-6.2978],[106.83105,-6.29789],[106.83138,-6.2981],[106.83206,-6.29853],[106.83253,-6.29883],[106.83268,-6.29893],[106.83288,-6.29906],[106.83299,-6.29914],[106.83302,-6.29915],[106.8334,-6.29941],[106.83344,-6.29943],[106.83344,-6.29944],[106.83349,-6.29947],[106.83386,-6.29972],[106.83411,-6.29988],[106.83428,-6.3],[106.83445,-6.30011],[106.83466,-6.30025],[106.83477,-6.30031],[106.83506,-6.30047],[106.83528,-6.30061],[106.83578,-6.30094],[106.83595,-6.30106],[106.83616,-6.30119],[106.83621,-6.30122],[106.83642,-6.30136],[106.83644,-6.30138]],[[106.84861,-6.30442],[106.84849,-6.30442],[106.84847,-6.30441],[106.84787,-6.30438],[106.84775,-6.30437],[106.84724,-6.30433],[106.84665,-6.30427],[106.84638,-6.30425],[106.84632,-6.30424],[106.84614,-6.30423],[106.84589,-6.30421]],[[106.84377,-6.30344],[106.84435,-6.30352],[106.84444,-6.30353],[106.84583,-6.3037],[106.84606,-6.30373],[106.84614,-6.30374],[106.84651,-6.30378],[106.84728,-6.30386],[106.84753,-6.30389],[106.84771,-6.3039],[106.84776,-6.30391]],[[106.85123,-6.30396],[106.85129,-6.30392],[106.85136,-6.30386],[106.85149,-6.30374],[106.85177,-6.30347],[106.85185,-6.30339],[106.85196,-6.3033],[106.85205,-6.30322],[106.85215,-6.30316],[106.85226,-6.3031],[106.85237,-6.30305],[106.85248,-6.30299],[106.85282,-6.30284],[106.85299,-6.30277],[106.85316,-6.30271],[106.85346,-6.30264],[106.8535,-6.30263],[106.85355,-6.30262],[106.85369,-6.3026],[106.8539,-6.30259],[106.85394,-6.30259],[106.85403,-6.30259]],[[106.79728,-6.29204],[106.79735,-6.29204],[106.79768,-6.29204],[106.7982,-6.29204],[106.79848,-6.29204],[106.79857,-6.29204],[106.79912,-6.29205],[106.80074,-6.29206],[106.80118,-6.29206]],[[106.85902,-6.30239],[106.85893,-6.30239],[106.85881,-6.3024],[106.85866,-6.30241],[106.85854,-6.30242],[106.85833,-6.30242],[106.85799,-6.30244],[106.8577,-6.30246],[106.85759,-6.30248],[106.85728,-6.30251],[106.85716,-6.30251]],[[106.806,-6.292],[106.80605,-6.292],[106.80628,-6.29198],[106.8066,-6.29197],[106.80677,-6.29198],[106.80713,-6.292],[106.80769,-6.29201],[106.80785,-6.29201],[106.80849,-6.292],[106.80873,-6.292]],[[106.86527,-6.30625],[106.865,-6.3061]],[[106.82501,-6.29517],[106.82482,-6.29507],[106.82467,-6.295],[106.82444,-6.29489],[106.82442,-6.29488]],[[106.82703,-6.29627],[106.82699,-6.29624],[106.82647,-6.29595],[106.82569,-6.29553],[106.82549,-6.29543]],[[106.82509,-6.2948],[106.8269,-6.29569],[106.82736,-6.29592],[106.82748,-6.29597]],[[106.82432,-6.29444],[106.82509,-6.2948]],[[106.8549,-6.30265],[106.85406,-6.30267]],[[106.85924,-6.30233],[106.85927,-6.30234],[106.85931,-6.30237],[106.85936,-6.30242],[106.85944,-6.30253]],[[106.85403,-6.30259],[106.85488,-6.30255]],[[106.865,-6.3061],[106.86499,-6.30609]],[[106.86494,-6.30598],[106.86502,-6.30603]],[[106.85031,-6.30454],[106.8501,-6.30452]],[[106.83677,-6.30209],[106.83658,-6.30198]],[[106.83726,-6.30237],[106.83715,-6.30231],[106.83677,-6.30209]],[[106.83718,-6.30181],[106.83758,-6.30197]],[[106.83644,-6.30138],[106.83667,-6.30153]],[[106.86524,-6.30614],[106.86531,-6.30617]],[[106.79875,-6.29256],[106.79858,-6.29255],[106.79845,-6.29255],[106.79788,-6.29253],[106.79776,-6.29252],[106.79762,-6.29252]],[[106.80729,-6.29265],[106.8056,-6.29265],[106.80445,-6.29263],[106.80395,-6.29262],[106.8033,-6.2926]],[[106.86491,-6.30605],[106.86443,-6.30577],[106.86439,-6.30574],[106.86423,-6.30563]],[[106.79748,-6.29251],[106.79744,-6.29251],[106.79568,-6.29246]],[[106.86499,-6.30609],[106.86491,-6.30605]],[[106.85488,-6.30255],[106.85499,-6.30254],[106.85591,-6.3025],[106.85635,-6.30248],[106.85696,-6.30244],[106.85728,-6.30242],[106.85759,-6.3024],[106.85781,-6.30238],[106.85788,-6.30238],[106.85881,-6.30232],[106.85897,-6.30231]],[[106.8623,-6.30463],[106.86214,-6.30455],[106.86198,-6.30447],[106.86179,-6.30437],[106.86134,-6.30415],[106.86106,-6.30401],[106.86013,-6.30353],[106.85997,-6.30342],[106.85981,-6.30323],[106.85941,-6.3026]],[[106.85897,-6.30231],[106.85905,-6.3023],[106.85915,-6.30232],[106.85924,-6.30233]],[[106.85932,-6.30248],[106.85927,-6.30243],[106.85924,-6.30242]],[[106.79984,-6.29256],[106.79944,-6.29256],[106.79875,-6.29256]],[[106.8009,-6.29257],[106.80051,-6.29257],[106.8003,-6.29257],[106.80013,-6.29257],[106.7999,-6.29256],[106.79984,-6.29256]],[[106.80195,-6.29257],[106.80171,-6.29257],[106.80129,-6.29257],[106.8009,-6.29257]],[[106.8033,-6.2926],[106.80261,-6.29259]],[[106.84196,-6.30313],[106.8426,-6.30324]],[[106.82549,-6.29543],[106.8251,-6.29522],[106.82501,-6.29517]],[[106.83667,-6.30153],[106.83692,-6.30166],[106.83718,-6.30181]],[[106.81738,-6.29209],[106.81767,-6.29211],[106.8178,-6.29211]],[[106.81679,-6.29204],[106.81683,-6.29204],[106.81722,-6.29208]],[[106.81568,-6.29198],[106.816,-6.29199],[106.81616,-6.292],[106.81633,-6.29201],[106.81647,-6.29202],[106.81671,-6.29203],[106.81674,-6.29203],[106.81679,-6.29204]],[[106.81448,-6.29196],[106.81483,-6.29196],[106.81509,-6.29197],[106.81515,-6.29197],[106.81568,-6.29198]],[[106.8159,-6.29256],[106.81581,-6.29256],[106.81555,-6.29254]],[[106.81555,-6.29254],[106.81518,-6.29253],[106.81507,-6.29252],[106.81493,-6.29251]],[[106.81223,-6.29239],[106.81192,-6.29238],[106.81155,-6.2924],[106.81148,-6.2924],[106.81097,-6.29241],[106.81015,-6.29244],[106.80991,-6.29244],[106.8096,-6.29245],[106.80948,-6.29247],[106.80925,-6.29254],[106.80908,-6.29258],[106.80892,-6.29259],[106.8089,-6.29259],[106.80888,-6.2926]],[[106.82197,-6.29394],[106.82188,-6.2939]],[[106.82089,-6.29349],[106.82067,-6.2934],[106.82001,-6.29318],[106.8197,-6.29308],[106.81949,-6.29303],[106.81907,-6.29291],[106.81885,-6.29284],[106.81864,-6.2928],[106.81786,-6.2927]],[[106.81652,-6.29259],[106.8165,-6.29259],[106.81642,-6.29258],[106.81617,-6.29257],[106.8159,-6.29256]],[[106.82331,-6.29446],[106.82273,-6.29425]],[[106.82273,-6.29425],[106.8226,-6.29419]],[[106.82442,-6.29488],[106.82388,-6.29467],[106.82331,-6.29446]],[[106.8225,-6.2936],[106.82255,-6.29362],[106.8226,-6.29365]],[[106.82136,-6.29305],[106.82213,-6.29344]],[[106.82326,-6.29395],[106.82385,-6.29421]],[[106.82295,-6.2938],[106.82303,-6.29383],[106.82323,-6.29393],[106.82326,-6.29395]],[[106.82385,-6.29421],[106.82432,-6.29444]],[[106.82228,-6.29406],[106.82224,-6.29405],[106.82197,-6.29394]],[[106.82188,-6.2939],[106.82163,-6.2938],[106.8214,-6.2937]],[[106.82213,-6.29344],[106.8224,-6.29356],[106.82246,-6.29359]],[[106.8226,-6.29365],[106.82265,-6.29367],[106.82278,-6.29373]],[[106.82278,-6.29373],[106.82295,-6.2938]],[[106.79528,-6.292],[106.79555,-6.29199]],[[106.79555,-6.29199],[106.79566,-6.292]],[[106.79566,-6.292],[106.79575,-6.292],[106.79584,-6.292],[106.79603,-6.29201],[106.79685,-6.29203],[106.79694,-6.29203],[106.7972,-6.29204],[106.79728,-6.29204]],[[106.80194,-6.29205],[106.80213,-6.29204],[106.80221,-6.29204],[106.80234,-6.29204],[106.80252,-6.29203]],[[106.80252,-6.29203],[106.80267,-6.29203],[106.80271,-6.29202],[106.80327,-6.29203],[106.80377,-6.29204]],[[106.80377,-6.29204],[106.80443,-6.29206]],[[106.79762,-6.29252],[106.79748,-6.29251]],[[106.81004,-6.29196],[106.81015,-6.29195],[106.81043,-6.29194],[106.81098,-6.29193],[106.81142,-6.29191],[106.81197,-6.2919],[106.81257,-6.29188],[106.81264,-6.29188],[106.81265,-6.29188],[106.81296,-6.29187],[106.81365,-6.29189],[106.81433,-6.29195]],[[106.80261,-6.29259],[106.8024,-6.29258],[106.80232,-6.29258],[106.80232,-6.29258],[106.80222,-6.29258],[106.80217,-6.29258]],[[106.84278,-6.30379],[106.84169,-6.3036]],[[106.8088,-6.2926],[106.80836,-6.29262],[106.80787,-6.29264],[106.80729,-6.29265]],[[106.81705,-6.29263],[106.81658,-6.29259],[106.81656,-6.29259],[106.81652,-6.29259]],[[106.81786,-6.2927],[106.81745,-6.29266],[106.81715,-6.29264]],[[106.8226,-6.29419],[106.82245,-6.29413],[106.82241,-6.29412]],[[106.85037,-6.30407],[106.85059,-6.30408],[106.85069,-6.30408],[106.85087,-6.30408]],[[106.85097,-6.30406],[106.85105,-6.30404],[106.85113,-6.30401],[106.85123,-6.30396]],[[106.8513,-6.30403],[106.85113,-6.30421],[106.85111,-6.30422],[106.85109,-6.30424]],[[106.85087,-6.30408],[106.85097,-6.30406]],[[106.84776,-6.30391],[106.8479,-6.30392],[106.84814,-6.30394],[106.84824,-6.30395],[106.84855,-6.30397],[106.84886,-6.30399],[106.85003,-6.30405]],[[106.80873,-6.292],[106.80874,-6.292],[106.80878,-6.292],[106.80897,-6.292],[106.80906,-6.292],[106.80918,-6.29199],[106.80951,-6.29198],[106.81004,-6.29196]],[[106.80217,-6.29258],[106.80195,-6.29257]],[[106.84373,-6.30393],[106.84367,-6.30392],[106.84344,-6.30388],[106.84296,-6.30382]],[[106.85924,-6.30242],[106.85907,-6.30239],[106.85902,-6.30239]],[[106.85003,-6.30405],[106.85032,-6.30407],[106.85037,-6.30407]],[[106.83742,-6.30245],[106.83726,-6.30237]],[[106.86502,-6.30603],[106.86504,-6.30603]],[[106.79564,-6.29246],[106.7954,-6.29246],[106.79534,-6.29246],[106.79528,-6.29246]],[[106.79568,-6.29246],[106.79564,-6.29246]],[[106.85944,-6.30253],[106.85946,-6.30257],[106.85955,-6.3027],[106.8597,-6.30291],[106.85993,-6.30327],[106.86,-6.30336],[106.86007,-6.30341],[106.8606,-6.3037],[106.86085,-6.30382],[106.86183,-6.30429],[106.86234,-6.30454],[106.86238,-6.30456],[106.86271,-6.30472],[106.86324,-6.30501],[106.86338,-6.30508],[106.86441,-6.30566]],[[106.82107,-6.29292],[106.82136,-6.29305]],[[106.86441,-6.30566],[106.86444,-6.30567],[106.86469,-6.30583],[106.86494,-6.30598]],[[106.86423,-6.30563],[106.86333,-6.30515]],[[106.85941,-6.3026],[106.85932,-6.30248]],[[106.86333,-6.30515],[106.8632,-6.30508],[106.86282,-6.30489],[106.86267,-6.30481],[106.8623,-6.30463]],[[106.80888,-6.2926],[106.80883,-6.2926],[106.8088,-6.2926]],[[106.81493,-6.29251],[106.81486,-6.29251],[106.81469,-6.2925],[106.81429,-6.29248],[106.81347,-6.29245],[106.81338,-6.29244],[106.81273,-6.29241],[106.81239,-6.2924],[106.81235,-6.2924],[106.81226,-6.29239],[106.81223,-6.29239]],[[106.8214,-6.2937],[106.82112,-6.29358],[106.82091,-6.2935],[106.82089,-6.29349]],[[106.82749,-6.29652],[106.82703,-6.29627]],[[106.82944,-6.29756],[106.82925,-6.29746],[106.82863,-6.29714],[106.82793,-6.29676],[106.82749,-6.29652]],[[106.83326,-6.29989],[106.83322,-6.29985],[106.83281,-6.29957],[106.83236,-6.29928],[106.8323,-6.29924],[106.83144,-6.29867],[106.83117,-6.29851],[106.8308,-6.2983],[106.83038,-6.29807],[106.82965,-6.29768],[106.82961,-6.29765],[106.82944,-6.29756]],[[106.83658,-6.30198],[106.83649,-6.30193]],[[106.84296,-6.30382],[106.84287,-6.3038],[106.84278,-6.30379]],[[106.84517,-6.30414],[106.84504,-6.30412],[106.84476,-6.30408],[106.84373,-6.30393]],[[106.84589,-6.30421],[106.84573,-6.30419],[106.84552,-6.30417],[106.84535,-6.30416],[106.84517,-6.30414]],[[106.8501,-6.30452],[106.84971,-6.3045],[106.84956,-6.30449],[106.84888,-6.30444],[106.84861,-6.30442]],[[106.85109,-6.30424],[106.85087,-6.30439],[106.85062,-6.30455],[106.85031,-6.30454]],[[106.85716,-6.30251],[106.85709,-6.30251],[106.85672,-6.30253],[106.85635,-6.30256],[106.85591,-6.30259],[106.85548,-6.30261],[106.85514,-6.30263],[106.8549,-6.30265]],[[106.80118,-6.29206],[106.80123,-6.29206],[106.80124,-6.29206],[106.8019,-6.29205],[106.80194,-6.29205]],[[106.82246,-6.29359],[106.8225,-6.2936]],[[106.82241,-6.29412],[106.82237,-6.2941]],[[106.81722,-6.29208],[106.81738,-6.29209]],[[106.81715,-6.29264],[106.81705,-6.29263]],[[106.81433,-6.29195],[106.81445,-6.29196],[106.81448,-6.29196]]]},"properties":{"length_km":8.2,"focus":[106.83138,-6.2981],"osm_ways":124}},{"type":"Feature","id":"fatmawati","geometry":{"type":"MultiLineString","coordinates":[[[106.79703,-6.27917],[106.79717,-6.27866],[106.79726,-6.27832],[106.79743,-6.27775],[106.79748,-6.27761]],[[106.79475,-6.30086],[106.79476,-6.30057],[106.79476,-6.30042],[106.79478,-6.29999],[106.79479,-6.29973],[106.79479,-6.29965],[106.79478,-6.29929],[106.79475,-6.29902],[106.79472,-6.29852],[106.79473,-6.29841]],[[106.79475,-6.30086],[106.79477,-6.30097],[106.79477,-6.30107],[106.79475,-6.30142],[106.79474,-6.30153],[106.79472,-6.3017],[106.79467,-6.30216],[106.79463,-6.30287],[106.79463,-6.30291],[106.7946,-6.30331],[106.79457,-6.30363],[106.79456,-6.30369],[106.79455,-6.30391],[106.79454,-6.30399],[106.79453,-6.30403],[106.79453,-6.30408],[106.79445,-6.30456],[106.79439,-6.30466]],[[106.79412,-6.30553],[106.79419,-6.30541],[106.7942,-6.30538],[106.79423,-6.30529],[106.79433,-6.30495],[106.79438,-6.30469],[106.79439,-6.30466]],[[106.79759,-6.27764],[106.7975,-6.27798],[106.79715,-6.27921]],[[106.79528,-6.29246],[106.79528,-6.29253],[106.79527,-6.29268],[106.79526,-6.29285]],[[106.79505,-6.29531],[106.79507,-6.2947],[106.79507,-6.29468],[106.79508,-6.2945],[106.79508,-6.29441],[106.79509,-6.29422],[106.7951,-6.2938],[106.79514,-6.29288]],[[106.79439,-6.30466],[106.79437,-6.30456],[106.7944,-6.30442],[106.79448,-6.30384],[106.79449,-6.30377],[106.79452,-6.30347],[106.79458,-6.30296],[106.79461,-6.30218],[106.79466,-6.30174],[106.79471,-6.30137],[106.79473,-6.30097],[106.79475,-6.30086]],[[106.79528,-6.292],[106.79528,-6.29222],[106.79528,-6.29225],[106.79528,-6.29246]],[[106.79712,-6.25653],[106.79723,-6.25556],[106.79723,-6.2555],[106.79726,-6.25524],[106.79728,-6.25501]],[[106.79562,-6.28704],[106.79556,-6.28729],[106.79549,-6.28763],[106.79546,-6.28782],[106.79544,-6.28805],[106.79544,-6.28836],[106.79544,-6.28866],[106.79545,-6.28893],[106.79546,-6.28922],[106.79546,-6.28949],[106.79546,-6.28957],[106.79545,-6.28966],[106.79544,-6.28974],[106.79542,-6.28983],[106.7954,-6.28992],[106.79537,-6.29005],[106.79533,-6.29018],[106.79532,-6.29024],[106.79531,-6.29037],[106.7953,-6.29049],[106.79529,-6.29055]],[[106.79715,-6.26391],[106.79707,-6.26365],[106.79703,-6.26355],[106.79698,-6.26336],[106.7969,-6.26313],[106.79678,-6.26276],[106.79668,-6.26242],[106.79663,-6.26223],[106.79659,-6.26201],[106.79656,-6.26184],[106.79656,-6.26173],[106.79656,-6.26164],[106.79655,-6.2615],[106.79656,-6.26133],[106.79657,-6.26118],[106.7966,-6.26087],[106.79666,-6.26022],[106.79669,-6.25986],[106.7967,-6.25979],[106.79672,-6.25952],[106.79679,-6.25876],[106.79682,-6.25845],[106.79686,-6.25804],[106.79689,-6.25776]],[[106.797,-6.25781],[106.79692,-6.25875],[106.79685,-6.25943],[106.79684,-6.25953],[106.79678,-6.26022],[106.79668,-6.26132],[106.79668,-6.26152],[106.79668,-6.26171],[106.79671,-6.26197],[106.79673,-6.26207],[106.79674,-6.26215],[106.7969,-6.26272],[106.79704,-6.26317],[106.79713,-6.26341],[106.79716,-6.26353],[106.79727,-6.26387]],[[106.79477,-6.29812],[106.79476,-6.29793],[106.79481,-6.2977],[106.79482,-6.29763],[106.79484,-6.29753],[106.79486,-6.29741],[106.795,-6.29654],[106.79501,-6.29625],[106.79502,-6.29621],[106.79503,-6.29587],[106.79505,-6.29531]],[[106.79513,-6.29528],[106.79507,-6.29654],[106.795,-6.29699],[106.79492,-6.29754],[106.7949,-6.29764],[106.79488,-6.29772],[106.79486,-6.29786],[106.79484,-6.29795],[106.79477,-6.29812]],[[106.79743,-6.26589],[106.79741,-6.26644],[106.79736,-6.26731],[106.79735,-6.26742]],[[106.79731,-6.26571],[106.79731,-6.26557],[106.79731,-6.2653],[106.7973,-6.2646],[106.79728,-6.26444],[106.79725,-6.26428],[106.79715,-6.26391]],[[106.79727,-6.26387],[106.79734,-6.26414],[106.7974,-6.26442],[106.79742,-6.26462],[106.79743,-6.2649]],[[106.79743,-6.2649],[106.79744,-6.26527],[106.79744,-6.26571]],[[106.79744,-6.26571],[106.79744,-6.2658],[106.79743,-6.26584]],[[106.79519,-6.292],[106.7952,-6.29193],[106.7952,-6.29171]],[[106.79518,-6.29246],[106.79518,-6.29225],[106.79519,-6.29223],[106.79519,-6.292]],[[106.79763,-6.27395],[106.79762,-6.27388],[106.79762,-6.27372],[106.79761,-6.27359],[106.79759,-6.27321],[106.79755,-6.27236],[106.79755,-6.27224],[106.79754,-6.27211],[106.79752,-6.27178],[106.79747,-6.2712],[106.79747,-6.27113],[106.79743,-6.27056],[106.79743,-6.27046],[106.7974,-6.27008],[106.79739,-6.26997],[106.79738,-6.26991],[106.79738,-6.26987]],[[106.7973,-6.26582],[106.79731,-6.26579],[106.79731,-6.26571]],[[106.79723,-6.26736],[106.7973,-6.26588]],[[106.7952,-6.29171],[106.7952,-6.29132]],[[106.79774,-6.27396],[106.79777,-6.2747],[106.79779,-6.2755],[106.79779,-6.27595],[106.7978,-6.27645],[106.79779,-6.27666],[106.79777,-6.27686],[106.79773,-6.27711]],[[106.79736,-6.26775],[106.79736,-6.26787],[106.79736,-6.26805],[106.79738,-6.26826],[106.79738,-6.26833],[106.7974,-6.26852],[106.79746,-6.26937],[106.79749,-6.26985]],[[106.7952,-6.29132],[106.79519,-6.29118],[106.79518,-6.29106],[106.79519,-6.29088],[106.79519,-6.2905],[106.7952,-6.29038],[106.79522,-6.29025],[106.79524,-6.29016],[106.7953,-6.28989],[106.79533,-6.28979],[106.79534,-6.2897],[106.79535,-6.28965],[106.79535,-6.28958],[106.79536,-6.28949],[106.79536,-6.28921],[106.79536,-6.28893],[106.79534,-6.28853],[106.79533,-6.28815],[106.79534,-6.28798],[106.79536,-6.2878],[106.79538,-6.28764],[106.79549,-6.28714],[106.79552,-6.287],[106.79553,-6.28695],[106.79555,-6.28687],[106.79559,-6.28668],[106.79562,-6.2865],[106.79566,-6.28631],[106.79569,-6.28608],[106.79574,-6.28571],[106.79575,-6.28564],[106.79576,-6.28554]],[[106.79752,-6.27745],[106.79753,-6.27741],[106.79758,-6.27721],[106.79761,-6.27709]],[[106.79614,-6.28213],[106.79612,-6.28238],[106.7961,-6.2828],[106.79609,-6.28284],[106.79607,-6.28329],[106.79604,-6.28371],[106.79598,-6.28459],[106.79597,-6.2847],[106.79595,-6.28491],[106.79595,-6.28492],[106.79595,-6.28493],[106.79595,-6.28495],[106.79591,-6.28526],[106.79587,-6.28555]],[[106.79773,-6.27711],[106.7977,-6.27725],[106.79763,-6.27748]],[[106.79528,-6.29165],[106.79528,-6.29193],[106.79528,-6.292]],[[106.79529,-6.29055],[106.79528,-6.29126],[106.79528,-6.29129],[106.79528,-6.29148],[106.79528,-6.29155],[106.79528,-6.29165]],[[106.79475,-6.29826],[106.79474,-6.29831],[106.79473,-6.29841]],[[106.79526,-6.29285],[106.7952,-6.2938],[106.79519,-6.29386],[106.79519,-6.29408],[106.79517,-6.2945],[106.79517,-6.29461],[106.79516,-6.29468],[106.79516,-6.2947],[106.79513,-6.29528]],[[106.79514,-6.29288],[106.79517,-6.29258],[106.79517,-6.29253],[106.79518,-6.29246]],[[106.79477,-6.29812],[106.79475,-6.29826]],[[106.79594,-6.28376],[106.79596,-6.28332]],[[106.79601,-6.28237],[106.79605,-6.28206],[106.79608,-6.28188],[106.79612,-6.28176],[106.79615,-6.28163],[106.79619,-6.28147],[106.79622,-6.28139],[106.79628,-6.28116],[106.7963,-6.28109],[106.79636,-6.28088],[106.79637,-6.28083],[106.79646,-6.28054],[106.79651,-6.28043],[106.79662,-6.28018],[106.79676,-6.27987],[106.79681,-6.27975],[106.79697,-6.27938],[106.79701,-6.27924]],[[106.79715,-6.27921],[106.79713,-6.27927]],[[106.79748,-6.27761],[106.79752,-6.27745]],[[106.79763,-6.27748],[106.79759,-6.27764]],[[106.797,-6.25781],[106.797,-6.25776]],[[106.79701,-6.25652],[106.79703,-6.25633],[106.79706,-6.25598],[106.79711,-6.2555],[106.79714,-6.2552],[106.79717,-6.255]],[[106.79729,-6.25496],[106.7973,-6.25479]],[[106.797,-6.25776],[106.79711,-6.25668],[106.79712,-6.25657]],[[106.79728,-6.25501],[106.79729,-6.25496]],[[106.79717,-6.255],[106.79718,-6.25484]],[[106.79712,-6.25657],[106.79712,-6.25653]],[[106.79689,-6.25776],[106.79692,-6.25741],[106.79697,-6.25698],[106.79699,-6.25673],[106.79701,-6.25652]],[[106.79735,-6.26742],[106.79735,-6.26746],[106.79736,-6.26775]],[[106.79596,-6.28332],[106.79596,-6.28323],[106.79599,-6.28283],[106.79599,-6.2828],[106.79601,-6.28237]],[[106.79713,-6.27927],[106.79713,-6.27929],[106.79712,-6.27931],[106.79708,-6.27944],[106.79703,-6.27957],[106.79691,-6.27986],[106.79682,-6.28005],[106.79663,-6.28045],[106.79657,-6.2806],[106.79649,-6.28084],[106.79638,-6.28118],[106.79637,-6.28124],[106.7963,-6.28149],[106.79625,-6.28165],[106.79619,-6.2819],[106.79614,-6.28213]],[[106.79701,-6.27924],[106.79703,-6.27917]],[[106.79743,-6.26584],[106.79743,-6.26589]],[[106.79749,-6.26985],[106.7975,-6.2699],[106.7975,-6.26997],[106.79751,-6.27007],[106.79754,-6.27044],[106.79756,-6.27082],[106.79757,-6.27089],[106.79759,-6.27118],[106.7976,-6.27127],[106.79761,-6.2714],[106.79763,-6.27178]],[[106.79738,-6.26987],[106.7973,-6.26889],[106.79727,-6.26846],[106.79726,-6.26834],[106.79725,-6.26823],[106.79725,-6.26806],[106.79725,-6.26799],[106.79724,-6.26794],[106.79723,-6.26772],[106.79723,-6.26745],[106.79723,-6.26741]],[[106.79723,-6.26741],[106.79723,-6.26736]],[[106.7973,-6.26588],[106.7973,-6.26582]],[[106.79587,-6.28555],[106.79586,-6.28565],[106.79585,-6.28571],[106.79579,-6.2861],[106.79574,-6.28639],[106.79572,-6.28653],[106.79569,-6.28666],[106.79564,-6.28689],[106.79562,-6.28704]],[[106.79576,-6.28554],[106.7958,-6.28525],[106.79583,-6.28499],[106.79584,-6.28494],[106.79584,-6.28491],[106.79587,-6.28465],[106.7959,-6.28433],[106.79594,-6.28376]],[[106.79761,-6.27709],[106.79765,-6.27687],[106.79767,-6.2767],[106.79768,-6.27653],[106.79768,-6.27648],[106.79768,-6.27642],[106.79767,-6.27596],[106.79767,-6.27566],[106.79766,-6.27509],[106.79764,-6.27447],[106.79763,-6.27395]],[[106.79763,-6.27178],[106.79765,-6.27207],[106.79768,-6.27246],[106.7977,-6.27285],[106.79773,-6.27365],[106.79774,-6.27386],[106.79774,-6.27396]]]},"properties":{"length_km":5.7,"focus":[106.79646,-6.28054],"osm_ways":64}},{"type":"Feature","id":"pasar-minggu","geometry":{"type":"MultiLineString","coordinates":[[[106.83993,-6.30093],[106.83997,-6.30046],[106.84001,-6.3],[106.84005,-6.2995],[106.84009,-6.29909]],[[106.84457,-6.28318],[106.8445,-6.28358]],[[106.84374,-6.28674],[106.8438,-6.28655]],[[106.84441,-6.26631],[106.84466,-6.26672],[106.84504,-6.26728],[106.84542,-6.26779],[106.84554,-6.26796],[106.8457,-6.26817],[106.84579,-6.26833],[106.84581,-6.26836],[106.84587,-6.26848],[106.84601,-6.26875],[106.84603,-6.26882],[106.84621,-6.26924],[106.84633,-6.26949],[106.84634,-6.26955],[106.84636,-6.2696],[106.84648,-6.27013],[106.8465,-6.27023],[106.84656,-6.27073],[106.84656,-6.27094],[106.84656,-6.27102],[106.84657,-6.27115],[106.84657,-6.2714],[106.84657,-6.27154],[106.84656,-6.27172],[106.84656,-6.2718],[106.84654,-6.27266],[106.84654,-6.27273],[106.84652,-6.27318],[106.84651,-6.27343],[106.84649,-6.27377],[106.84649,-6.27381],[106.8464,-6.27428],[106.84639,-6.27435],[106.84613,-6.27558],[106.84589,-6.27677],[106.84582,-6.27709],[106.84575,-6.27739],[106.84543,-6.27879],[106.8451,-6.28022],[106.84458,-6.2831],[106.84457,-6.28318]],[[106.84469,-6.2821],[106.8448,-6.2815],[106.84483,-6.28128],[106.84503,-6.28021],[106.84535,-6.27877],[106.84538,-6.27866]],[[106.84363,-6.28787],[106.84362,-6.28789],[106.8436,-6.28791],[106.84357,-6.28791],[106.84356,-6.28791],[106.8435,-6.2879]],[[106.84419,-6.28497],[106.84443,-6.28359]],[[106.84412,-6.28538],[106.84419,-6.28497]],[[106.84381,-6.28682],[106.84359,-6.28783]],[[106.84359,-6.28783],[106.84356,-6.288]],[[106.84418,-6.2854],[106.84388,-6.28656]],[[106.84426,-6.28498],[106.84418,-6.2854]],[[106.84068,-6.29529],[106.84082,-6.29483],[106.84151,-6.29301],[106.84331,-6.28861],[106.84345,-6.28822],[106.84347,-6.28813],[106.84349,-6.28795],[106.8435,-6.2879]],[[106.8435,-6.2879],[106.84354,-6.2877]],[[106.84424,-6.28541],[106.84394,-6.28656],[106.84392,-6.28666],[106.8439,-6.28671],[106.84387,-6.28683]],[[106.8441,-6.28493],[106.84414,-6.28475],[106.84418,-6.28451],[106.8442,-6.28442],[106.84432,-6.28375],[106.84441,-6.28325]],[[106.84538,-6.27866],[106.84549,-6.27821],[106.84551,-6.27812],[106.84562,-6.27766],[106.84564,-6.2776],[106.84565,-6.27754],[106.84569,-6.27737],[106.84573,-6.27719],[106.84586,-6.27654],[106.84594,-6.27615],[106.84602,-6.27574],[106.84604,-6.27564],[106.84608,-6.27547],[106.84619,-6.27494],[106.84641,-6.27386],[106.84642,-6.27376],[106.84646,-6.2734],[106.84646,-6.27329],[106.84646,-6.27323],[106.84648,-6.27235],[106.84649,-6.27199],[106.8465,-6.27171],[106.8465,-6.27115],[106.84649,-6.27092],[106.84648,-6.27072],[106.84643,-6.27024],[106.84641,-6.27015],[106.84629,-6.26963],[106.84625,-6.26952],[106.84621,-6.26941],[106.84608,-6.26913],[106.84593,-6.26879],[106.84584,-6.26863],[106.84573,-6.26843],[106.84572,-6.26841],[106.84565,-6.2683],[106.84553,-6.26811],[106.84535,-6.26787],[106.84531,-6.26781],[106.84527,-6.26776],[106.84513,-6.26757],[106.84498,-6.26735],[106.84466,-6.26688],[106.84459,-6.26677],[106.84448,-6.26659],[106.84443,-6.2665],[106.84435,-6.26637]],[[106.84402,-6.28535],[106.84404,-6.28525]],[[106.84374,-6.28674],[106.84374,-6.28669],[106.84374,-6.28662],[106.84377,-6.28647],[106.84396,-6.28563]],[[106.8395,-6.30363],[106.83954,-6.30347],[106.83965,-6.30286]],[[106.84078,-6.29477],[106.84118,-6.29366],[106.84121,-6.29358],[106.84135,-6.29322],[106.84145,-6.29299],[106.84159,-6.29264],[106.84178,-6.29215],[106.84223,-6.29104],[106.84238,-6.29066],[106.84324,-6.28856],[106.84336,-6.2882],[106.84339,-6.28808],[106.84342,-6.28794],[106.84344,-6.28788]],[[106.8397,-6.30254],[106.83984,-6.30163],[106.83987,-6.30133]],[[106.83966,-6.3028],[106.83969,-6.30265]],[[106.84427,-6.28528],[106.84424,-6.28541]],[[106.84404,-6.28525],[106.84405,-6.2852]],[[106.84009,-6.29909],[106.84009,-6.29902],[106.8401,-6.29889]],[[106.84016,-6.29816],[106.84021,-6.29773],[106.84022,-6.29757],[106.84024,-6.29748],[106.84038,-6.29654],[106.84053,-6.29583],[106.84061,-6.29549],[106.84068,-6.29529]],[[106.83969,-6.30265],[106.8397,-6.30254]],[[106.84015,-6.29833],[106.84016,-6.29822],[106.84016,-6.29816]],[[106.84344,-6.28788],[106.84348,-6.28779],[106.84354,-6.2877]],[[106.84387,-6.28683],[106.84369,-6.28769],[106.84363,-6.28787]],[[106.84433,-6.28497],[106.84429,-6.28517],[106.84427,-6.28528]],[[106.83965,-6.30286],[106.83966,-6.3028]],[[106.8401,-6.29889],[106.84015,-6.29833]],[[106.84354,-6.2877],[106.84362,-6.28729],[106.84366,-6.28714],[106.8437,-6.28695],[106.84374,-6.28676],[106.84374,-6.28674]],[[106.84396,-6.28563],[106.84399,-6.28548]],[[106.84443,-6.28359],[106.8446,-6.28258]],[[106.8438,-6.28655],[106.84412,-6.28538]],[[106.8445,-6.28358],[106.84426,-6.28498]],[[106.84435,-6.26637],[106.84429,-6.26626],[106.84415,-6.26599]],[[106.84423,-6.26597],[106.84436,-6.26622],[106.84441,-6.26631]],[[106.83987,-6.30133],[106.83993,-6.30095],[106.83993,-6.30093]],[[106.84447,-6.28293],[106.84452,-6.28276],[106.84454,-6.28271],[106.84456,-6.28267],[106.8446,-6.28258],[106.84461,-6.28252],[106.84469,-6.2821]],[[106.84441,-6.28325],[106.84444,-6.28305]],[[106.84457,-6.28318],[106.84458,-6.28335],[106.84458,-6.28345],[106.84457,-6.28357],[106.84456,-6.28364],[106.84448,-6.2841],[106.84439,-6.28455],[106.84436,-6.28478],[106.84433,-6.28497]],[[106.84388,-6.28656],[106.84381,-6.28682]],[[106.84068,-6.29529],[106.84076,-6.29481],[106.84078,-6.29477]],[[106.84405,-6.2852],[106.84406,-6.28513],[106.8441,-6.28493]],[[106.84444,-6.28305],[106.84447,-6.28293]],[[106.84399,-6.28548],[106.84402,-6.28535]]]},"properties":{"length_km":4.4,"focus":[106.84447,-6.28293],"osm_ways":50}}]}